ID,Marchio,Profumo,Concentrazione,Descrizione,Testa,Cuore,Fondo,Note non stratificate,Famiglia analitica,Flacone,Fonte note,Fonte immagine
p001,Chanel,N°5,Eau de Parfum,"Un fiorito astratto in cui l’effetto aldeidico incornicia rosa, gelsomino e una base morbida.","Aldehydes, Bergamot, Lemon, Neroli","Iris, Jasmine, Rose, Lily of the valley","Sandalwood, Vanilla, Vetiver, Amber",,Fiori,Flacone rettangolare; tappo e rivestimento variano fra vaporizzatore e formati da viaggio,https://www.parfumo.com/Perfumes/Chanel/N5_Eau_de_Parfum,https://media.parfumo.com/perfumes/23/23c42a-n-5-eau-de-parfum-chanel_1200.jpg?width=720&aspect_ratio=1:1
p002,Chanel,N°19,Eau de Parfum,"Apertura di galbano, giacinto, bergamotto. Il cuore mette in relazione iris, gelsomino, mughetto. Sul fondo: muschio di quercia, muschio, legno di cedro.","Galbanum, Hyacinth, Bergamot, Neroli","Iris, Jasmine, Lily of the valley, Narcissus, Rose, Ylang-ylang","Oakmoss, Musk, Cedarwood, Leather, Sandalwood",,Fiori,Rettangolo trasparente e tappo squadrato,https://www.parfumo.com/Perfumes/Chanel/N19_Eau_de_Parfum,https://media.parfumo.com/perfumes/34/34b89d-n-19-eau-de-parfum-chanel_1200.jpg?width=480&aspect_ratio=1:1
p003,Chanel,Cristalle,Eau de Toilette,"Apertura di limone, bergamotto. Il cuore mette in relazione giacinto, caprifoglio, palissandro. Sul fondo: muschio di quercia, Jasmine absolute, Vetiver.","Lemon, Bergamot","Hyacinth, Honeysuckle, Rosewood","Oakmoss, Jasmine absolute, Vetiver",,Fiori,Flacone rettangolare alto con tappo nero,https://www.parfumo.com/Perfumes/Chanel/Cristalle_Cristal_Eau_de_Toilette,https://media.parfumo.com/perfumes/f3/f3ed10-cristalle-cristal-eau-de-toilette-chanel_1200.jpg?width=240&aspect_ratio=1:1
p004,Chanel,Coco,Eau de Parfum,"Apertura di Frangipani, mandarino, coriandolo. Il cuore mette in relazione angelica, Ylang-ylang, fiori d’arancio. Sul fondo: benzoino, incenso, miele.","Frangipani, Mandarin orange, Coriander, Pimento","Angelica, Ylang-ylang, Orange blossom, Rose, Cinnamon, Iris, Jasmine","Benzoin, Frankincense, Honey, Patchouli, Amber, Civet, Musk, Tonka bean",,Fiori,Rettangolo in vetro e tappo nero con bordi dorati,https://www.parfumo.com/Perfumes/Chanel/Coco,https://media.parfumo.com/perfumes/b8/b89eb6_coco-eau-de-parfum-chanel_1200.jpg?width=720&aspect_ratio=1:1
p005,Chanel,Coco Mademoiselle,Eau de Parfum,"Apertura di arancia, mandarino, bergamotto. Il cuore mette in relazione gelsomino, Mimosa, Ylang-ylang. Sul fondo: Patchouli, Vetiver, muschi bianchi.","Orange, Mandarin orange, Bergamot, Orange blossom","Jasmine, Mimosa, Ylang-ylang, Rose","Patchouli, Vetiver, White musk, Opoponax, Tonka bean, Vanilla",,Fiori,Rettangolo trasparente con tappo sfaccettato,https://www.parfumo.com/Perfumes/Chanel/Coco_Mademoiselle,https://fimgs.net/mdimg/perfume/375x500.611.jpg
p006,Chanel,Chance,Eau de Parfum,"Apertura di pepe rosa. Il cuore mette in relazione gelsomino, iris. Sul fondo: Patchouli, muschio, vaniglia.",Pink Pepper,"Jasmine, iris","Patchouli, Musk, Vanilla",,Fiori,Disco in vetro con fascia metallica,https://github.com/ThatCoryGirl/Project4-Perfume,https://fimgs.net/mdimg/perfume/375x500.31351.jpg
p007,Chanel,Allure,Eau de Parfum,"Un profilo che riunisce mandarino, May rose, vaniglia. Le note sono dichiarate senza una sequenza temporale.",,,,"Mandarin orange, May rose, Vanilla",Agrumi,Rettangolo ambrato con tappo chiaro,https://www.chanel.com/us/fragrance/p/112530/allure-eau-de-parfum-spray/,
p008,Chanel,Égoïste,Eau de Toilette,"Apertura di coriandolo, palissandro, mogano. Il cuore mette in relazione cannella, Carnation, rosa. Sul fondo: sandalo, tabacco, vaniglia.","Coriander, Rosewood, Mahogany, Mandarin orange","Cinnamon, Carnation, Rose","Sandalwood, Tobacco, Vanilla, Amber, Leather",,Legni e radici,Rettangolo basso con tappo nero,https://www.parfumo.com/Perfumes/Chanel/Egoiste_Eau_de_Toilette,
p009,Chanel,Platinum Égoïste,Eau de Toilette,"Apertura di lavanda, Neroli, Petitgrain. Il cuore mette in relazione salvia sclarea, geranio, galbano. Sul fondo: legno di cedro, muschio di quercia, sandalo.","Lavender, Neroli, Petitgrain, Rosemary","Clary sage, Geranium, Galbanum, Jasmine","Cedar, Oakmoss, Sandalwood, Amber, Vetiver",,Fiori,Rettangolo trasparente con tappo argentato,https://www.parfumo.com/Perfumes/Chanel/Platinum_Egoiste_Eau_de_Toilette,
p010,Chanel,Bleu de Chanel,Eau de Toilette,"Apertura di note agrumate, pepe rosa, Vetiver. Il cuore mette in relazione pompelmo, legno di cedro, labdano. Sul fondo: zenzero, sandalo, incenso.","Citrus notes, Pink pepper, Vetiver","Grapefruit, Cedar, Labdanum","Ginger, Sandalwood, Frankincense",,Legni e radici,Rettangolo blu scuro con tappo cilindrico,https://www.parfumo.com/Perfumes/Chanel/Bleu_de_Chanel,https://fimgs.net/mdimg/perfume/375x500.9099.jpg
p011,Chanel,Pour Monsieur,Eau de Toilette,"Apertura di limone, Neroli, verbena. Il cuore mette in relazione basilico, zenzero, cardamomo. Sul fondo: muschio di quercia, Vetiver, legno di cedro.","Lemon, Neroli, Vervain, Orange","Basil, Ginger, Cardamom, Coriander","Oakmoss, Vetiver, Cedarwood",,Spezie,"Flacone rettangolare sobrio, etichetta chiara",https://www.parfumo.com/Perfumes/Chanel/Pour_Monsieur_A_Gentleman_s_Cologne_For_Men,
p012,Chanel,Coromandel,Eau de Parfum,"Apertura di arancia amara, agrumi, Neroli. Il cuore mette in relazione Patchouli, rizoma di iris, gelsomino. Sul fondo: accordo ambrato, benzoino, incenso.","Bitter orange, Citrus fruits, Neroli","Patchouli, Orris root, Jasmine, Rose","Amber, Benzoin, Frankincense, Musk, Vanilla, White chocolate, Woods",,Fiori,"Flacone rettangolare della linea Les Exclusifs, tappo nero",https://www.parfumo.com/Perfumes/Chanel/Les_Exclusifs_de_Chanel__Coromandel_Eau_de_Parfum,
p013,Guerlain,Jicky,Eau de Parfum,"Apertura di limone, bergamotto, rosmarino. Il cuore mette in relazione lavanda, basilico, rizoma di iris. Sul fondo: zibetto, benzoino, fava tonka.","Lemon, Bergamot, Rosemary, Mandarin orange","Lavender, Basil, Orris root, Patchouli, Rose, Jasmine, Vetiver","Civet, Benzoin, Tonka bean, Vanilla, Ambergris, Frankincense, Rosewood, Sandalwood, Spices, Leather",,Fiori,Flacone storico e riedizioni Les Légendaires: forma dipendente dall’edizione,https://www.parfumo.com/Perfumes/Guerlain/Jicky,
p014,Guerlain,Shalimar,Eau de Parfum,Bergamotto e vaniglia costruiscono un contrasto fra luce agrumata e calore balsamico.,"Bergamot, Blossoms","Iris, Jasmine, Rose","Vanilla, Balsamic notes, Tonka bean",,Fiori,Flacone a ventaglio con tappo blu,https://www.parfumo.com/Perfumes/Guerlain/Shalimar,https://fimgs.net/mdimg/perfume/375x500.53.jpg
p015,Guerlain,Mitsouko,Eau de Parfum,"La pesca addolcisce una struttura di muschio di quercia, spezie e vetiver.","Bergamot, Citrus fruits, Jasmine, Rose","Peach, Ylang-ylang, Lilac","Oakmoss, Spices, Ambergris, Vetiver, Cinnamon",,Fiori,Flacone dalle spalle curve e tappo a cuore rovesciato nelle edizioni storiche,https://www.parfumo.com/Perfumes/Guerlain/Mitsouko,
p016,Guerlain,L'Heure Bleue,Eau de Parfum,"Apertura di anice, bergamotto. Il cuore mette in relazione Carnation, Neroli. Sul fondo: iris, vaniglia, benzoino.","Aniseed, Bergamot","Carnation, Neroli","Iris, Vanilla, Benzoin, Tonka bean, Violet",,Fiori,Flacone dalle spalle curve e tappo a cuore rovesciato nelle edizioni storiche,https://www.parfumo.com/Perfumes/Guerlain/L_Heure_Bleue,https://fimgs.net/mdimg/perfume/375x500.208.jpg
p017,Guerlain,Habit Rouge,Eau de Toilette,"Apertura di Green lemon, arancia amara. Il cuore mette in relazione Patchouli. Sul fondo: vaniglia, benzoino, cuoio.","Green lemon, Bitter orange",Patchouli,"Vanilla, Benzoin, Leather",,Agrumi,Flacone geometrico maschile; confezione dipendente dall’edizione,https://www.parfumo.com/Perfumes/Guerlain/Habit_Rouge,
p018,Guerlain,Vetiver,Eau de Toilette,"Apertura di bergamotto, limone, arancia. Il cuore mette in relazione noce moscata, pepe. Sul fondo: Vetiver, tabacco, fava tonka.","Bergamot, Lemon, Orange","Nutmeg, Pepper","Vetiver, Tobacco, Tonka bean",,Agrumi,Flacone rettangolare maschile; confezione dipendente dall’edizione,https://www.parfumo.com/Perfumes/Guerlain/Vetiver,
p019,Guerlain,Samsara,Eau de Parfum,Il sandalo sostiene un bouquet fiorito dal carattere morbido e avvolgente.,"Ylang-ylang, Green notes, Peach, Bergamot, Lemon","Carnation, Jasmine, Narcissus, Orris root, Rose, Violet","Sandalwood, Tonka bean, Vanilla, Amber, Iris, Musk",,Fiori,Flacone rosso nelle edizioni storiche; forme diverse nelle riedizioni,https://www.parfumo.com/Perfumes/Guerlain/Samsara,
p020,Guerlain,Mon Guerlain,Eau de Parfum,"Apertura di True lavender, bergamotto. Il cuore mette in relazione Indian jasmine sambac, iris. Sul fondo: Tahitian vanilla, Australian sandalwood.","True lavender, Bergamot","Indian jasmine sambac, Iris","Tahitian vanilla, Australian sandalwood",,Fiori,Flacone quadrilobato trasparente e collarino metallico,https://www.parfumo.com/Perfumes/Guerlain/Mon_Guerlain,https://fimgs.net/mdimg/perfume/375x500.43297.jpg
p021,Guerlain,La Petite Robe Noire,Eau de Parfum,"Un profilo che riunisce mandorla, Black cherry, bergamotto, Bulgarian rose, Red fruits. Le note sono dichiarate senza una sequenza temporale.",,,,"Almond, Black cherry, Bergamot, Bulgarian rose, Red fruits, Turkish rose absolute",Frutti,Flacone dalle spalle curve con silhouette di abito,https://www.parfumo.com/Perfumes/Guerlain/La_Petite_Robe_Noire,
p022,Guerlain,L'Instant de Guerlain,Eau de Parfum,"Un profilo che riunisce note agrumate, miele, Magnolia, gelsomino sambac, Ylang-ylang. Le note sono dichiarate senza una sequenza temporale.",,,,"Citrus notes, Honey, Magnolia, Jasmine sambac, Ylang-ylang, Amber",Fiori,Vetro trasparente dalle linee curve; riedizioni con flacone diverso,https://www.guerlain.com/us/en-us/p/les-legendaires-linstant-de-guerlain---eau-de-parfum-G014319.html,
p023,Dior,Miss Dior Original (1947),Eau de Toilette,"Un chypre floreale della tradizione: verde, fiori e fondo muschiato-legnoso.","Galbanum, Bergamot","Gardenia, Jasmine, Rose","Oakmoss, Ambergris, Sandalwood, Patchouli",,Fiori,Flacone geometrico con motivo pied-de-poule nelle edizioni storiche,https://www.parfumo.com/Perfumes/Dior/Miss_Dior,
p024,Dior,Diorissimo,Eau de Toilette,"Apertura di foglie verdi, bergamotto. Il cuore mette in relazione mughetto, lillà, Amaryllis. Sul fondo: sandalo, zibetto.","Green leaves, Bergamot","Lily of the valley, Lilac, Amaryllis, Jasmine, Lily, Rosemary, Ylang-ylang, Boronia","Sandalwood, Civet",,Fiori,Flacone trasparente con tappo sferico,https://www.parfumo.com/Perfumes/Dior/Diorissimo_1956_Eau_de_Toilette,
p025,Dior,Eau Sauvage,Eau de Toilette,"Apertura di limone, bergamotto, basilico. Il cuore mette in relazione Carnation, coriandolo, gelsomino. Sul fondo: muschio di quercia, muschio, Vetiver.","Lemon, Bergamot, Basil, Lavender, Rosemary, Cumin, Fruity notes","Carnation, Coriander, Jasmine, Sandalwood, Orris root, Patchouli, Rose","Oakmoss, Musk, Vetiver, Amber",,Fiori,Flacone in vetro scanalato con fascia ed etichetta,https://www.parfumo.com/Perfumes/Dior/Eau_Sauvage_Eau_de_Toilette,https://fimgs.net/mdimg/perfume/375x500.231.jpg
p026,Dior,Poison,Eau de Toilette,"Apertura di Orange honey, coriandolo, prugna. Il cuore mette in relazione tuberosa, Carnation, opoponax. Sul fondo: eliotropio, vaniglia, accordo ambrato.","Orange honey, Coriander, Plum, Pimento, Rosewood, Wild berries, Aniseed","Tuberose, Carnation, Opoponax, Frankincense, Jasmine, Neroli, Cinnamon, Rose","Heliotrope, Vanilla, Amber, Cedar, Musk, Sandalwood, Vetiver",,Fiori,"Flacone viola scuro arrotondato, ispirato a un frutto",https://www.parfumo.com/Perfumes/Dior/Poison_Eau_de_Toilette,https://fimgs.net/mdimg/perfume/375x500.218.jpg
p027,Dior,Hypnotic Poison,Eau de Toilette,"Apertura di cocco, albicocca, pimento. Il cuore mette in relazione gelsomino, tuberosa, mughetto. Sul fondo: vaniglia, mandorla, sandalo.","Coconut, Apricot, Pimento, Plum","Jasmine, Tuberose, Lily of the valley, Rose, Rosewood","Vanilla, Almond, Sandalwood",,Fiori,Flacone rosso arrotondato con tappo scuro,https://www.parfumo.com/Perfumes/Dior/Hypnotic_Poison,https://fimgs.net/mdimg/perfume/375x500.219.jpg
p028,Dior,J'adore,Eau de Parfum,"Un bouquet di ylang-ylang, rosa e gelsomino come tema centrale.",Comorian ylang-ylang,Damask rose,"Jasmine sambac, Grasse jasmine",,Fiori,Flacone ad anfora e collo allungato dorato,https://www.parfumo.com/Perfumes/Dior/J_Adore,https://fimgs.net/mdimg/perfume/375x500.210.jpg
p029,Dior,Fahrenheit,Eau de Toilette,La foglia di violetta incontra il cuoio su una struttura legnosa.,"Cedar, Chamomile, Lavender, Mandarin orange, Bergamot, Hawthorn, Lemon, Mace","Violet leaf, Cedar, Nutmeg, Sandalwood, Carnation, Honeysuckle, Jasmine, Lily of the valley","Leather, Musk, Patchouli, Vetiver, Amber, Tonka bean",,Fiori,"Flacone alto a spalle arrotondate, sfumatura rosso-ambra",https://www.parfumo.com/Perfumes/Dior/Fahrenheit_Eau_de_Toilette,
p030,Dior,Dior Homme Intense (2011),Eau de Parfum,Apertura di Florentine iris absolute. Il cuore mette in relazione Ecuadorian ambrette seed. Sul fondo: Virginia cedar.,Florentine iris absolute,Ecuadorian ambrette seed,Virginia cedar,,Legni e radici,Flacone rettangolare trasparente con tappo nero,https://www.parfumo.com/Perfumes/Dior/Dior_Homme_Intense_2011,
p031,Dior,Sauvage,Eau de Toilette,"Un profilo che riunisce Ambrox, Sichuan pepper, Calabrian bergamot, pepe rosa, lavanda. Le note sono dichiarate senza una sequenza temporale.",,,,"Ambrox, Sichuan pepper, Calabrian bergamot, Pink pepper, Lavender, Elemi resin, Geranium, Patchouli, Vetiver",Resine e ambrati,Cilindro di vetro sfumato blu scuro e tappo nero,https://www.parfumo.com/Perfumes/Dior/Sauvage_Eau_de_Toilette,https://fimgs.net/mdimg/perfume/375x500.31861.jpg
p032,Dior,Dune,Eau de Toilette,"Apertura di aldeidi, mandarino, Brazilian rosewood. Il cuore mette in relazione Ylang-ylang, gelsomino, rosa. Sul fondo: sandalo, muschio, Patchouli.","Aldehydes, Mandarin orange, Brazilian rosewood, Bergamot, Peony","Ylang-ylang, Jasmine, Rose, Lily","Sandalwood, Musk, Patchouli, Ambergris, Benzoin, Oakmoss, Vanilla",,Fiori,Flacone semicircolare con tappo color sabbia,https://www.parfumo.com/Perfumes/Dior/Dune,
p033,Dior,Fève Délicieuse,Concentrazione non registrata,Tonka e vaniglia dialogano con cacao e sfumature golose.,"Lavender, Mint, Bergamot","Sour cherry, Freesia, Jasmine","Tonka bean, Vanilla, Cacao, Caramel, Praline, Milk, Benzoin, Sandalwood, Leather, Cedar",,Dolci e gourmand,Cilindro della collezione privata Dior con tappo nero,https://www.fragrantica.fr/parfum/Dior/Feve-Delicieuse-30164.html,https://fimgs.net/mdimg/perfume/375x500.30164.jpg
p034,Dior,Oud Ispahan,Concentrazione non registrata,"Apertura di labdano. Il cuore mette in relazione Patchouli. Sul fondo: oud, rosa, sandalo.",Labdanum,Patchouli,"Oud, Rose, Sandalwood",,Legni e radici,Cilindro della collezione privata Dior con tappo nero,https://www.parfumo.com/Perfumes/Dior/La_Collection_Privee_Oud_Ispahan,
p035,Yves Saint Laurent,Opium,Eau de Toilette,"Apertura di chiodi di garofano, bergamotto, coriandolo. Il cuore mette in relazione Carnation, cannella, rizoma di iris. Sul fondo: mirra, incenso, opoponax.","Clove, Bergamot, Coriander, Laurel, Pepper, Plum, Citrus fruits, Jasmine, Mandarin orange","Carnation, Cinnamon, Orris root, Patchouli, Peach, Sandalwood, Lily of the valley, Rose","Myrrh, Frankincense, Opoponax, Tolu balm, Amber, Benzoin, Cedar, Cistus, Musk, Sandalwood, Vanilla, Vetiver, Coconut",,Resine e ambrati,Flacone ambrato con finestra circolare; geometria diversa fra edizioni,https://www.parfumo.com/Perfumes/Yves_Saint_Laurent/Opium_1977_Eau_de_Toilette,
p036,Yves Saint Laurent,Paris,Eau de Toilette,"Apertura di note verdi, bergamotto, Cassia. Il cuore mette in relazione rosa, violetta, gelsomino. Sul fondo: muschio, legno di cedro, eliotropio.","Green notes, Bergamot, Cassia, Geranium, Hawthorn, Hyacinth, Mimosa, Orange blossom, Indian cress","Rose, Violet, Jasmine, Lily, Lily of the valley, Orris root, Lime blossom, Ylang-ylang","Musk, Cedarwood, Heliotrope, Iris, Sandalwood, Amber, Oakmoss",,Fiori,Flacone sfaccettato trasparente e tappo geometrico,https://www.parfumo.com/Perfumes/Yves_Saint_Laurent/Paris_Eau_de_Toilette,
p037,Yves Saint Laurent,Rive Gauche,Eau de Toilette,Un fiorito aldeidico con rosa e una base verde e muschiata.,"Aldehydes, Bergamot, Ylang-ylang, Freesia","Rose, Jasmine","Myrrh, Oakmoss, Vetiver, Musk",,Fiori,"Contenitore cilindrico con fasce blu, nere e argento",https://www.parfumo.com/Perfumes/Yves_Saint_Laurent/Rive_Gauche,
p038,Yves Saint Laurent,Kouros,Eau de Toilette,"Un aromatico complesso che accosta lavanda, spezie e note animali.","Aldehydes, Bergamot, Clary sage, Coriander, Tarragon","Carnation, Geranium, Jasmine, Orris root, Patchouli, Vetiver, Cinnamon","Civet, Musk, Oakmoss, Amber, Frankincense, Honey, Leather, Tonka bean, Vanilla",,Fiori,Flacone bianco opaco a forma di colonna,https://www.parfumo.com/Perfumes/Yves_Saint_Laurent/Kouros_Eau_de_Toilette,
p039,Yves Saint Laurent,La Nuit de L'Homme,Eau de Toilette,"Apertura di cardamomo, bergamotto. Il cuore mette in relazione lavanda, pepe nero, legno di cedro. Sul fondo: fava tonka, Vetiver.","Cardamom, Bergamot","Lavender, Black pepper, Cedarwood","Tonka bean, Vetiver",,Spezie,Flacone tozzo con grande tappo esagonale scuro,https://www.parfumo.com/Perfumes/Yves_Saint_Laurent/La_Nuit_de_L_Homme_Eau_de_Toilette,https://fimgs.net/mdimg/perfume/375x500.5521.jpg
p040,Yves Saint Laurent,Black Opium,Eau de Parfum,"Apertura di fiori d’arancio, pepe rosa. Il cuore mette in relazione caffè, gelsomino. Sul fondo: vaniglia, legno di cedro, Patchouli.","Orange blossom, Pink pepper","Coffee, Jasmine","Vanilla, Cedar, Patchouli",,Legni e radici,Flacone scuro scintillante con apertura circolare centrale,https://www.parfumo.com/Perfumes/Yves_Saint_Laurent/Black_Opium,https://fimgs.net/mdimg/perfume/375x500.25324.jpg
p041,Yves Saint Laurent,Libre,Eau de Parfum,"Apertura di Neroli, mandarino. Il cuore mette in relazione French lavender, Moroccan orange blossom absolute, Jasmine sambac absolute. Sul fondo: Bourbon vanilla, muschio, ambra grigia.","Neroli, Mandarin orange","French lavender, Moroccan orange blossom absolute, Jasmine sambac absolute","Bourbon vanilla, Musk, Ambergris, Cedar",,Fiori,Flacone rettangolare con monogramma metallico laterale,https://www.parfumo.com/Perfumes/Yves_Saint_Laurent/libre-eau-de-parfum,https://fimgs.net/mdimg/perfume/375x500.56077.jpg
p042,Yves Saint Laurent,Y,Eau de Parfum,"Apertura di mela, aldeidi, bergamotto. Il cuore mette in relazione bacca di ginepro, lavanda, salvia. Sul fondo: Operanide®, fava tonka, Vetiver.","Apple, Aldehydes, Bergamot, Elemi resin, Ginger","Juniper berry, Lavender, Sage, Geranium absolute","Operanide®, Tonka bean, Vetiver, Frankincense",,Resine e ambrati,Flacone rettangolare con elemento metallico a Y,https://www.parfumo.com/Perfumes/Yves_Saint_Laurent/Y_Eau_de_Parfum,https://fimgs.net/mdimg/perfume/375x500.50757.jpg
p043,Yves Saint Laurent,M7,Eau de Toilette,"Apertura di mandarino, rosmarino, bergamotto. Il cuore mette in relazione oud, Vetiver. Sul fondo: accordo ambrato, Mandragora, muschio.","Mandarin orange, Rosemary, Bergamot","Oud, Vetiver","Amber, Mandragora, Musk",,Agrumi,Flacone rettangolare ambrato; edizioni storiche e riedizioni differenti,https://www.parfumo.com/Perfumes/Yves_Saint_Laurent/m7-2002-eau-de-toilette,
p044,Hermès,Calèche,Eau de Toilette,"Apertura di aldeidi, cipresso, mandarino. Il cuore mette in relazione Gardenia, iris, gelsomino. Sul fondo: muschio di quercia, accordo ambrato, legno di cedro.","Aldehydes, Cypress, Mandarin orange, Neroli, Orange blossom, Bergamot, Lemon","Gardenia, Iris, Jasmine, Lily of the valley, Rose, Ylang-ylang","Oakmoss, Amber, Cedar, Musk, Sandalwood, Tonka bean, Vetiver",,Fiori,"Flacone geometrico trasparente, etichetta chiara",https://www.parfumo.com/Perfumes/Hermes/Caleche,https://fimgs.net/mdimg/perfume/375x500.23.jpg
p045,Hermès,Équipage,Eau de Toilette,"Apertura di salvia sclarea, aldeidi, macis. Il cuore mette in relazione cannella, Carnation, aghi di pino. Sul fondo: muschio di quercia, muschio, Vetiver.","Clary sage, Aldehydes, Mace, Rosewood, Bergamot, Orange","Cinnamon, Carnation, Pine needle, Jasmine, Lily of the valley","Oakmoss, Musk, Vetiver, Patchouli, Tonka bean, Vanilla",,Freschi e astratti,Flacone geometrico con spalle inclinate e tappo scuro,https://www.parfumo.com/Perfumes/Hermes/Equipage_Eau_de_Toilette,
p046,Hermès,Terre d'Hermès,Eau de Toilette,"Arancia e pompelmo introducono pepe, vetiver e legno di cedro.","Orange, Grapefruit","Pepper, Pelargonium","Vetiver, Cedar, Patchouli, Benzoin",,Legni e radici,"Flacone rettangolare, base arancio e tappo nero",https://www.parfumo.com/Perfumes/Hermes/Terre_d_Hermes_Eau_de_Toilette,https://fimgs.net/mdimg/perfume/375x500.17.jpg
p047,Hermès,Un Jardin sur le Nil,Concentrazione non registrata,"Un paesaggio vegetale costruito con mango verde, loto e note agrumate.","Grapefruit, Green Mango, Tomato, Carrot","Bulrush, Lotus, Orange, Hiacynth, Peony","Musk, iris, Incense, Labdanum, Cinnamon",,Aromatiche e verdi,Flacone alto rettangolare con sfumatura verde,https://www.parfumo.com/Perfumes/Hermes/Un_Jardin_sur_le_Nil,https://fimgs.net/mdimg/perfume/375x500.18.jpg
p048,Hermès,Eau d'Orange Verte,Eau de Cologne,"Un profilo che riunisce arancia, limone, mandarino, Buchu, menta. Le note sono dichiarate senza una sequenza temporale.",,,,"Orange, Lemon, Mandarin orange, Buchu, Mint",Agrumi,Flacone verde scuro della linea Colognes,https://presse.hermes.com/parfum-beaute/wp-content/uploads/2019/07/cadb46dda518c7c50d5aa3e1aac935ae.pdf,
p049,Hermès,24 Faubourg,Eau de Parfum,"Apertura di giacinto, arancia, pesca. Il cuore mette in relazione fiori d’arancio, sambuco, Gardenia. Sul fondo: Patchouli, accordo ambrato, sandalo.","Hyacinth, Orange, Peach, Ylang-ylang, Bergamot","Orange blossom, Common elder, Gardenia, Jasmine, Iris","Patchouli, Amber, Sandalwood, Vanilla",,Fiori,Flacone rettangolare con spalle curve e motivo impresso,https://www.parfumo.com/Perfumes/Hermes/24_Faubourg_Eau_de_Parfum,
p050,Hermès,Twilly d'Hermès,Eau de Parfum,"Apertura di zenzero, arancia amara, bergamotto. Il cuore mette in relazione tuberosa, fiori d’arancio, gelsomino. Sul fondo: sandalo, vaniglia.","Ginger, Bitter Orange, Bergamot","Tuberose, Orange Blossom, Jasmine","Sandalwood, Vanilla",,Fiori,Flacone quadrato con tappo a bombetta e nastro al collo,https://www.parfumo.com/Perfumes/Hermes/twilly-d-hermes-eau-de-parfum,https://fimgs.net/mdimg/perfume/375x500.46145.jpg
p051,Hermès,Voyage d'Hermès,Eau de Toilette,"Apertura di limone, cardamomo, spezie. Il cuore mette in relazione fiori, tè, note verdi. Sul fondo: muschio, legni.","Lemon, Cardamom, Spices","Blossoms, Tea, Green notes","Musk, Woods",,Spezie,Flacone da viaggio con arco metallico rotante,https://www.parfumo.com/Perfumes/Hermes/Voyage_d_Hermes,https://fimgs.net/mdimg/perfume/375x500.7916.jpg
p052,Hermès,Ambre Narguilé,Concentrazione non registrata,Accordi ambrati e sesamo tostato: una lettura essenziale del registro caldo.,,,,"Amber, Roasted sesame",Resine e ambrati,Flacone alto e sottile Hermessence con tappo rivestito,https://www.parfumo.com/Perfumes/Hermes/ambre-narguile,
p053,Givenchy,L’Interdit (2018),Eau de Parfum,"Apertura di gelsomino sambac, fiori d’arancio. Il cuore mette in relazione tuberosa. Sul fondo: Ambroxan, Patchouli, Vetiver.","Jasmine sambac, Orange blossom",Tuberose,"Ambroxan, Patchouli, Vetiver",,Fiori,Flacone trasparente arrotondato con nastro nero al collo,https://www.parfumo.com/Perfumes/Givenchy/L_Interdit_2018,https://fimgs.net/mdimg/perfume/375x500.51488.jpg
p054,Givenchy,Amarige,Eau de Toilette,"Apertura di pesca, mandarino, Neroli. Il cuore mette in relazione tuberosa, Ylang-ylang, Gardenia. Sul fondo: note legnose, accordo ambrato, legno di cedro.","Peach, Mandarin orange, Neroli, Violet, Plum, Rosewood","Tuberose, Ylang-ylang, Gardenia, Jasmine, Black locust, Carnation, Cassia, Mimosa, Rose, Blackcurrant, Orchid, Red berries","Woody notes, Amber, Cedar, Musk, Sandalwood, Tonka bean, Vanilla",,Fiori,Flacone ambrato arrotondato e tappo scultoreo,https://www.parfumo.com/Perfumes/Givenchy/Amarige_Eau_de_Toilette,
p055,Givenchy,Organza,Eau de Parfum,"Apertura di Neroli, Gardenia, bergamotto. Il cuore mette in relazione gelsomino, tuberosa, caprifoglio. Sul fondo: accordo ambrato, vaniglia, legno di cedro.","Neroli, Gardenia, Bergamot, Green notes, Nutmeg","Jasmine, Tuberose, Honeysuckle, Iris, Peony, Walnut","Amber, Vanilla, Cedar, Gaiac wood, Woods",,Fiori,Flacone slanciato con figura femminile e tappo scolpito,https://www.parfumo.com/Perfumes/Givenchy/Organza,
p056,Givenchy,Gentleman (1974),Eau de Toilette,"Apertura di miele, bergamotto, cannella. Il cuore mette in relazione Patchouli, legno di cedro, gelsomino. Sul fondo: Patchouli, cuoio, muschio di quercia.","Honey, Bergamot, Cinnamon, Lemon, Rose","Patchouli, Cedar, Jasmine, Orris root","Patchouli, Leather, Oakmoss, Musk, Amber, Vanilla, Vetiver",,Legni e radici,Flacone maschile rettangolare scuro delle edizioni storiche,https://www.parfumo.com/Perfumes/Givenchy/Givenchy_Gentleman_Eau_de_Toilette,
p057,Givenchy,Pi,Eau de Toilette,"Un profilo che riunisce benzoino, Ironwood, aghi di pino, mandarino. Le note sono dichiarate senza una sequenza temporale.",,,,"Benzoin, Ironwood, Pine needle, Mandarin orange",Resine e ambrati,Flacone triangolare con arco metallico sopra il tappo,https://www.parfumo.com/Perfumes/Givenchy/Pi_Eau_de_Toilette,
p058,Lancôme,Trésor,Eau de Parfum,"Apertura di fiore di pesco, fiore di albicocco, foglia di rosa. Il cuore mette in relazione eliotropio, vaniglia, iris. Sul fondo: muschio, sandalo.","Peach blossom, Apricot blossom, Rose leaf","Heliotrope, Vanilla, Iris, Lily of the valley","Musk, Sandalwood",,Fiori,Flacone piramidale capovolto in vetro sfaccettato,https://www.parfumo.com/Perfumes/Lancome/Tresor,
p059,Lancôme,La Vie est Belle,Concentrazione non registrata,"Iris e frutta si appoggiano a patchouli, vaniglia e pralinato.","Blackcurrant, Pear","Iris, Jasmine, Orange blossom","Praliné, Tonka bean, Patchouli, Vanilla",,Fiori,Flacone rettangolare curvo con sorriso inciso e nastro,https://www.parfumo.com/Perfumes/Lancome/La_Vie_est_Belle,https://fimgs.net/mdimg/perfume/375x500.14982.jpg
p060,Lancôme,Poême,Eau de Parfum,"Apertura di brugmansia, bergamotto, narciso. Il cuore mette in relazione tuberosa, gelsomino, Freesia. Sul fondo: vaniglia, accordo ambrato, legno di cedro.","Angel's trumpet, Bergamot, Narcissus, Blackcurrant, Blue poppy, Green notes, Mandarin orange, Peach, Plum","Tuberose, Jasmine, Freesia, Mimosa, Orange blossom, Ylang-ylang, Heliotrope, Vanilla blossom, Leather, Rose","Vanilla, Amber, Cedar, Musk, Tonka bean",,Fiori,Flacone ambrato dalle spalle curve,https://www.parfumo.com/Perfumes/Lancome/Pome_Eau_de_Parfum,
p061,Lancôme,Miracle,Eau de Parfum,"Apertura di Freesia, litchi, pepe rosa. Il cuore mette in relazione zenzero, peonia, Bourbon pepper. Sul fondo: muschio, Patchouli, accordo ambrato.","Freesia, Lychee, Pink pepper","Ginger, Peony, Bourbon pepper, Damask rose, Magnolia","Musk, Patchouli, Amber, Jasmine absolute",,Fiori,Flacone rettangolare con liquido rosa e tappo metallico,https://www.parfumo.com/Perfumes/Lancome/Miracle_Eau_de_Parfum,
p062,Estēe Lauder,Youth-Dew,Eau de Parfum,"Apertura di aldeidi, lavanda, narciso. Il cuore mette in relazione cannella, chiodi di garofano, spezie. Sul fondo: accordo ambrato, benzoino, incenso.","Aldehydes, Lavender, Narcissus, Orange, Bergamot, Peach, Rose","Cinnamon, Clove, Spices, Carnation, Cassia, Jasmine, Lily of the valley, Ylang-ylang, Orchid","Amber, Benzoin, Frankincense, Oakmoss, Patchouli, Peru balsam, Tolu balm, Musk, Vanilla, Vetiver",,Fiori,Flacone ambrato scanalato con fiocco al collo,https://www.parfumo.com/Perfumes/Estee_Lauder/Youth_Dew_Eau_de_Parfum,
p063,Estēe Lauder,Beautiful,Eau de Parfum,"Apertura di tuberosa, rosa, mandarino. Il cuore mette in relazione gelsomino, fiori d’arancio, Ylang-ylang. Sul fondo: sandalo, accordo ambrato, Vetiver.","Tuberose, Rose, Mandarin orange, Pot marigold, Lily","Jasmine, Orange blossom, Ylang-ylang, Lily of the valley","Sandalwood, Amber, Vetiver",,Fiori,Flacone trasparente con spalle arrotondate e tappo dorato,https://www.parfumo.com/Perfumes/Estee_Lauder/Beautiful_Eau_de_Parfum,
p064,Estēe Lauder,Pleasures,Eau de Parfum,"Apertura di note verdi, White lily, foglia di violetta. Il cuore mette in relazione White peony, gelsomino, Pink rose. Sul fondo: Patchouli, sandalo.","Green notes, White lily, Violet leaf","White peony, Jasmine, Pink rose, Karo Karounde, Pink pepper","Patchouli, Sandalwood",,Fiori,"Flacone ovale allungato, tappo argentato",https://www.parfumo.com/Perfumes/Estee_Lauder/Pleasures,
p065,Estēe Lauder,White Linen,Eau de Parfum,"Apertura di mughetto, gelsomino, Bulgarian rose. Il cuore mette in relazione Carnation, rizoma di iris, violetta. Sul fondo: muschi vegetali, Vetiver, accordo ambrato.","Lily of the valley, Jasmine, Bulgarian rose","Carnation, Orris root, Violet","Moss, Vetiver, Amber",,Fiori,Flacone rettangolare trasparente con tappo dorato,https://www.parfumo.com/Perfumes/Estee_Lauder/White_Linen,https://fimgs.net/mdimg/perfume/375x500.542.jpg
p066,Clinique,Aromatics Elixir,Perfume,"Una trama erbacea e fiorita, sostenuta da patchouli e muschio di quercia.","Chamomile, Clary sage, Geranium, Vervain, Bergamot, Coriander, Rosewood","Carnation, Jasmine, Orris root, Orange blossom, Rose, Tuberose, Ylang-ylang","Oakmoss, Patchouli, Frankincense, Musk, Sandalwood, Vetiver",,Fiori,Flacone ovale ambrato con tappo chiaro,https://www.parfumo.com/Perfumes/Clinique/Aromatics_Elixir_Perfume,
p067,Clinique,Happy,Perfume,"Apertura di pompelmo, alloro, bergamotto. Il cuore mette in relazione gelsomino, orchidea. Sul fondo: Mimosa, giglio, Magnolia.","Grapefruit, Laurel, Bergamot","Jasmine, Orchid","Mimosa, Lily, Magnolia",,Fiori,Flacone trasparente allungato con tappo argentato,https://www.parfumo.com/Perfumes/Clinique/Happy,
p068,Cacharel,Anaïs Anaïs,Eau de Toilette,"Apertura di giacinto, galbano, giglio. Il cuore mette in relazione mughetto, Carnation, caprifoglio. Sul fondo: muschio, muschio di quercia, sandalo.","Hyacinth, Galbanum, Lily, Bergamot, Blackcurrant, Citrus fruits, Lavender, Lemon","Lily of the valley, Carnation, Honeysuckle, Orris root, Ylang-ylang, Jasmine, Orange blossom, Rose, Tuberose, Iris","Musk, Oakmoss, Sandalwood, Amber, Cedar, Vetiver, Frankincense, Leather, Patchouli",,Fiori,Flacone bianco con decorazione floreale e tappo chiaro,https://www.parfumo.com/Perfumes/Cacharel/Anais_Anais,
p069,Cacharel,Loulou,Eau de Parfum,"Apertura di Cassia, cannella, gelsomino. Il cuore mette in relazione eliotropio, fiori d’arancio, tuberosa. Sul fondo: benzoino, muschio, sandalo.","Cassia, Cinnamon, Jasmine, Lily, Plum, Violet, Aniseed, Iris, Mimosa","Heliotrope, Orange blossom, Tuberose, Ylang-ylang, Orris root, Pot marigold","Benzoin, Musk, Sandalwood, Vanilla, Frankincense",,Fiori,Flacone azzurro geometrico con tappo rosso scuro,https://www.parfumo.com/Perfumes/Cacharel/Loulou_Eau_de_Parfum,
p070,Cacharel,Amor Amor,Eau de Toilette,"Apertura di ribes nero, Cassia, mandarino. Il cuore mette in relazione gelsomino, albicocca, mughetto. Sul fondo: fava tonka, vaniglia, accordo ambrato.","Blackcurrant, Cassia, Mandarin orange, Grapefruit, Orange, Bergamot","Jasmine, Apricot, Lily of the valley, Rose, Lily","Tonka bean, Vanilla, Amber, Cedar, Musk",,Agrumi,Flacone rosso cilindrico con elemento metallico al collo,https://www.parfumo.com/Perfumes/Cacharel/Amor_Amor,https://fimgs.net/mdimg/perfume/375x500.238.jpg
p071,Jean Patou,Joy,Eau de Parfum,"Apertura di rosa, note verdi, tuberosa. Il cuore mette in relazione gelsomino, rosa, mughetto. Sul fondo: zibetto, muschio, sandalo.","Rose, Green notes, Tuberose, Ylang-ylang, Aldehydes, Peach","Jasmine, Rose, Lily of the valley, Orris root, Orchid","Civet, Musk, Sandalwood",,Fiori,Flacone compatto trasparente con tappo scuro,https://www.parfumo.com/Perfumes/Jean_Patou/Joy_Eau_de_Parfum,https://fimgs.net/mdimg/perfume/375x500.1436.jpg
p072,Lanvin,Arpège,Eau de Parfum,"Apertura di aldeidi, bergamotto, caprifoglio. Il cuore mette in relazione geranio, camelia, coriandolo. Sul fondo: Patchouli, ambra grigia, benzoino.","Aldehydes, Bergamot, Honeysuckle, Neroli, Peach, Lily of the valley","Geranium, Camellia, Coriander, Iris, Jasmine, Lily, Ylang-ylang, Rose, Lily of the valley","Patchouli, Ambergris, Benzoin, Musk, Sandalwood, Vanilla, Vetiver",,Fiori,Flacone sferico nero con tappo dorato,https://www.parfumo.com/Perfumes/Lanvin/Arpege_Eau_de_Parfum,https://fimgs.net/mdimg/perfume/375x500.6.jpg
p073,Rochas,Femme,Eau de Toilette,"Apertura di pesca, cannella, prugna. Il cuore mette in relazione Carnation, chiodi di garofano, iris. Sul fondo: muschio di quercia, accordo ambrato, benzoino.","Peach, Cinnamon, Plum, Rosewood, Bergamot, Apricot, Lemon","Carnation, Clove, Iris, Jasmine, Rose, Rosemary, Ylang-ylang","Oakmoss, Amber, Benzoin, Musk, Patchouli, Leather, Vanilla",,Fiori,Flacone ambrato dalle curve marcate,https://www.parfumo.com/Perfumes/Rochas/Rochas_Femme_1989_Eau_de_Toilette,
p074,Rochas,Eau de Rochas,Eau de Toilette,"Apertura di lime, pompelmo, limone. Il cuore mette in relazione Carnation, coriandolo, Patchouli. Sul fondo: muschio di quercia, muschio, accordo ambrato.","Lime, Grapefruit, Lemon, Basil, Bergamot, Mandarin orange","Carnation, Coriander, Patchouli, Jasmine, Narcissus, Rose","Oakmoss, Musk, Amber, Sandalwood",,Agrumi,Flacone trasparente con superficie irregolare,https://www.parfumo.com/Perfumes/Rochas/Eau_de_Rochas_1970_Eau_de_Toilette,
p075,Robert Piguet,Fracas,Eau de Parfum,La tuberosa guida un bouquet denso di fiori bianchi.,"Hyacinth, Bergamot, Green notes, Mandarin orange","Tuberose, Iris, Jasmine, Orange blossom, Peach, Carnation, Coriander, Geranium, Lily of the valley, Narcissus, Osmanthus, Violet","Moss, Orris root, Cedar, Musk, Sandalwood, Tolu balm, Vetiver",,Fiori,"Flacone rettangolare nero, etichetta chiara",https://www.parfumo.com/Perfumes/Robert_Piguet/Fracas_Eau_de_Parfum,
p076,Robert Piguet,Bandit,Eau de Parfum,"Galbano, cuoio e muschio di quercia definiscono una struttura verde e asciutta.","Galbanum, Neroli, Orange, Ylang-ylang","Leather, Jasmine, Tuberose","Oakmoss, Musk, Patchouli, Vetiver",,Fiori,"Flacone rettangolare nero, etichetta chiara",https://www.parfumo.com/Perfumes/Robert_Piguet/Bandit_2012,
p077,Caron,Pour Un Homme de Caron,Eau de Toilette,Il contrasto lavanda-vaniglia lega freschezza aromatica e morbidezza.,,,,"Lavender, Vanilla, Lavender absolute, Amber, Musk",Resine e ambrati,Flacone rettangolare verde con spalle arrotondate,https://www.parfumo.com/Perfumes/Caron/pour-un-homme-de-caron-1934-eau-de-toilette,
p078,Houbigant,Fougère Royale (2010),Eau de Parfum,"Apertura di Mediterranean herbs, Moroccan chamomile, lavanda. Il cuore mette in relazione geranio, May rose absolute, Carnation. Sul fondo: muschio di quercia, cumarina, Clary sage absolute.","Mediterranean herbs, Moroccan chamomile, Lavender, Bergamot","Geranium, May rose absolute, Carnation, Rondeletia, Cinnamon","Oakmoss, Coumarin, Clary sage absolute, Mastic absolute, Tonka bean absolute, Amber, Patchouli",,Aromatiche e verdi,Flacone rettangolare decorato e tappo metallico,https://www.parfumo.com/Perfumes/Houbigant/Fougere_Royale_2010,
p079,4711,Original Eau de Cologne,Eau de Cologne,"Una colonia di agrumi ed erbe aromatiche, conclusa da neroli e petitgrain.","Lemon, Bergamot, Orange","Lavender, Rosemary","Neroli, Petitgrain",,Agrumi,"Flacone Molanus, etichetta blu e oro",https://4711.com/en/products/4711-echt-kolnisch-wasser-spray-1,
p080,Acqua di Parma,Colonia,Eau de Cologne,"Apertura di limone, Calabrian bergamot, arancia. Il cuore mette in relazione lavanda, verbena, Bulgarian rose. Sul fondo: Patchouli, sandalo, Vetiver.","Lemon, Calabrian bergamot, Orange","Lavender, Vervain, Bulgarian rose, Rosemary","Patchouli, Sandalwood, Vetiver",,Agrumi,Cilindro trasparente con etichetta gialla,https://www.parfumo.com/Perfumes/Acqua_di_Parma/Colonia_Eau_de_Cologne,
p081,Acqua di Parma,Fico di Amalfi,Concentrazione non registrata,"Apertura di pompelmo, Italian bergamot, Italian lemon. Il cuore mette in relazione nettare di fico, gelsomino, pepe rosa. Sul fondo: legno di fico, benzoino, legno di cedro.","Grapefruit, Italian bergamot, Italian lemon","Fig nectar, Jasmine, Pink pepper","Fig wood, Benzoin, Cedarwood",,Agrumi,Cilindro blu della linea Blu Mediterraneo,https://www.parfumo.com/Perfumes/Acqua_di_Parma/fico-di-amalfi,
p082,Acqua di Parma,Arancia di Capri,Concentrazione non registrata,"Apertura di Italian mandarin orange, Italian orange, Italian lemon. Il cuore mette in relazione Petitgrain, cardamomo. Sul fondo: muschio, caramello.","Italian mandarin orange, Italian orange, Italian lemon","Petitgrain, Cardamom","Musk, Caramel",,Agrumi,Cilindro blu della linea Blu Mediterraneo,https://www.parfumo.com/Perfumes/Acqua_di_Parma/arancia-di-capri,
p083,Acqua di Parma,Colonia Essenza,Eau de Cologne,"Apertura di limone, Neroli, Petitgrain. Il cuore mette in relazione rosmarino, chiodi di garofano, gelsomino. Sul fondo: muschi bianchi, Vetiver, accordo ambrato.","Lemon, Neroli, Petitgrain, Bergamot, Grapefruit, Mandarin orange, Orange","Rosemary, Clove, Jasmine, Lily of the valley, Rose","White musk, Vetiver, Amber, Patchouli",,Agrumi,Cilindro scuro con etichetta chiara,https://www.parfumo.com/Perfumes/Acqua_di_Parma/Colonia_Essenza_Eau_de_Cologne,
p084,Floris,No. 89,Eau de Toilette,"Apertura di arancia amara, lavanda, arancia. Il cuore mette in relazione rosa, geranio, Ylang-ylang. Sul fondo: legno di cedro, muschio di quercia, muschio.","Bitter orange, Lavender, Orange, Bergamot, Neroli, Nutmeg","Rose, Geranium, Ylang-ylang","Cedarwood, Oakmoss, Musk, Sandalwood, Vetiver",,Fiori,Flacone rettangolare trasparente con etichetta tradizionale,https://www.parfumo.com/Perfumes/Floris/No_89_Eau_de_Toilette,
p085,Penhaligon's,Blenheim Bouquet,Eau de Toilette,"Apertura di limone, lime. Sul fondo: pino, pepe nero, muschio.","Lemon, Lime",,"Pine, Black pepper, Musk",,Agrumi,Flacone trasparente con tappo sferico e fiocco,https://www.parfumo.com/Perfumes/Penhaligons/Blenheim_Bouquet_Eau_de_Toilette,
p086,Penhaligon's,Halfeti,Concentrazione non registrata,"Apertura di note verdi, artemisia, bergamotto. Il cuore mette in relazione rosa, zafferano, cardamomo. Sul fondo: resine, legno di cedro, accordo ambrato.","Green notes, Mugwort, Bergamot, Grapefruit","Rose, Saffron, Cardamom, Cumin, Cypress, Jasmine, Lily of the valley, Nutmeg, Violet, Cinnamon, Lavender","Resins, Cedarwood, Amber, Patchouli, Sandalwood, Musk, Leather, Oud, Tonka bean, Vanilla",,Spezie,Flacone trasparente con tappo sferico e fiocco scuro,https://www.parfumo.com/Perfumes/Penhaligons/halfeti,
p087,Giorgio Armani,Acqua di Giò,Eau de Toilette,Agrumi e note marine costruiscono un profilo acquatico su fondo muschiato.,"Lime, Bergamot, Lemon, Jasmine, Mandarin orange, Orange","Marine notes, Coriander, Cyclamen, Freesia, Hyacinth, Peach, Reseda, Rose, Violet","Musk, Amber, Cedar, Oakmoss, Persimmon, Patchouli",,Fiori,Flacone rettangolare satinato con tappo metallico,https://www.parfumo.com/Perfumes/Giorgio_Armani/Acqua_di_Gio_pour_Homme_Eau_de_Toilette,
p088,Giorgio Armani,Armani Code (2004),Eau de Toilette,"Apertura di bergamotto, limone. Il cuore mette in relazione anice stellato, fiore d’ulivo. Sul fondo: fava tonka, legno di guaiaco, cuoio.","Bergamot, Lemon","Star anise, Olive blossom","Tonka bean, Gaiac wood, Leather, Tobacco",,Agrumi,Flacone nero slanciato della prima edizione,https://www.parfumo.com/Perfumes/Giorgio_Armani/Armani_Code_Black_Code_Eau_de_Toilette,https://fimgs.net/mdimg/perfume/375x500.412.jpg
p089,Giorgio Armani,Sì,Eau de Parfum,"Apertura di liquore di ribes nero, mandarino, Sicilian bergamot. Il cuore mette in relazione Egyptian jasmine absolute, May rose absolute, Neroli absolute. Sul fondo: Vanilla absolute, legni chiari, Orcanox.","Blackcurrant liqueur, Mandarin orange, Sicilian bergamot","Egyptian jasmine absolute, May rose absolute, Neroli absolute","Vanilla absolute, Blond woods, Orcanox, Amber, Patchouli",,Fiori,Flacone rettangolare con tappo nero organico,https://www.parfumo.com/Perfumes/Giorgio_Armani/Si,https://fimgs.net/mdimg/perfume/375x500.18453.jpg
p090,Giorgio Armani,Emporio Armani - Stronger With You,Concentrazione non registrata,"Apertura di cardamomo, pepe rosa, foglia di violetta. Il cuore mette in relazione salvia. Sul fondo: vaniglia, marron glacé.","Cardamom, Pink pepper, Violet leaf",Sage,"Vanilla, Marron glacé",,Spezie,Flacone tozzo trasparente con tappo sferico,https://www.parfumo.com/Perfumes/Giorgio_Armani/Emporio_Armani_Stronger_With_You,https://fimgs.net/mdimg/perfume/375x500.45258.jpg
p091,Giorgio Armani,Acqua di Gioia,Eau de Parfum,"Apertura di limone, note acquatiche, menta. Il cuore mette in relazione gelsomino, peonia, pepe rosa. Sul fondo: zucchero bruno, legno di cedro, labdano.","Lemon, Aquatic notes, Mint","Jasmine, Peony, Pink pepper","Brown sugar, Cedar, Labdanum",,Fiori,Flacone trasparente arrotondato con tappo verde,https://www.parfumo.com/Perfumes/Giorgio_Armani/Acqua_di_Gioia,https://fimgs.net/mdimg/perfume/375x500.8442.jpg
p092,Dolce & Gabbana,Light Blue,Eau de Toilette,"Apertura di Sicilian citron, mela, campanula. Il cuore mette in relazione Bamboo, gelsomino, rosa. Sul fondo: legno di cedro, muschio, accordo ambrato.","Sicilian citron, Apple, Bluebell","Bamboo, Jasmine, Rose","Cedarwood, Musk, Amber",,Fiori,Flacone rettangolare satinato e tappo azzurro,https://www.parfumo.com/Perfumes/Dolce_Gabbana/light-blue-eau-de-toilette,https://fimgs.net/mdimg/perfume/375x500.485.jpg
p093,Dolce & Gabbana,The One,Eau de Parfum,"Apertura di pesca, litchi, mandarino. Il cuore mette in relazione gelsomino, Madonna lily, mughetto. Sul fondo: vaniglia, accordo ambrato, muschio.","Peach, Lychee, Mandarin orange, Bergamot","Jasmine, Madonna lily, Lily of the valley","Vanilla, Amber, Musk, Plum, Vetiver",,Fiori,Flacone squadrato con tappo dorato ampio,https://www.parfumo.com/Perfumes/Dolce_Gabbana/The_One_Eau_de_Parfum,
p094,Dolce & Gabbana,The One for Men,Eau de Parfum,"Apertura di pompelmo, basilico, coriandolo. Il cuore mette in relazione fiori d’arancio, cardamomo, zenzero. Sul fondo: accordo ambrato, tabacco, legno di cedro.","Grapefruit, Basil, Coriander","Orange blossom, Cardamom, Ginger","Amber, Tobacco, Cedar",,Spezie,Flacone squadrato ambrato e tappo scuro,https://www.parfumo.com/Perfumes/Dolce_Gabbana/The_One_for_Men_Eau_de_Parfum,https://fimgs.net/mdimg/perfume/375x500.31909.jpg
p095,Versace,Eros,Eau de Toilette,"Apertura di mela verde, menta, Italian lemon. Il cuore mette in relazione Venezuelan tonka bean, Ambroxan, geranio. Sul fondo: Bourbon vanilla, Atlas cedar, Virginia cedar.","Green apple, Mint, Italian lemon","Venezuelan tonka bean, Ambroxan, Geranium","Bourbon vanilla, Atlas cedar, Virginia cedar, Oakmoss, Vetiver",,Legni e radici,Flacone turchese con rilievi e Medusa,https://www.parfumo.com/Perfumes/Versace/Eros_Eau_de_Toilette,
p096,Versace,Dylan Blue,Eau de Toilette,"Apertura di note acquatiche, Calabrian bergamot, foglia di fico. Il cuore mette in relazione Ambrox, pepe nero, papiro. Sul fondo: incenso, muschio, fava tonka.","Aquatic notes, Calabrian bergamot, Fig leaf, Grapefruit","Ambrox, Black pepper, Papyrus, Patchouli, Violet leaf","Frankincense, Musk, Tonka bean, Saffron",,Resine e ambrati,Flacone blu squadrato con Medusa dorata,https://www.parfumo.com/Perfumes/Versace/Versace_pour_Homme_Dylan_Blue_Eau_de_Toilette,
p097,Versace,Bright Crystal,Eau de Toilette,"Apertura di Yuzu, melagrana, accordo ghiacciato. Il cuore mette in relazione loto, peonia, Magnolia. Sul fondo: muschio, Acajou wood, accordo ambrato.","Yuzu, Pomegranate, Ice accord","Lotus, Peony, Magnolia","Musk, Acajou wood, Amber",,Fiori,Flacone basso rosa con tappo a cristallo oversize,https://www.parfumo.com/Perfumes/Versace/Bright_Crystal,
p098,Versace,Versace pour Homme,Eau de Toilette,"Apertura di bergamotto, Neroli, foglia d’arancio amaro. Il cuore mette in relazione legno di cedro, salvia sclarea, geranio. Sul fondo: muschio, ambra minerale, fava tonka.","Bergamot, Neroli, Bitter orange leaf, Lemon","Cedarwood, Clary sage, Geranium, Hyacinth","Musk, Mineral amber, Tonka bean, Oud",,Agrumi,Flacone geometrico trasparente azzurro,https://www.parfumo.com/Perfumes/Versace/Versace_pour_Homme,https://fimgs.net/mdimg/perfume/375x500.2318.jpg
p099,Versace,Blue Jeans,Concentrazione non registrata,"Apertura di agrumi, anice, bergamotto. Il cuore mette in relazione eliotropio, lavanda, Carnation. Sul fondo: fava tonka, accordo ambrato, legno di cedro.","Citrus fruits, Aniseed, Bergamot, Rosewood, Basil, Juniper","Heliotrope, Lavender, Carnation, Jasmine, Sage, Fir, Geranium, Lily of the valley, Rose","Tonka bean, Amber, Cedar, Iris, Musk, Patchouli, Sandalwood, Vanilla, Vetiver",,Fiori,Flacone blu sagomato in stile bottiglia,https://www.parfumo.com/Perfumes/Versace/Blue_Jeans,
p100,Prada,L'Homme,Eau de Toilette,Iris e neroli al centro di una costruzione fiorita e legnosa.,"Neroli, Black Pepper, Cardamom, Carrot Seeds","iris, Violet, Geranium, Mate","Amber, Cedar, Patchouli, Sandalwood",,Fiori,Flacone trasparente con retro scuro e tappo cilindrico,https://www.parfumo.com/Perfumes/Prada/L_Homme,https://fimgs.net/mdimg/perfume/375x500.39029.jpg
p101,Prada,Amber pour Homme,Eau de Toilette,"Apertura di cardamomo, Neroli, bergamotto. Il cuore mette in relazione muschio, fiori d’arancio, geranio. Sul fondo: labdano, vaniglia, Patchouli.","Cardamom, Neroli, Bergamot, Mandarin orange","Musk, Orange blossom, Geranium, Myrrh, Vetiver","Labdanum, Vanilla, Patchouli, Saffron, Sandalwood, Tonka bean, Leather",,Fiori,Flacone rettangolare con placca metallica,https://www.parfumo.com/Perfumes/Prada/Amber_pour_Homme_Eau_de_Toilette,
p102,Prada,Candy,Eau de Parfum,Apertura di muschi bianchi. Il cuore mette in relazione Benzoin Siam. Sul fondo: caramello.,White musk,Benzoin Siam,Caramel,,Resine e ambrati,Flacone cilindrico con fascia rosa e ampio tappo nero,https://www.parfumo.com/Perfumes/Prada/Candy_Eau_de_Parfum,https://fimgs.net/mdimg/perfume/375x500.12426.jpg
p103,Prada,Infusion d'Iris,Eau de Parfum,"Apertura di galbano, Italian mandarin orange, Tunisian neroli. Il cuore mette in relazione iris, Vetiver, legno di cedro. Sul fondo: Benzoin Siam, Somalian frankincense.","Galbanum, Italian mandarin orange, Tunisian neroli, Pistachio leaf","Iris, Vetiver, Cedarwood","Benzoin Siam, Somalian frankincense",,Resine e ambrati,Flacone rettangolare trasparente con etichetta e tappo chiaro,https://www.parfumo.com/Perfumes/Prada/Infusion_d_Iris,
p104,Valentino,Valentino Uomo,Eau de Toilette,"Apertura di bergamotto, mirto. Il cuore mette in relazione crema di gianduia, caffè. Sul fondo: legno di cedro, cuoio chiaro.","Bergamot, Myrtle","Gianduja cream, Coffee","Cedar, White leather",,Dolci e gourmand,Flacone trasparente con superficie a borchie,https://www.parfumo.com/Perfumes/Valentino/valentino-uomo-2014-eau-de-toilette,
p105,Gucci,Rush,Eau de Toilette,Pesca e fiori bianchi si intrecciano a patchouli e vaniglia.,"Peach, Freesia, Gardenia","Coriander, Jasmine, Rose","Patchouli, Vanilla, Vetiver",,Fiori,Contenitore rettangolare rosso opaco,https://www.parfumo.com/Perfumes/Gucci/Rush,
p106,Gucci,Bloom,Eau de Parfum,Apertura di gelsomino. Il cuore mette in relazione tuberosa. Sul fondo: quisqualis.,Jasmine,Tuberose,Rangoon creeper,,Fiori,Flacone rettangolare rosa opaco con etichetta incorniciata,https://www.parfumo.com/Perfumes/Gucci/Bloom_Eau_de_Parfum,https://fimgs.net/mdimg/perfume/375x500.44894.jpg
p107,Gucci,Guilty Absolute pour Homme,Concentrazione non registrata,"Un profilo che riunisce Woodleather, Goldenwood, Nootka cypress, Patchouli, Vetiver. Le note sono dichiarate senza una sequenza temporale.",,,,"Woodleather, Goldenwood, Nootka cypress, Patchouli, Vetiver",Legni e radici,Flacone rettangolare ambrato con tappo nero,https://www.parfumo.com/Perfumes/Gucci/Guilty_Absolute,
p108,Bvlgari,Eau Parfumée au Thé Vert,Eau de Cologne,"Apertura di Italian bergamot, pepe verde. Il cuore mette in relazione tè verde, cardamomo. Sul fondo: cera d’api, fava tonka.","Italian bergamot, Green pepper","Green tea, Cardamom","Beeswax, Tonka bean",,Dolci e gourmand,Flacone rettangolare satinato con tappo geometrico,https://www.parfumo.com/Perfumes/Bvlgari/Eau_Parfumee_au_The_Vert,
p109,Bvlgari,Bvlgari Man in Black,Concentrazione non registrata,"Apertura di rum, tabacco. Il cuore mette in relazione cuoio, Orris absolute, tuberosa. Sul fondo: legno di guaiaco, fava tonka, benzoino.","Rum, Tobacco","Leather, Orris absolute, Tuberose","Gaiac wood, Tonka bean, Benzoin",,Fiori,Flacone nero rettangolare con dettagli color rame,https://www.parfumo.com/Perfumes/Bvlgari/Bvlgari_Man_In_Black,
p110,Bvlgari,Omnia Crystalline,Eau de Toilette,"Apertura di pera nashi, Bamboo. Il cuore mette in relazione loto, White peony. Sul fondo: legno di balsa, accordo muschio cristallino.","Nashi pear, Bamboo","Lotus, White peony","Balsa wood, Crystallised moss",,Legni e radici,Flacone formato da due anelli intrecciati,https://www.parfumo.com/Perfumes/Bvlgari/Omnia_Crystalline,https://fimgs.net/mdimg/perfume/375x500.152.jpg
p111,Calvin Klein,CK One,Eau de Toilette,"Un accordo fresco di agrumi e tè, ammorbidito da muschi.","Bergamot, Lemon, Mandarin orange, Papaya","Green tea, Jasmine, Lily of the valley, Nutmeg, Violet, Rose","Musk, Amber",,Fiori,Flacone satinato a fiaschetta con tappo a vite,https://www.parfumo.com/Perfumes/Calvin_Klein/CK_One,
p112,Calvin Klein,Obsession,Eau de Parfum,"Apertura di vaniglia, basilico, bergamotto. Il cuore mette in relazione spezie esotiche, legno di cedro, coriandolo. Sul fondo: accordo ambrato, vaniglia, zibetto.","Vanilla, Basil, Bergamot, Green notes, Mandarin orange, Peach","Exotic spices, Cedar, Coriander, Jasmine, Orange blossom, Sandalwood, Rose","Amber, Vanilla, Civet, Frankincense, Musk, Oakmoss, Vetiver",,Legni e radici,Flacone ovale ambrato con tappo marrone,https://www.parfumo.com/Perfumes/Calvin_Klein/Obsession_Eau_de_Parfum,
p113,Calvin Klein,Eternity,Eau de Parfum,"Apertura di note verdi, Freesia, fiore di limone. Il cuore mette in relazione Carnation, mughetto, narciso. Sul fondo: muschio, accordo ambrato, eliotropio.","Green notes, Freesia, Lemon blossom, Mandarin orange, Sage","Carnation, Lily of the valley, Narcissus, White lily, Jasmine, Rose, Violet, Pot marigold","Musk, Amber, Heliotrope, Sandalwood, Patchouli",,Fiori,Flacone rettangolare con tappo argentato,https://www.parfumo.com/Perfumes/Calvin_Klein/Eternity_Eau_de_Parfum,
p114,Calvin Klein,Euphoria,Eau de Parfum,"Apertura di melagrana, note verdi, cachi. Il cuore mette in relazione orchidea nera, fiore di champaca, loto. Sul fondo: legno di mogano, accordo ambrato, violetta scura.","Pomegranate, Green notes, Persimmon","Black orchid, Champaca flower, Lotus","Mahogany wood, Amber, Black violet, Creamy notes",,Fiori,Flacone curvo con ali metalliche e tappo allungato,https://www.parfumo.com/Perfumes/Calvin_Klein/Euphoria,https://fimgs.net/mdimg/perfume/375x500.253.jpg
p115,Ralph Lauren,Polo,Eau de Toilette,"Apertura di bacca di ginepro, basilico, bergamotto. Il cuore mette in relazione Carnation, geranio, pino. Sul fondo: muschio di quercia, tabacco, accordo ambrato.","Juniper berry, Basil, Bergamot, Caraway, Coriander, Tarragon","Carnation, Geranium, Pine, Chamomile, Jasmine, Leather, Pepper, Rose","Oakmoss, Tobacco, Amber, Cedar, Musk, Patchouli, Vetiver",,Spezie,Flacone verde a fiaschetta con tappo dorato,https://www.parfumo.com/Perfumes/Ralph_Lauren/Polo_Eau_de_Toilette,
p116,Ralph Lauren,Polo Blue,Eau de Toilette,"Apertura di cetriolo, melone, mandarino. Il cuore mette in relazione basilico, salvia, geranio. Sul fondo: muschio, legni, pelle scamosciata.","Cucumber, Melon, Mandarin orange","Basil, Sage, Geranium","Musk, Woods, Suede",,Aromatiche e verdi,Flacone blu con tappo argentato,https://www.parfumo.com/Perfumes/Ralph_Lauren/Polo_Blue_Eau_de_Toilette,
p117,Davidoff,Cool Water,Eau de Toilette,"Menta, lavanda ed erbe su una struttura legnosa e muschiata.","Green notes, Lavender, Mint, Rosemary, Coriander","Geranium, Neroli, Sandalwood, Jasmine","Cedarwood, Oakmoss, Musk, Amber, Tobacco",,Fiori,Flacone blu allungato con tappo scuro,https://www.parfumo.com/Perfumes/Davidoff/Cool_Water_Eau_de_Toilette,
p118,Guy Laroche,Drakkar Noir,Eau de Toilette,"Apertura di lavanda, bergamotto, limone. Il cuore mette in relazione coriandolo, ginepro, Carnation. Sul fondo: muschio di quercia, abete, Patchouli.","Lavender, Bergamot, Lemon, Lemon vervain, Artemisia, Basil, Rosemary","Coriander, Juniper, Carnation, Jasmine, Cinnamon","Oakmoss, Fir, Patchouli, Cedarwood, Leather, Sandalwood, Vetiver, Amber",,Legni e radici,Flacone nero sagomato con tappo inclinato,https://www.parfumo.com/Perfumes/Guy_Laroche/Drakkar_Noir_Eau_de_Toilette,
p119,Azzaro,Azzaro pour Homme,Eau de Toilette,"Apertura di lavanda, anice, basilico. Il cuore mette in relazione legno di cedro, sandalo, Vetiver. Sul fondo: muschio di quercia, muschio, accordo ambrato.","Lavender, Aniseed, Basil, Clary sage, Bergamot, Caraway, Lemon, Iris","Cedarwood, Sandalwood, Vetiver, Cardamom, Juniper berry, Patchouli","Oakmoss, Musk, Amber, Leather, Tonka bean",,Spezie,Flacone rettangolare ambrato con angoli smussati,https://www.parfumo.com/Perfumes/Azzaro/Azzaro_pour_Homme,
p120,Paco Rabanne,1 Million,Eau de Toilette,"Apertura di Red mandarin orange, menta piperita. Il cuore mette in relazione cannella, Rose absolute. Sul fondo: Amberketal, cuoio.","Red mandarin orange, Peppermint","Cinnamon, Rose absolute","Amberketal, Leather",,Resine e ambrati,Flacone a lingotto dorato,https://www.parfumo.com/Perfumes/Paco_Rabanne/1_Million_Eau_de_Toilette,https://fimgs.net/mdimg/perfume/375x500.3747.jpg
p121,Paco Rabanne,Invictus,Eau de Toilette,"Apertura di note marine, pompelmo. Il cuore mette in relazione foglia d’alloro, gelsomino. Sul fondo: ambra grigia, legno di guaiaco, muschio di quercia.","Marine notes, Grapefruit","Bay leaf, Jasmine","Ambergris, Gaiac wood, Oakmoss, Patchouli",,Legni e radici,Flacone a coppa con manici,https://www.parfumo.com/Perfumes/Paco_Rabanne/Invictus_Eau_de_Toilette,https://fimgs.net/mdimg/perfume/375x500.18471.jpg
p122,Paco Rabanne,Lady Million,Eau de Parfum,"Apertura di arancia amara, Neroli, lampone. Il cuore mette in relazione gelsomino sambac, fiori d’arancio. Sul fondo: miele, Patchouli.","Bitter orange, Neroli, Raspberry","Jasmine sambac, Orange blossom","Honey, Patchouli",,Fiori,Flacone a diamante sfaccettato con parte dorata,https://www.parfumo.com/Perfumes/Paco_Rabanne/Lady_Million,https://fimgs.net/mdimg/perfume/375x500.9045.jpg
p123,Hugo Boss,Boss Bottled,Eau de Toilette,"Apertura di mela, bergamotto, agrumi. Il cuore mette in relazione cannella, chiodi di garofano, geranio. Sul fondo: vaniglia, sandalo, legno di cedro.","Apple, Bergamot, Citrus fruits, Lemon, Plum","Cinnamon, Clove, Geranium, Mahogany","Vanilla, Sandalwood, Cedar, Olive tree, Vetiver",,Legni e radici,Flacone cilindrico con marchio in rilievo,https://www.parfumo.com/Perfumes/Hugo_Boss/Boss_Bottled_Eau_de_Toilette,
p124,Issey Miyake,L'Eau d'Issey,Eau de Toilette,"Apertura di Freesia, melone, loto. Il cuore mette in relazione mughetto, giglio, peonia. Sul fondo: legno di cedro, legni esotici, muschio.","Freesia, Melon, Lotus, Cyclamen, Rose water","Lily of the valley, Lily, Peony, Rose, Carnation","Cedar, Exotic woods, Musk, Amber, Osmanthus, Sandalwood, Tuberose",,Fiori,Flacone conico alto con tappo a sfera,https://www.parfumo.com/Perfumes/Issey_Miyake/L_Eau_d_Issey_Eau_de_Toilette,
p125,Issey Miyake,L'Eau d'Issey pour Homme,Eau de Toilette,"Apertura di Yuzu, mandarino. Il cuore mette in relazione noce moscata, ninfea, cannella. Sul fondo: sandalo, Vetiver, accordo ambrato.","Yuzu, Mandarin orange","Nutmeg, Water lily, Cinnamon","Sandalwood, Vetiver, Amber, Tobacco",,Spezie,Flacone alto squadrato e tappo angolare,https://www.parfumo.com/Perfumes/Issey_Miyake/L_Eau_d_Issey_pour_Homme_Eau_de_Toilette,
p126,Kenzo,Flower by Kenzo,Eau de Parfum,"Apertura di violetta, litchi, zenzero. Il cuore mette in relazione rosa, camelia, Mimosa. Sul fondo: muschi bianchi, accordo ambrato, incenso.","Violet, Lychee, Ginger, Mandarin orange","Rose, Camellia, Mimosa","White musk, Amber, Frankincense, Vanilla, Patchouli",,Fiori,Flacone alto curvo con papavero rosso,https://www.parfumo.com/Perfumes/Kenzo/FlowerbyKenzo,
p127,Kenzo,Kenzo Homme,Eau de Toilette,"Apertura di note marine, noce moscata. Il cuore mette in relazione pino, legno di cedro. Sul fondo: cisto, sandalo.","Marine notes, Nutmeg","Pine, Cedar","Cistus, Sandalwood",,Legni e radici,Flacone curvo blu ispirato al bambù,https://www.parfumo.com/Perfumes/Kenzo/Kenzo_Homme_Eau_de_Toilette,
p128,Jean Paul Gaultier,Le Male,Eau de Toilette,"Lavanda e menta aprono una trama speziata, addolcita da vaniglia e tonka.","Lavender, Mint, Cardamom, Bergamot, Tarragon","Cinnamon, Neroli, Caraway","Vanilla, Tonka bean, Amber, Sandalwood, Cedarwood",,Spezie,Flacone a torso maschile con righe da marinaio,https://www.parfumo.com/Perfumes/Jean_Paul_Gaultier/Le_Male_Eau_de_Toilette,https://fimgs.net/mdimg/perfume/375x500.430.jpg
p129,Jean Paul Gaultier,Classique,Eau de Toilette,"Apertura di fiori d’arancio, anice stellato, mandarino. Il cuore mette in relazione iris, orchidea, Ylang-ylang. Sul fondo: muschio, vaniglia, accordo ambrato.","Orange blossom, Star anise, Mandarin orange, Pear, Rose","Iris, Orchid, Ylang-ylang, Ginger, Plum","Musk, Vanilla, Amber",,Fiori,Flacone a torso femminile con corsetto,https://www.parfumo.com/Perfumes/Jean_Paul_Gaultier/Jean_Paul_Gaultier_Classique,
p130,Jean Paul Gaultier,Scandal,Eau de Parfum,"Apertura di arancia sanguigna, mandarino. Il cuore mette in relazione miele, Gardenia, fiori d’arancio. Sul fondo: cera d’api, Patchouli, caramello.","Blood Orange, Mandarin Orange","Honey, Gardenia, Orange Blossom, Jasmine, Peach","Beeswax, Patchouli, Caramel, Licorice",,Dolci e gourmand,Flacone tondeggiante con tappo a gambe sollevate,https://www.parfumo.com/Perfumes/Jean_Paul_Gaultier/Scandal,https://fimgs.net/mdimg/perfume/375x500.45651.jpg
p131,Mugler,Angel,Eau de Parfum,"Frutta, caramello e cioccolato incontrano patchouli e vaniglia.","Cotton candy, Cassia, Coconut, Jasmine, Bergamot, Mandarin orange, Melon","Honey, Jasmine, Orchid, Peach, Red berries, Apricot, Blackberry, Lily of the valley, Plum, Rose","Patchouli, Chocolate, Caramel, Amber, Musk, Tonka bean, Vanilla",,Frutti,Flacone a stella sfaccettata,https://www.parfumo.com/Perfumes/mugler/Angel,https://fimgs.net/mdimg/perfume/375x500.704.jpg
p132,Mugler,Alien,Eau de Parfum,"Una costruzione essenziale di gelsomino, legni e accordo ambrato.",Jasmine,Woodsy Notes,Amber,,Resine e ambrati,Flacone viola sfaccettato con elementi dorati,https://www.parfumo.com/Perfumes/mugler/Alien,https://fimgs.net/mdimg/perfume/375x500.707.jpg
p133,Mugler,A*Men,Concentrazione non registrata,"Apertura di lavanda, bergamotto, coriandolo. Il cuore mette in relazione caramello, Patchouli, legno di cedro. Sul fondo: caffè, fava tonka, accordo ambrato.","Lavender, Bergamot, Coriander, Peppermint","Caramel, Patchouli, Cedarwood, Honey, Lily of the valley, Jasmine","Coffee, Tonka bean, Amber, Benzoin, Musk, Vanilla, Sandalwood, Styrax",,Dolci e gourmand,Flacone con stella frontale e rivestimento scuro,https://www.parfumo.com/Perfumes/mugler/A_Men_Angel_Men,
p134,Viktor & Rolf,Flowerbomb,Eau de Parfum,"Apertura di tè, bergamotto, osmanto. Il cuore mette in relazione orchidea, gelsomino, rosa. Sul fondo: Patchouli, muschio.","Tea, Bergamot, Osmanthus","Orchid, Jasmine, Rose, Freesia, African Orange flower","Patchouli, Musk",,Fiori,Flacone sfaccettato ispirato a una granata,https://github.com/ThatCoryGirl/Project4-Perfume,https://fimgs.net/mdimg/perfume/375x500.1460.jpg
p135,Viktor & Rolf,Spicebomb,Eau de Toilette,"Apertura di pepe rosa, bergamotto, pompelmo. Il cuore mette in relazione cannella, Chili, zafferano. Sul fondo: tabacco, cuoio, Vetiver.","Pink pepper, Bergamot, Grapefruit","Cinnamon, Chili, Saffron","Tobacco, Leather, Vetiver",,Spezie,Flacone cilindrico sfaccettato ispirato a una granata,https://www.parfumo.com/Perfumes/Viktor_Rolf/Spicebomb,
p136,Narciso Rodriguez,For Her,Eau de Toilette,"Il muschio collega fiori d’arancio, osmanto e legni ambrati.",,,,"Musk, Osmanthus, Amberwood, Orange blossom, Patchouli",Fiori,Flacone rettangolare nero opaco,https://www.parfumo.com/Perfumes/Narciso_Rodriguez/For_Her_Eau_de_Toilette,
p137,Narciso Rodriguez,Narciso,Eau de Parfum,"Apertura di Gardenia, rosa. Il cuore mette in relazione muschio, accordo ambrato. Sul fondo: White cedar, Black cedar, Vetiver.","Gardenia, Rose","Musk, Amber","White cedar, Black cedar, Vetiver",,Legni e radici,Flacone cubico con interno bianco,https://www.parfumo.com/Perfumes/Narciso_Rodriguez/Narciso,
p138,Chloé,Chloé (2008),Eau de Parfum,"Apertura di peonia, litchi, Freesia. Il cuore mette in relazione rosa, mughetto, Magnolia. Sul fondo: Virginia Cedar, accordo ambrato.","Peony, Litchi, Freesia","Rose, Lily-of-the-Valley, Magnolia","Virginia Cedar, Amber",,Fiori,Flacone scanalato con piastra metallica e nastro,https://github.com/ThatCoryGirl/Project4-Perfume,https://fimgs.net/mdimg/perfume/375x500.1733.jpg
p139,Chloé,Nomade,Eau de Parfum,Apertura di Freesia. Il cuore mette in relazione susina mirabella. Sul fondo: muschio di quercia.,Freesia,Mirabelle plum,Oakmoss,,Fiori,Flacone arrotondato con laccio al collo,https://www.parfumo.com/Perfumes/Chloe/Nomade,https://fimgs.net/mdimg/perfume/375x500.48434.jpg
p140,Marc Jacobs,Daisy,Eau de Toilette,"Apertura di foglia di violetta, pompelmo rosa, fragolina di bosco. Il cuore mette in relazione Gardenia, violetta, gelsomino. Sul fondo: legni chiari, muschio, vaniglia.","Violet leaf, Red grapefruit, Woodland strawberry","Gardenia, Violet, Jasmine","Blond woods, Musk, Vanilla",,Fiori,Flacone trasparente con tappo decorato da margherite,https://www.parfumo.com/Perfumes/Marc_Jacobs/Daisy,
p141,Carolina Herrera,Good Girl,Eau de Parfum,"Apertura di mandorla, bergamotto, caffè. Il cuore mette in relazione fiori d’arancio, Bulgarian rose, gelsomino sambac. Sul fondo: Roasted tonka bean, accordo ambrato, cacao.","Almond, Bergamot, Coffee, Lemon","Orange blossom, Bulgarian rose, Jasmine sambac, Tuberose, Cinnamon, Praliné","Roasted tonka bean, Amber, Cocoa, Patchouli, Cashmere, Musk, Sandalwood, Cedarwood",,Dolci e gourmand,Flacone a scarpa con tacco alto,https://www.parfumo.com/Perfumes/Carolina_Herrera/Good_Girl_Eau_de_Parfum,https://fimgs.net/mdimg/perfume/375x500.39681.jpg
p142,Tom Ford,Black Orchid,Eau de Parfum,"Apertura di tartufo nero, ribes nero, Ylang-ylang. Il cuore mette in relazione orchidea nera, note floreali, note fruttate. Sul fondo: balsamo, incenso, Patchouli.","Black truffle, Blackcurrant, Ylang-ylang, Bergamot","Black orchid, Floral notes, Fruity notes, Lotus wood","Balsam, Frankincense, Patchouli, Sandalwood, Vanilla, Vetiver",,Legni e radici,Flacone nero scanalato con placca dorata,https://www.parfumo.com/Perfumes/Tom_Ford/Black_Orchid_Eau_de_Parfum,https://fimgs.net/mdimg/perfume/375x500.1018.jpg
p143,Tom Ford,Tobacco Vanille,Eau de Parfum,"Tabacco e vaniglia si intrecciano a cacao, tonka e frutta essiccata.","Tobacco Leaf, Spicy Notes","Vanilla, Cacao, Tonka Bean, Tobacco blossom","Dried Fruits, Woody Notes",,Dolci e gourmand,Flacone scuro squadrato della linea Private Blend,https://www.parfumo.com/Perfumes/Tom_Ford/Tobacco_Vanille_Eau_de_Parfum,https://fimgs.net/mdimg/perfume/375x500.1825.jpg
p144,Tom Ford,Oud Wood,Eau de Parfum,"Legni, oud e spezie si appoggiano a un fondo caldo di tonka e ambra.",,,,"Cardamom, Pink pepper, Patchouli, Amber, Oud, Tonka bean, Rosewood, Sandalwood, Vetiver",Legni e radici,Flacone grigio scuro squadrato della linea Private Blend,https://www.tomfordbeauty.com/products/oud-wood-eau-de-parfum,
p145,Tom Ford,Tuscan Leather,Eau de Parfum,"Cuoio e pelle scamosciata incontrano lampone, zafferano e incenso.",,,,"Saffron, Raspberry, Thyme, Frankincense, Jasmine, Leather, Suede, Amberwood",Resine e ambrati,Flacone scuro squadrato della linea Private Blend,https://www.tomfordbeauty.co.uk/product/tuscan-leather-eau-de-parfum?size=100_ml,
p146,Tom Ford,Neroli Portofino,Eau de Parfum,"Apertura di bergamotto, mandarino, arancia amara. Il cuore mette in relazione African Orange flower, Neroli, gelsomino. Sul fondo: accordo ambrato, angelica, Ambrette (Musk Mallow).","Bergamot, Mandarin Orange, Bitter Orange, Lemon, Lavender, Rosemary, Myrtle","African Orange flower, Neroli, Jasmine, Pitosporum","Amber, Angelica, Ambrette (Musk Mallow)",,Agrumi,Flacone turchese squadrato della linea Private Blend,https://www.parfumo.com/Perfumes/Tom_Ford/Neroli_Portofino_Eau_de_Parfum,https://fimgs.net/mdimg/perfume/375x500.12192.jpg
p147,Tom Ford,Lost Cherry,Eau de Parfum,"Apertura di amarena, Bitter Almond, liquore. Il cuore mette in relazione amarena, prugna, Turkish Rose. Sul fondo: fava tonka, vaniglia, balsamo del Perù.","Sour Cherry, Bitter Almond, Liquor","Sour Cherry, Plum, Turkish Rose, Jasmine Sambac","Tonka Bean, Vanilla, Peru Balsam, Benzoin, Cinnamon, Sandalwood, Cedar, Cloves, Vetiver, Patchouli",,Legni e radici,Flacone rosso squadrato della linea Private Blend,https://www.parfumo.com/Perfumes/Tom_Ford/Lost_Cherry,https://fimgs.net/mdimg/perfume/375x500.51411.jpg
p148,Tom Ford,Grey Vetiver,Eau de Parfum,"Apertura di pompelmo, fiori d’arancio, salvia. Il cuore mette in relazione noce moscata, iris, pimento. Sul fondo: Vetiver, muschio di quercia, legni ambrati.","Grapefruit, Orange blossom, Sage, Woods","Nutmeg, Iris, Pimento","Vetiver, Oakmoss, Amberwood",,Fiori,Flacone trasparente scanalato con tappo metallico,https://www.parfumo.com/Perfumes/Tom_Ford/Grey_Vetiver,https://fimgs.net/mdimg/perfume/375x500.6697.jpg
p149,Creed,Aventus,Concentrazione non registrata,"Un contrasto fruttato-legnoso fra ananas, agrumi, betulla e muschi.","Apple, Bergamot, Blackcurrant, Lemon, Pink pepper","Pineapple, Indonesian patchouli, Jasmine","Birch, Ambergris, Cedarwood, Musk, Oakmoss",,Frutti,"Flacone con spalle inclinate, emblema e fascia scura",https://www.parfumo.com/Perfumes/Creed/aventus,https://fimgs.net/mdimg/perfume/375x500.9828.jpg
p150,Creed,Green Irish Tweed,Concentrazione non registrata,"Apertura di verbena, bergamotto, galbano. Il cuore mette in relazione lavanda, violetta, foglia di violetta. Sul fondo: ambra grigia, legno di cedro, muschio di quercia.","Vervain, Bergamot, Galbanum, Lemon, Peppermint","Lavender, Violet, Violet leaf, Egyptian geranium","Ambergris, Cedarwood, Oakmoss, Indian sandalwood",,Aromatiche e verdi,Flacone verde scuro con spalle inclinate ed emblema,https://www.parfumo.com/Perfumes/Creed/Green_Irish_Tweed,
p151,Creed,Silver Mountain Water,Concentrazione non registrata,"Apertura di bergamotto, ribes nero, galbano. Il cuore mette in relazione note ozoniche, tè. Sul fondo: muschio, sandalo.","Bergamot, Blackcurrant, Galbanum, Orange","Ozonic notes, Tea","Musk, Sandalwood",,Agrumi,Flacone bianco con tappo argentato,https://www.parfumo.com/Perfumes/Creed/Silver_Mountain_Water,
p152,Creed,Millesime Imperial,Concentrazione non registrata,"Apertura di bergamotto, ribes nero, foglia di violetta. Il cuore mette in relazione note marine, iris. Sul fondo: legno di cedro, muschio, sandalo.","Bergamot, Blackcurrant, Violet leaf","Marine notes, Iris","Cedarwood, Musk, Sandalwood",,Legni e radici,Flacone dorato con emblema e spalle inclinate,https://www.parfumo.com/Perfumes/Creed/Millesime_Imperial,
p153,Maison Francis Kurkdjian,Baccarat Rouge 540,Eau de Parfum,Zafferano e gelsomino introducono accordi ambrati e legni.,"Saffron, Jasmine","Amberwood, Ambergris","Fir Resin, Cedar",,Resine e ambrati,Flacone squadrato con etichetta rossa e tappo dorato,https://www.parfumo.com/Perfumes/Maison_Francis_Kurkdjian/Baccarat_Rouge_540_Eau_de_Parfum,https://fimgs.net/mdimg/perfume/375x500.33519.jpg
p154,Maison Francis Kurkdjian,Grand Soir,Concentrazione non registrata,"Un profilo che riunisce accordo ambrato, Siam Benzoin, vaniglia, fava tonka, Spanish Labdanum. Le note sono dichiarate senza una sequenza temporale.",,,,"Amber, Siam Benzoin, Vanilla, Tonka Bean, Spanish Labdanum",Resine e ambrati,Flacone squadrato ambrato e tappo dorato,https://www.parfumo.com/Perfumes/Maison_Francis_Kurkdjian/Grand_Soir,https://fimgs.net/mdimg/perfume/375x500.40816.jpg
p155,Maison Francis Kurkdjian,À la rose,Eau de Parfum,"Apertura di Bulgarian damask rose, Californian orange, Calabrian bergamot. Il cuore mette in relazione Magnolia, violetta. Sul fondo: May rose absolute, muschio, legno di cedro.","Bulgarian damask rose, Californian orange, Calabrian bergamot","Magnolia, Violet","May rose absolute, Musk, Cedar",,Fiori,Flacone squadrato trasparente e tappo dorato,https://www.parfumo.com/Perfumes/Maison_Francis_Kurkdjian/a-la-rose-eau-de-parfum,
p156,Maison Francis Kurkdjian,Oud Satin Mood,Eau de Parfum,"Un profilo che riunisce Bulgarian Rose, Turkish Rose, vaniglia, Agarwood (Oud), benzoino. Le note sono dichiarate senza una sequenza temporale.",,,,"Bulgarian Rose, Turkish Rose, Vanilla, Agarwood (Oud), Benzoin, Violet",Fiori,Flacone squadrato blu e tappo dorato,https://www.parfumo.com/Perfumes/Maison_Francis_Kurkdjian/Oud_Satin_Mood_Eau_de_Parfum,https://fimgs.net/mdimg/perfume/375x500.30352.jpg
p157,Le Labo,Santal 33,Eau de Parfum,"Sandalo, cedro e papiro costruiscono un accordo legnoso con accenti di cuoio.",,,,"Sandalwood, Papyrus, Leather, Virginia Cedar, Cardamom, Violet, iris, Amber",Legni e radici,Flacone cilindrico da laboratorio con etichetta tipografica,https://www.parfumo.com/Perfumes/Le_Labo/Santal_33_Eau_de_Parfum,https://fimgs.net/mdimg/perfume/375x500.12201.jpg
p158,Le Labo,Another 13,Eau de Parfum,"Un profilo che riunisce Iso E Super, ambra grigia, muschio, Ambrette (Musk Mallow), Amyl Salicylate. Le note sono dichiarate senza una sequenza temporale.",,,,"Iso E Super, Ambergris, Musk, Ambrette (Musk Mallow), Amyl Salicylate, Pear",Muschi e cuoio,Flacone cilindrico da laboratorio con etichetta tipografica,https://www.parfumo.com/Perfumes/Le_Labo/AnOther_13,https://fimgs.net/mdimg/perfume/375x500.10131.jpg
p159,Le Labo,Rose 31,Eau de Parfum,"Un profilo che riunisce cumino, rosa, legno di cedro, Rose absolute, legno di guaiaco. Le note sono dichiarate senza una sequenza temporale.",,,,"Cumin, Rose, Cedarwood, Rose absolute, Gaiac wood, Musk, Vetiver, Cistus, Frankincense, Oud",Legni e radici,Flacone cilindrico da laboratorio con etichetta tipografica,https://www.parfumo.com/Perfumes/Le_Labo/Rose_31_Eau_de_Parfum,
p160,Byredo,Bal d'Afrique,Eau de Parfum,"Apertura di tagete, bergamotto, Buchu. Il cuore mette in relazione Cyclamen, gelsomino, violetta. Sul fondo: muschio, Vetiver, accordo ambrato.","Tagetes, Bergamot, Buchu, Lemon, Neroli","Cyclamen, Jasmine, Violet","Musk, Vetiver, Amber, Atlas cedar",,Fiori,Flacone cilindrico basso con tappo nero arrotondato,https://www.parfumo.com/Perfumes/Byredo/Bal_d_Afrique_Eau_de_Parfum,https://fimgs.net/mdimg/perfume/375x500.6458.jpg
p161,Byredo,Gypsy Water,Eau de Parfum,"Apertura di bacca di ginepro, limone, bergamotto. Il cuore mette in relazione aghi di pino, iris, incenso. Sul fondo: vaniglia, sandalo, accordo ambrato.","Juniper berry, Lemon, Bergamot, Pepper","Pine needle, Iris, Frankincense","Vanilla, Sandalwood, Amber",,Resine e ambrati,Flacone cilindrico basso con tappo nero arrotondato,https://www.parfumo.com/Perfumes/Byredo/Gypsy_Water_Eau_de_Parfum,https://fimgs.net/mdimg/perfume/375x500.3575.jpg
p162,Byredo,Mojave Ghost,Eau de Parfum,"Apertura di Sapote, ambretta. Il cuore mette in relazione violetta, sandalo, Magnolia. Sul fondo: muschio, accordo ambrato, legno di cedro.","Sapote, Ambrette","Violet, Sandalwood, Magnolia","Musk, Amber, Cedarwood, Vetiver",,Legni e radici,Flacone cilindrico basso con tappo nero arrotondato,https://www.parfumo.com/Perfumes/Byredo/Mojave_Ghost_Eau_de_Parfum,
p163,Byredo,Blanche,Eau de Parfum,"Apertura di aldeidi, rosa centifolia. Il cuore mette in relazione peonia, violetta. Sul fondo: muschio, sandalo.","Aldehydes, Rosa centifolia","Peony, Violet","Musk, Sandalwood",,Fiori,Flacone cilindrico basso con tappo nero arrotondato,https://www.parfumo.com/Perfumes/Byredo/Blanche_Eau_de_Parfum,https://fimgs.net/mdimg/perfume/375x500.6686.jpg
p164,Diptyque,Philosykos,Eau de Toilette,"Fico, foglie e legno del fico raccontano una struttura verde.",,,,"Fig, Fig leaf, Fig wood, Black pepper",Spezie,Flacone ovale con etichetta illustrata in bianco e nero,https://www.parfumo.com/Perfumes/Diptyque/Philosykos,
p165,Diptyque,Tam Dao,Eau de Toilette,Sandalo e cedro si accompagnano a mirto e cipresso.,,,,"Mysore sandalwood, Cedar, Myrtle, Cypress",Legni e radici,Flacone ovale con etichetta illustrata in bianco e nero,https://www.parfumo.com/Perfumes/Diptyque/Tam_Dao,
p166,Diptyque,Do Son,Eau de Toilette,"Un profilo che riunisce tuberosa, gelsomino, note marine, fiori d’arancio. Le note sono dichiarate senza una sequenza temporale.",,,,"Tuberose, Jasmine, Marine notes, Orange blossom",Fiori,Flacone ovale con etichetta illustrata in bianco e nero,https://www.parfumo.com/Perfumes/Diptyque/Do_Son,
p167,Diptyque,Eau Duelle,Eau de Toilette,"Un profilo che riunisce Bourbon Vanilla, resina di elemi, cardamomo, ginepro, incenso. Le note sono dichiarate senza una sequenza temporale.",,,,"Bourbon Vanilla, Elemi resin, Cardamom, Juniper, Olibanum, Pink Pepper, Black Tea, Ambergris, Bergamot, Saffron, Musk",Resine e ambrati,Flacone ovale con etichetta illustrata in bianco e nero,https://www.parfumo.com/Perfumes/Diptyque/Eau_Duelle,https://fimgs.net/mdimg/perfume/375x500.9241.jpg
p168,Jo Malone,Lime Basil & Mandarin,Cologne,"Apertura di lime, mandarino, bergamotto. Il cuore mette in relazione basilico, timo bianco, iris. Sul fondo: Vetiver, legni ambrati, Patchouli.","Lime, Mandarin orange, Bergamot","Basil, White thyme, Iris, Lilac","Vetiver, Amberwood, Patchouli",,Agrumi,Flacone rettangolare con etichetta crema e tappo metallico,https://www.parfumo.com/Perfumes/Jo_Malone/Lime_Basil__Mandarin,
p169,Jo Malone,English Pear & Freesia,Cologne,"Un profilo che riunisce White freesia, Williams pear, Patchouli, legni, accordo ambrato. Le note sono dichiarate senza una sequenza temporale.",,,,"White freesia, Williams pear, Patchouli, Woods, Amber",Legni e radici,Flacone rettangolare con etichetta crema e tappo metallico,https://www.parfumo.com/Perfumes/Jo_Malone/english-pear-freesia-cologne,
p170,Jo Malone,Wood Sage & Sea Salt,Cologne,"Salvia, sale marino e ambretta traducono un tema aromatico e minerale.",Ambrette seed,"Mineral notes, Sea salt",Sage,,Freschi e astratti,Flacone rettangolare con etichetta crema e tappo metallico,https://www.parfumo.com/Perfumes/Jo_Malone/Wood_Sage__Sea_Salt_Cologne,
p171,Jo Malone,Pomegranate Noir,Cologne,"Un profilo che riunisce Patchouli, pepe rosa, Pomegranate juice, legno di guaiaco, Casablanca lily. Le note sono dichiarate senza una sequenza temporale.",,,,"Patchouli, Pink pepper, Pomegranate juice, Gaiac wood, Casablanca lily",Legni e radici,Flacone rettangolare con etichetta crema e tappo metallico,https://www.parfumo.com/Perfumes/Jo_Malone/Pomegranate_Noir_Cologne,
p172,Editions de Parfums Frédéric Malle,Portrait of a Lady,Eau de Parfum,"La rosa turca si lega a spezie, frutti scuri, patchouli e incenso.",Turkish rose,"Blackcurrant, Clove, Raspberry","Frankincense, Patchouli, Sandalwood",,Frutti,Flacone cilindrico con etichetta nera e rossa,https://www.parfumo.com/Perfumes/Editions_de_Parfum_Frederic_Malle/portrait-of-a-lady-eau-de-parfum,
p173,Editions de Parfums Frédéric Malle,Musc Ravageur,Eau de Parfum,"Apertura di cannella, lavanda, bergamotto. Il cuore mette in relazione muschio, vaniglia, accordo ambrato. Sul fondo: muschio, Patchouli, sandalo.","Cinnamon, Lavender, Bergamot, Mandarin orange","Musk, Vanilla, Amber","Musk, Patchouli, Sandalwood",,Agrumi,Flacone cilindrico con etichetta nera e rossa,https://www.parfumo.com/Perfumes/Editions_de_Parfum_Frederic_Malle/musc-ravageur-eau-de-parfum,
p174,Editions de Parfums Frédéric Malle,Carnal Flower,Eau de Parfum,"Una tuberosa sostenuta da fiori bianchi, eucalipto e cocco.","Eucalyptus, Bergamot, Melon","Jasmine absolute, Ylang-ylang, Salicylate","Tuberose absolute, Coconut, Orange blossom absolute, White musk",,Fiori,Flacone cilindrico con etichetta nera e rossa,https://www.parfumo.com/Perfumes/Editions_de_Parfum_Frederic_Malle/carnal-flower-eau-de-parfum,
p175,Editions de Parfums Frédéric Malle,Vétiver Extraordinaire,Concentrazione non registrata,"Apertura di bergamotto, arancia amara, pepe rosa. Il cuore mette in relazione Haitian vetiver, Cashmeran, legno di cedro. Sul fondo: muschio di quercia, muschio.","Bergamot, Bitter orange, Pink pepper","Haitian vetiver, Cashmeran, Cedarwood, Sandalwood","Oakmoss, Musk",,Legni e radici,Flacone cilindrico con etichetta nera e rossa,https://www.parfumo.com/Perfumes/Editions_de_Parfum_Frederic_Malle/Vetiver_Extraordinaire,
p176,Serge Lutens,Féminité du bois,Eau de Parfum,"Apertura di Virginia Cedar, prugna, cannella. Il cuore mette in relazione chiodi di garofano, zenzero, Ylang-Ylang. Sul fondo: sandalo, benzoino, muschio.","Virginia Cedar, Plum, Cinnamon, Peach","Clove, Ginger, Ylang-Ylang, Violet, Rose, African Orange flower","Sandalwood, Benzoin, Musk, Vanilla",,Fiori,Flacone rettangolare slanciato con tappo nero,https://www.parfumo.com/Perfumes/Serge_Lutens/Feminite_du_Bois,https://fimgs.net/mdimg/perfume/375x500.5749.jpg
p177,Serge Lutens,Ambre sultan,Eau de Parfum,"Un profilo che riunisce accordo ambrato, vaniglia, Patchouli. Le note sono dichiarate senza una sequenza temporale.",,,,"Amber, Vanilla, Patchouli",Resine e ambrati,Flacone rettangolare slanciato con tappo nero,https://www.parfumo.com/Perfumes/Serge_Lutens/ambre-sultan-eau-de-parfum,
p178,Serge Lutens,Chergui,Eau de Parfum,"Un profilo che riunisce foglia di tabacco, miele, accordo ambrato, fieno, incenso. Le note sono dichiarate senza una sequenza temporale.",,,,"Tobacco Leaf, Honey, Amber, Hay, Incense, Sandalwood, iris, Musk, Rose",Resine e ambrati,Flacone rettangolare slanciato con tappo nero,https://www.parfumo.com/Perfumes/Serge_Lutens/chergui-eau-de-parfum,https://fimgs.net/mdimg/perfume/375x500.2762.jpg
p179,Serge Lutens,La Fille de Berlin,Eau de Parfum,"Rosa e geranio al centro, con miele e un fondo di muschio vegetale e patchouli.","Rose, Geranium",Palmarosa,"Honey, Moss, Patchouli",,Fiori,Flacone rettangolare slanciato con liquido rosso e tappo nero,https://github.com/ThatCoryGirl/Project4-Perfume,https://fimgs.net/mdimg/perfume/375x500.17162.jpg
p180,L'Artisan Parfumeur,Timbuktu,Concentrazione non registrata,"Apertura di mango verde, cardamomo, pepe rosa. Il cuore mette in relazione incenso, papiro, Karo Karounde. Sul fondo: Vetiver, mirra, benzoino.","Green mango, Cardamom, Pink pepper","Frankincense, Papyrus, Karo Karounde","Vetiver, Myrrh, Benzoin, Patchouli",,Resine e ambrati,Flacone poligonale; presentazione variabile fra edizioni,https://www.parfumo.com/Perfumes/LArtisan_Parfumeur/Timbuktu,https://fimgs.net/mdimg/perfume/375x500.1267.jpg
p181,L'Artisan Parfumeur,Mûre et Musc,Eau de Toilette,"Apertura di lavanda, arancia, limone. Il cuore mette in relazione mora, gelsomino. Sul fondo: muschio, muschio di quercia, Patchouli.","Lavender, Orange, Lemon, Basil","Blackberry, Jasmine","Musk, Oakmoss, Patchouli",,Aromatiche e verdi,Flacone poligonale; presentazione variabile fra edizioni,https://www.parfumo.com/Perfumes/LArtisan_Parfumeur/Mure_et_Musk,
p182,Goutal,Eau d'Hadrien,Eau de Toilette,"Apertura di cedro agrume, Sicilian lemon, bergamotto. Il cuore mette in relazione Italian green mandarin orange, bacca di ginepro. Sul fondo: cipresso, Ylang-ylang, muschio.","Citron, Sicilian lemon, Bergamot, Grapefruit","Italian green mandarin orange, Juniper berry","Cypress, Ylang-ylang, Musk",,Agrumi,Flacone scanalato con etichetta e tappo dorato nelle edizioni storiche,https://www.parfumo.com/Perfumes/goutal/Eau_d_Hadrien,
p183,Goutal,Petite Chérie,Eau de Parfum,"Apertura di pera, pesca, erba. Il cuore mette in relazione rosa muschiata. Sul fondo: vaniglia, muschi bianchi.","Pear, Peach, Grass",Musk rose,"Vanilla, White musk",,Frutti,Flacone scanalato con etichetta e tappo dorato nelle edizioni storiche,https://www.parfumo.com/Perfumes/goutal/Petite_Cherie,
p184,Amouage,Interlude Man,Concentrazione non registrata,"Incenso e resine accompagnano spezie, cuoio e oud.","Oregano, Pimento, Bergamot","Frankincense, Opoponax, Amber, Cistus","Leather, Oud, Patchouli, Sandalwood",,Resine e ambrati,Flacone blu squadrato con tappo a cupola,https://www.parfumo.com/Perfumes/Amouage/Interlude_Man,
p185,Amouage,Reflection Man,Concentrazione non registrata,"Apertura di foglia d’arancio amaro, pepe rosso, rosmarino. Il cuore mette in relazione Neroli, gelsomino, iris. Sul fondo: sandalo, Haitian vetiver, Virginia cedar.","Bitter orange leaf, Red pepper, Rosemary","Neroli, Jasmine, Iris, Ylang-ylang","Sandalwood, Haitian vetiver, Virginia cedar, Patchouli",,Fiori,Flacone argentato squadrato con tappo a cupola,https://www.parfumo.com/Perfumes/Amouage/Reflection_Man,
p186,Amouage,Jubilation XXV Man,Concentrazione non registrata,"Apertura di mora, incenso, coriandolo. Il cuore mette in relazione chiodi di garofano, cannella, legno di guaiaco. Sul fondo: mirra, oud, Atlas cedar.","Blackberry, Frankincense, Coriander, Davana, Labdanum, Orange","Clove, Cinnamon, Gaiac wood, Honey, Laurel, Rose, Celery seed, Orchid","Myrrh, Oud, Atlas cedar, Moss, Musk, Omanian ambergris, Opoponax, Patchouli, Tree moss, Immortelle",,Spezie,Flacone ambrato squadrato con tappo a cupola,https://www.parfumo.com/Perfumes/Amouage/Jubilation_25_for_Men,https://fimgs.net/mdimg/perfume/375x500.2366.jpg
p187,Amouage,Gold Woman,Eau de Parfum,"Apertura di rosa, mughetto, incenso. Il cuore mette in relazione mirra, Grasse jasmine, Florentine iris. Sul fondo: ambra grigia, muschio, legno di cedro.","Rose, Lily of the valley, Frankincense","Myrrh, Grasse jasmine, Florentine iris","Ambergris, Musk, Cedar, Civet, Sandalwood, Oakmoss, Patchouli",,Fiori,Flacone dorato femminile dalle spalle curve,https://www.parfumo.com/Perfumes/Amouage/Gold_Woman,
p188,Parfums de Marly,Layton,Concentrazione non registrata,"Apertura di mela, lavanda, bergamotto. Il cuore mette in relazione geranio, gelsomino, violetta. Sul fondo: vaniglia, cardamomo, legno di guaiaco.","Apple, Lavender, Bergamot, Mandarin orange","Geranium, Jasmine, Violet","Vanilla, Cardamom, Gaiac wood, Sandalwood, Patchouli, Pink pepper",,Legni e radici,Flacone blu con cavalli in rilievo,https://www.parfumo.com/Perfumes/Parfums_de_Marly/Layton,https://fimgs.net/mdimg/perfume/375x500.39314.jpg
p189,Parfums de Marly,Delina,Eau de Parfum,"Apertura di rabarbaro, litchi, bergamotto. Il cuore mette in relazione Turkish rose, peonia, mughetto. Sul fondo: Cashmeran, vaniglia, muschi bianchi.","Rhubarb, Lychee, Bergamot, Nutmeg","Turkish rose, Peony, Lily of the valley","Cashmeran, Vanilla, White musk, Cedarwood, Frankincense, Vetiver",,Legni e radici,Flacone rosa con rilievi e nappe al collo,https://www.parfumo.com/Perfumes/Parfums_de_Marly/Delina,https://fimgs.net/mdimg/perfume/375x500.43871.jpg
p190,XerJoff,Naxos,Concentrazione non registrata,"Agrumi e lavanda introducono miele, tabacco e vaniglia.","Lavender, Bergamot, Lemon","Honey, Cashmere, Cinnamon, Jasmine sambac","Tobacco, Tonka bean, Vanilla",,Dolci e gourmand,Flacone con spalle curve e tappo dorato appuntito,https://www.parfumo.com/Perfumes/Xerjoff/naxos,
p191,XerJoff,Erba Pura,Concentrazione non registrata,"Apertura di Calabrian bergamot, Sicilian lemon, Sicilian orange. Il cuore mette in relazione note fruttate. Sul fondo: muschi bianchi, accordo ambrato, Bourbon vanilla.","Calabrian bergamot, Sicilian lemon, Sicilian orange",Fruity notes,"White musk, Amber, Bourbon vanilla",,Agrumi,Flacone turchese con tappo dorato appuntito,https://www.parfumo.com/Perfumes/Xerjoff/Erba_Pura,
p192,Nishane,Hacivat,Concentrazione non registrata,"Apertura di ananas, pompelmo, bergamotto. Il cuore mette in relazione legno di cedro, Patchouli, gelsomino. Sul fondo: muschio di quercia, Clearwood™, legni secchi.","Pineapple, Grapefruit, Bergamot","Cedarwood, Patchouli, Jasmine","Oakmoss, Clearwood™, Dry woods",,Legni e radici,Flacone rettangolare con placca e tappo metallico,https://www.parfumo.com/Perfumes/Nishane/Hacivat,https://fimgs.net/mdimg/perfume/375x500.44174.jpg
p193,Nishane,Ani,Extrait de Parfum,"Zenzero e bergamotto aprono un fondo vanigliato, resinoso e legnoso.","Ginger, Bergamot, Pink Pepper, Green Notes","Black Currant, Cardamom, Turkish Rose","Vanilla, Sandalwood, Benzoin, Cedar, Patchouli, Ambergris, Musk",,Spezie,Flacone rettangolare con placca e tappo metallico,https://github.com/ThatCoryGirl/Project4-Perfume,https://fimgs.net/mdimg/perfume/375x500.54785.jpg
p194,Kilian,"Love, Don't Be Shy",Perfume,"Un profilo che riunisce marshmallow, Orange blossom absolute, Neroli, accordo ambrato, caprifoglio. Le note sono dichiarate senza una sequenza temporale.",,,,"Marshmallow, Orange blossom absolute, Neroli, Amber, Honeysuckle, Rose",Fiori,Flacone della collezione The Narcotics; presentazione variabile fra edizioni,https://www.parfumo.com/Perfumes/Kilian/Love,
p195,Kilian,Angels' Share,Concentrazione non registrata,"Cognac, cannella e quercia trovano una base di pralinato, vaniglia e sandalo.",Cognac,"Cinnamon, Tonka Bean, Oak","Praline, Vanilla, Sandalwood",,Dolci e gourmand,Flacone a bicchiere sfaccettato con tappo trasparente,https://www.parfumo.com/Perfumes/Kilian/angels-share,https://fimgs.net/mdimg/perfume/375x500.62615.jpg
p196,Escentric Molecules,Molecule 01,Eau de Toilette,Una composizione presentata attorno a Iso E Super: un riferimento per il tema legnoso molecolare.,,,,ISO-E-Super,Legni e radici,Flacone rettangolare trasparente con grafica molecolare,https://www.parfumo.com/Perfumes/Escentric_Molecules/Molecule_01,
p197,Juliette Has A Gun,Not a Perfume,Eau de Parfum,Un profilo ambrato molecolare costruito attorno al tema Cetalox.,,,,"Ambroxan, Cetalox",Resine e ambrati,Flacone bianco con grafica nera e tappo metallico,https://www.parfumo.com/Perfumes/Juliette_Has_a_Gun/not-a-perfume-eau-de-parfum,https://fimgs.net/mdimg/perfume/375x500.10296.jpg
p198,Comme des Garçons,Comme des Garçons 2,Eau de Parfum,"Aldeidi, inchiostro, incenso e legni compongono un contrasto astratto.",,,,"Aldehydes, Cade juniper, Frankincense, Magnolia absolute, Chinese toon, Ink, Maté absolute, Amber, Angelica root, Labdanum, Vetiver, Cumin, Patchouli",Freschi e astratti,Flacone argentato ovale asimmetrico da appoggio,https://www.parfumo.com/Perfumes/Comme_des_Garons/Comme_des_Garcons_2,
p199,Lalique,Encre Noire,Eau de Toilette,Cipresso e diverse sfumature di vetiver formano un profilo legnoso scuro.,"Cypress, Vetiveryl acetate","Bourbon vetiver, Haitian vetiver","Cashmere wood, Musk",,Legni e radici,Flacone cubico scuro e tappo dall’aspetto ligneo,https://www.parfumo.com/Perfumes/Lalique/Encre_Noire_Eau_de_Toilette,https://fimgs.net/mdimg/perfume/375x500.1834.jpg
p200,Maison Margiela,Replica - By the Fireplace,Concentrazione non registrata,Castagna e legni si appoggiano a vaniglia e balsamo del Perù.,"Clove, Pink pepper, Orange blossom","Gaiac wood, Chestnut, Canary Islands juniper","Vanilla, Cashmeran, Peru balsam",,Legni e radici,Flacone da farmacia con etichetta tessile e collo a cordoncino,https://www.parfumo.com/Perfumes/Maison_Margiela/Replica__By_the_Fireplace,
