Source,Target,Weight,Type
hermes-birkin,louis-vuitton-steamer,1,Undirected
hermes-birkin,dior-lady-dior,0.96875,Undirected
hermes-birkin,celine-16,1,Undirected
hermes-birkin,michael-kors-hamilton,1,Undirected
hermes-kelly,balenciaga-rodeo,1,Undirected
hermes-kelly,celine-luggage,1,Undirected
hermes-kelly,celine-belt,1,Undirected
hermes-kelly,chloe-paraty,1,Undirected
hermes-constance,dior-30-montaigne,1,Undirected
hermes-constance,fendi-baguette,1,Undirected
hermes-constance,tods-t-timeless,1,Undirected
hermes-constance,burberry-tb,1,Undirected
hermes-evelyne,louis-vuitton-papillon,0.9375,Undirected
hermes-evelyne,loewe-gate,1,Undirected
hermes-evelyne,chloe-marcie,0.9375,Undirected
hermes-evelyne,mulberry-amberley,1,Undirected
hermes-evelyne,giorgio-armani-la-prima,1,Undirected
hermes-evelyne,coach-saddle-bag,0.9375,Undirected
hermes-picotin-lock,balenciaga-city,0.875,Undirected
hermes-picotin-lock,balenciaga-le-cagole,0.875,Undirected
hermes-picotin-lock,chloe-paddington,0.875,Undirected
hermes-picotin-lock,stella-mccartney-falabella,0.875,Undirected
hermes-picotin-lock,alexander-wang-rocco,0.875,Undirected
hermes-bolide,hermes-lindy,1,Undirected
hermes-bolide,louis-vuitton-pochette-accessoires,0.84375,Undirected
hermes-bolide,fendi-by-the-way,1,Undirected
hermes-bolide,miu-miu-arcadie,0.96875,Undirected
hermes-bolide,miu-miu-aventure,0.9375,Undirected
hermes-bolide,loewe-puzzle,1,Undirected
hermes-bolide,givenchy-nightingale,1,Undirected
hermes-bolide,tods-d-bag,1,Undirected
hermes-lindy,fendi-by-the-way,1,Undirected
hermes-lindy,miu-miu-arcadie,0.96875,Undirected
hermes-lindy,miu-miu-aventure,0.9375,Undirected
hermes-lindy,loewe-puzzle,1,Undirected
hermes-lindy,givenchy-nightingale,1,Undirected
hermes-lindy,tods-d-bag,1,Undirected
hermes-garden-party,louis-vuitton-neverfull,1,Undirected
hermes-garden-party,chloe-woody,1,Undirected
hermes-garden-party,longchamp-le-pliage,1,Undirected
hermes-garden-party,goyard-saint-louis,1,Undirected
hermes-garden-party,goyard-artois,1,Undirected
hermes-garden-party,burberry-pocket,1,Undirected
hermes-herbag-zip,balenciaga-rodeo,1,Undirected
hermes-herbag-zip,celine-luggage,1,Undirected
hermes-herbag-zip,celine-belt,1,Undirected
hermes-herbag-zip,chloe-paraty,1,Undirected
hermes-haut-a-courroies,louis-vuitton-pochette-metis,0.9375,Undirected
hermes-haut-a-courroies,balenciaga-hourglass,1,Undirected
hermes-haut-a-courroies,ferragamo-hug,1,Undirected
hermes-haut-a-courroies,delvaux-brillant,1,Undirected
hermes-haut-a-courroies,aspinal-of-london-mayfair,1,Undirected
chanel-2-55,chanel-boy,1,Undirected
chanel-2-55,balenciaga-crush,1,Undirected
chanel-2-55,valentino-rockstud-spike,1,Undirected
chanel-2-55,valentino-roman-stud,1,Undirected
chanel-2-55,olympia-le-tan-book-clutch,0.875,Undirected
chanel-classic-11-12,chanel-19,1,Undirected
chanel-classic-11-12,gucci-gg-marmont,1,Undirected
chanel-classic-11-12,saint-laurent-loulou,1,Undirected
chanel-classic-11-12,burberry-lola,1,Undirected
chanel-classic-11-12,tory-burch-fleming,1,Undirected
chanel-boy,balenciaga-crush,1,Undirected
chanel-boy,valentino-rockstud-spike,1,Undirected
chanel-boy,valentino-roman-stud,1,Undirected
chanel-gabrielle,gucci-jackie-1961,1,Undirected
chanel-gabrielle,fendi-spy,1,Undirected
chanel-gabrielle,miu-miu-wander,0.96875,Undirected
chanel-gabrielle,miu-miu-coffer,0.90625,Undirected
chanel-gabrielle,saint-laurent-mombasa,1,Undirected
chanel-gabrielle,jw-anderson-bumper,1,Undirected
chanel-gabrielle,the-row-half-moon,1,Undirected
chanel-gabrielle,lesportsac-classic-hobo,0.96875,Undirected
chanel-19,gucci-gg-marmont,1,Undirected
chanel-19,saint-laurent-loulou,1,Undirected
chanel-19,burberry-lola,1,Undirected
chanel-19,tory-burch-fleming,1,Undirected
chanel-22,saint-laurent-icare,0.875,Undirected
chanel-22,stella-mccartney-falabella,0.90625,Undirected
chanel-22,alexander-wang-rocco,0.84375,Undirected
chanel-22,marc-jacobs-stam,0.875,Undirected
louis-vuitton-speedy,balenciaga-city,1,Undirected
louis-vuitton-speedy,loewe-amazona,1,Undirected
louis-vuitton-speedy,chloe-paddington,1,Undirected
louis-vuitton-speedy,mulberry-roxanne,1,Undirected
louis-vuitton-speedy,alexander-wang-rocco,1,Undirected
louis-vuitton-alma,gucci-soho-disco,0.90625,Undirected
louis-vuitton-alma,gucci-ophidia,0.90625,Undirected
louis-vuitton-alma,dior-saddle,0.90625,Undirected
louis-vuitton-alma,marc-jacobs-snapshot,0.90625,Undirected
louis-vuitton-neverfull,chloe-woody,1,Undirected
louis-vuitton-neverfull,goyard-artois,1,Undirected
louis-vuitton-neverfull,burberry-pocket,1,Undirected
louis-vuitton-noe,delvaux-pin,1,Undirected
louis-vuitton-noe,lancel-premier-flirt,1,Undirected
louis-vuitton-noe,mansur-gavriel-bucket-bag,1,Undirected
louis-vuitton-noe,coach-duffle-sac,1,Undirected
louis-vuitton-keepall,saint-laurent-icare,0.84375,Undirected
louis-vuitton-pochette-accessoires,loewe-flamenco,1,Undirected
louis-vuitton-pochette-accessoires,celine-trio,1,Undirected
louis-vuitton-pochette-accessoires,lulu-guinness-lips-clutch,0.875,Undirected
louis-vuitton-pochette-metis,celine-classic-box,1,Undirected
louis-vuitton-pochette-metis,celine-triomphe,1,Undirected
louis-vuitton-pochette-metis,coach-tabby,1,Undirected
louis-vuitton-petite-malle,prada-cahier,1,Undirected
louis-vuitton-petite-malle,givenchy-pandora,1,Undirected
louis-vuitton-petite-malle,valextra-tric-trac,1,Undirected
louis-vuitton-petite-malle,cartier-guirlande,1,Undirected
louis-vuitton-petite-malle,savette-symmetry,1,Undirected
louis-vuitton-twist,louis-vuitton-dauphine,1,Undirected
louis-vuitton-twist,gucci-blondie,1,Undirected
louis-vuitton-twist,saint-laurent-kate,1,Undirected
louis-vuitton-twist,saint-laurent-niki,1,Undirected
louis-vuitton-twist,valentino-loco,1,Undirected
louis-vuitton-capucines,saint-laurent-sac-de-jour,1,Undirected
louis-vuitton-capucines,versace-palazzo-empire,1,Undirected
louis-vuitton-capucines,versace-la-medusa,1,Undirected
louis-vuitton-capucines,3-1-phillip-lim-pashli,0.9375,Undirected
louis-vuitton-dauphine,gucci-blondie,1,Undirected
louis-vuitton-dauphine,saint-laurent-kate,1,Undirected
louis-vuitton-dauphine,saint-laurent-niki,1,Undirected
louis-vuitton-dauphine,valentino-loco,1,Undirected
louis-vuitton-onthego,fendi-sunshine,1,Undirected
louis-vuitton-onthego,prada-symbole,1,Undirected
louis-vuitton-onthego,saint-laurent-icare,0.84375,Undirected
louis-vuitton-onthego,telfar-shopping-bag,0.9375,Undirected
louis-vuitton-onthego,marc-jacobs-the-tote-bag,0.9375,Undirected
louis-vuitton-papillon,loewe-gate,0.9375,Undirected
louis-vuitton-papillon,mulberry-amberley,0.9375,Undirected
louis-vuitton-papillon,giorgio-armani-la-prima,0.9375,Undirected
louis-vuitton-papillon,coperni-swipe,0.875,Undirected
louis-vuitton-papillon,coperni-air-swipe,0.84375,Undirected
louis-vuitton-papillon,alaia-le-cur,0.84375,Undirected
louis-vuitton-steamer,dior-lady-dior,0.96875,Undirected
louis-vuitton-steamer,celine-16,1,Undirected
louis-vuitton-steamer,michael-kors-hamilton,1,Undirected
gucci-jackie-1961,fendi-spy,1,Undirected
gucci-jackie-1961,miu-miu-wander,0.96875,Undirected
gucci-jackie-1961,miu-miu-coffer,0.90625,Undirected
gucci-jackie-1961,saint-laurent-mombasa,1,Undirected
gucci-jackie-1961,jw-anderson-bumper,1,Undirected
gucci-jackie-1961,the-row-half-moon,1,Undirected
gucci-jackie-1961,lesportsac-classic-hobo,0.96875,Undirected
gucci-bamboo-1947,bottega-veneta-andiamo,0.9375,Undirected
gucci-bamboo-1947,balenciaga-hourglass,0.9375,Undirected
gucci-bamboo-1947,delvaux-brillant,0.9375,Undirected
gucci-bamboo-1947,aspinal-of-london-mayfair,0.9375,Undirected
gucci-horsebit-1955,bottega-veneta-cassette,0.9375,Undirected
gucci-horsebit-1955,balenciaga-rodeo,0.9375,Undirected
gucci-horsebit-1955,longchamp-box-trot,1,Undirected
gucci-horsebit-1955,jacquemus-le-bambino,1,Undirected
gucci-dionysus,dior-diorama,1,Undirected
gucci-dionysus,chloe-faye,1,Undirected
gucci-dionysus,mulberry-lily,1,Undirected
gucci-dionysus,alexander-mcqueen-jewelled-satchel,1,Undirected
gucci-dionysus,jw-anderson-pierce,1,Undirected
gucci-gg-marmont,saint-laurent-loulou,1,Undirected
gucci-gg-marmont,burberry-lola,1,Undirected
gucci-gg-marmont,tory-burch-fleming,1,Undirected
gucci-soho-disco,gucci-ophidia,1,Undirected
gucci-soho-disco,fendi-sunshine,0.90625,Undirected
gucci-soho-disco,marc-jacobs-snapshot,1,Undirected
gucci-soho-disco,coach-rogue,0.90625,Undirected
gucci-diana,dior-book-tote,0.96875,Undirected
gucci-diana,bottega-veneta-cabat,1,Undirected
gucci-diana,burberry-pocket,0.9375,Undirected
gucci-diana,alaia-mina,1,Undirected
gucci-blondie,saint-laurent-kate,1,Undirected
gucci-blondie,saint-laurent-niki,1,Undirected
gucci-blondie,valentino-loco,1,Undirected
gucci-ophidia,fendi-sunshine,0.90625,Undirected
gucci-ophidia,marc-jacobs-snapshot,1,Undirected
gucci-ophidia,coach-rogue,0.90625,Undirected
dior-lady-dior,celine-16,0.96875,Undirected
dior-lady-dior,michael-kors-hamilton,0.96875,Undirected
dior-saddle,dior-bobby,0.9375,Undirected
dior-saddle,prada-re-edition-2000,0.875,Undirected
dior-saddle,prada-cleo,0.90625,Undirected
dior-saddle,bottega-veneta-veneta,0.84375,Undirected
dior-saddle,saint-laurent-le-5-a-7,0.90625,Undirected
dior-book-tote,bottega-veneta-cabat,0.96875,Undirected
dior-book-tote,vera-bradley-vera-tote,0.96875,Undirected
dior-book-tote,alaia-mina,0.96875,Undirected
dior-diorama,fendi-first,0.84375,Undirected
dior-diorama,chloe-faye,1,Undirected
dior-diorama,mulberry-lily,1,Undirected
dior-diorama,alexander-mcqueen-jewelled-satchel,1,Undirected
dior-diorama,jw-anderson-pierce,1,Undirected
dior-30-montaigne,fendi-baguette,1,Undirected
dior-30-montaigne,tods-t-timeless,1,Undirected
dior-30-montaigne,burberry-tb,1,Undirected
dior-30-montaigne,diesel-1dr,0.9375,Undirected
dior-bobby,loewe-squeeze,0.84375,Undirected
dior-bobby,celine-trapeze,0.84375,Undirected
dior-bobby,3-1-phillip-lim-pashli,0.84375,Undirected
fendi-baguette,tods-t-timeless,1,Undirected
fendi-baguette,burberry-tb,1,Undirected
fendi-baguette,diesel-1dr,0.9375,Undirected
fendi-peekaboo,balenciaga-rodeo,1,Undirected
fendi-peekaboo,celine-luggage,1,Undirected
fendi-peekaboo,celine-belt,1,Undirected
fendi-peekaboo,givenchy-antigona,1,Undirected
fendi-peekaboo,chloe-paraty,1,Undirected
fendi-spy,miu-miu-wander,0.96875,Undirected
fendi-spy,miu-miu-coffer,0.90625,Undirected
fendi-spy,saint-laurent-mombasa,1,Undirected
fendi-spy,jw-anderson-bumper,1,Undirected
fendi-spy,the-row-half-moon,1,Undirected
fendi-spy,lesportsac-classic-hobo,0.96875,Undirected
fendi-first,bottega-veneta-the-pouch,1,Undirected
fendi-first,alexander-mcqueen-jewelled-satchel,0.84375,Undirected
fendi-first,rabanne-1969,0.875,Undirected
fendi-sunshine,prada-symbole,1,Undirected
fendi-sunshine,saint-laurent-icare,0.84375,Undirected
fendi-sunshine,telfar-shopping-bag,0.9375,Undirected
fendi-sunshine,marc-jacobs-the-tote-bag,0.9375,Undirected
fendi-sunshine,marc-jacobs-snapshot,0.90625,Undirected
fendi-by-the-way,miu-miu-arcadie,0.96875,Undirected
fendi-by-the-way,miu-miu-aventure,0.9375,Undirected
fendi-by-the-way,loewe-puzzle,1,Undirected
fendi-by-the-way,givenchy-nightingale,1,Undirected
fendi-by-the-way,tods-d-bag,1,Undirected
prada-galleria,loewe-hammock,1,Undirected
prada-galleria,celine-trapeze,0.9375,Undirected
prada-galleria,3-1-phillip-lim-pashli,0.9375,Undirected
prada-galleria,coach-rogue,1,Undirected
prada-re-edition-2000,prada-cleo,0.96875,Undirected
prada-re-edition-2000,bottega-veneta-veneta,0.90625,Undirected
prada-re-edition-2000,saint-laurent-le-5-a-7,0.96875,Undirected
prada-re-edition-2005,balenciaga-le-cagole,1,Undirected
prada-re-edition-2005,loewe-squeeze,0.875,Undirected
prada-re-edition-2005,chloe-drew,0.90625,Undirected
prada-re-edition-2005,chloe-tess,0.90625,Undirected
prada-re-edition-2005,stella-mccartney-frayme,0.96875,Undirected
prada-cleo,bottega-veneta-veneta,0.9375,Undirected
prada-cleo,loewe-squeeze,0.875,Undirected
prada-cleo,saint-laurent-le-5-a-7,1,Undirected
prada-nylon-backpack,eastpak-padded-pakr,0.90625,Undirected
prada-nylon-backpack,fjallraven-kanken,0.90625,Undirected
prada-nylon-backpack,herschel-little-america,0.90625,Undirected
prada-nylon-backpack,jansport-superbreak,0.90625,Undirected
prada-cahier,givenchy-pandora,1,Undirected
prada-cahier,valextra-tric-trac,1,Undirected
prada-cahier,cartier-guirlande,1,Undirected
prada-cahier,savette-symmetry,1,Undirected
prada-symbole,telfar-shopping-bag,0.9375,Undirected
prada-symbole,marc-jacobs-the-tote-bag,0.9375,Undirected
miu-miu-wander,miu-miu-coffer,0.9375,Undirected
miu-miu-wander,bottega-veneta-jodie,0.96875,Undirected
miu-miu-arcadie,givenchy-nightingale,0.96875,Undirected
miu-miu-aventure,givenchy-nightingale,0.9375,Undirected
bottega-veneta-veneta,saint-laurent-le-5-a-7,0.9375,Undirected
bottega-veneta-the-pouch,alexander-mcqueen-jewelled-satchel,0.84375,Undirected
bottega-veneta-the-pouch,alexander-wang-rocco,0.84375,Undirected
bottega-veneta-the-pouch,rabanne-1969,0.875,Undirected
bottega-veneta-cassette,bottega-veneta-andiamo,0.9375,Undirected
bottega-veneta-cassette,longchamp-box-trot,0.9375,Undirected
bottega-veneta-cassette,jacquemus-le-bambino,0.9375,Undirected
bottega-veneta-jodie,saint-laurent-mombasa,0.9375,Undirected
bottega-veneta-jodie,jw-anderson-bumper,0.9375,Undirected
bottega-veneta-jodie,the-row-half-moon,0.9375,Undirected
bottega-veneta-andiamo,balenciaga-rodeo,0.9375,Undirected
bottega-veneta-andiamo,celine-luggage,0.9375,Undirected
bottega-veneta-andiamo,celine-belt,0.9375,Undirected
bottega-veneta-andiamo,chloe-paraty,0.9375,Undirected
bottega-veneta-cabat,burberry-pocket,0.9375,Undirected
bottega-veneta-cabat,vera-bradley-vera-tote,0.9375,Undirected
bottega-veneta-cabat,alaia-mina,1,Undirected
bottega-veneta-knot,givenchy-pandora,0.875,Undirected
bottega-veneta-knot,cartier-guirlande,0.875,Undirected
bottega-veneta-knot,brandon-blackwood-kendrick-trunk,0.9375,Undirected
bottega-veneta-knot,judith-leiber-crystal-minaudiere,0.84375,Undirected
bottega-veneta-knot,olympia-le-tan-book-clutch,0.875,Undirected
bottega-veneta-knot,mark-cross-grace,0.9375,Undirected
balenciaga-city,loewe-amazona,1,Undirected
balenciaga-city,chloe-paddington,1,Undirected
balenciaga-city,chloe-drew,0.90625,Undirected
balenciaga-city,chloe-tess,0.90625,Undirected
balenciaga-city,mulberry-roxanne,1,Undirected
balenciaga-city,alexander-wang-rocco,1,Undirected
balenciaga-city,marc-jacobs-stam,0.96875,Undirected
balenciaga-le-cagole,loewe-squeeze,0.875,Undirected
balenciaga-le-cagole,chloe-drew,0.90625,Undirected
balenciaga-le-cagole,chloe-tess,0.90625,Undirected
balenciaga-le-cagole,stella-mccartney-frayme,0.96875,Undirected
balenciaga-hourglass,celine-classic-box,0.9375,Undirected
balenciaga-hourglass,celine-triomphe,0.9375,Undirected
balenciaga-hourglass,mulberry-alexa,0.875,Undirected
balenciaga-hourglass,ferragamo-sofia,1,Undirected
balenciaga-hourglass,ferragamo-hug,1,Undirected
balenciaga-hourglass,ferragamo-studio,1,Undirected
balenciaga-hourglass,longchamp-roseau,1,Undirected
balenciaga-hourglass,delvaux-brillant,1,Undirected
balenciaga-hourglass,moynat-rejane,1,Undirected
balenciaga-hourglass,valextra-iside,1,Undirected
balenciaga-hourglass,the-row-margaux,1,Undirected
balenciaga-hourglass,proenza-schouler-ps1,0.875,Undirected
balenciaga-hourglass,coach-tabby,0.9375,Undirected
balenciaga-hourglass,filson-original-briefcase,0.875,Undirected
balenciaga-hourglass,aspinal-of-london-mayfair,1,Undirected
balenciaga-hourglass,launer-traviata,1,Undirected
balenciaga-rodeo,loewe-flamenco,0.84375,Undirected
balenciaga-rodeo,celine-luggage,1,Undirected
balenciaga-rodeo,celine-trio,0.84375,Undirected
balenciaga-rodeo,celine-belt,1,Undirected
balenciaga-rodeo,givenchy-antigona,1,Undirected
balenciaga-rodeo,chloe-paraty,1,Undirected
balenciaga-rodeo,mulberry-bayswater,1,Undirected
balenciaga-rodeo,ferragamo-wanda,1,Undirected
balenciaga-rodeo,longchamp-box-trot,0.9375,Undirected
balenciaga-rodeo,goyard-saigon,1,Undirected
balenciaga-rodeo,delvaux-tempete,1,Undirected
balenciaga-rodeo,moynat-gabrielle,1,Undirected
balenciaga-rodeo,jacquemus-le-chiquito,0.90625,Undirected
balenciaga-rodeo,jacquemus-le-bambino,0.9375,Undirected
balenciaga-rodeo,luar-ana,1,Undirected
balenciaga-rodeo,wandler-hortensia,1,Undirected
balenciaga-rodeo,polene-numero-un,1,Undirected
balenciaga-crush,valentino-rockstud-spike,1,Undirected
balenciaga-crush,valentino-roman-stud,1,Undirected
balenciaga-crush,olympia-le-tan-book-clutch,0.875,Undirected
loewe-puzzle,givenchy-nightingale,1,Undirected
loewe-hammock,celine-trapeze,0.9375,Undirected
loewe-hammock,3-1-phillip-lim-pashli,0.9375,Undirected
loewe-hammock,marc-jacobs-snapshot,0.90625,Undirected
loewe-hammock,coach-rogue,1,Undirected
loewe-flamenco,celine-trio,1,Undirected
loewe-flamenco,lulu-guinness-lips-clutch,0.875,Undirected
loewe-amazona,chloe-paddington,1,Undirected
loewe-amazona,mulberry-roxanne,1,Undirected
loewe-amazona,alexander-wang-rocco,1,Undirected
loewe-amazona,marc-jacobs-stam,0.96875,Undirected
loewe-gate,chloe-marcie,0.9375,Undirected
loewe-gate,mulberry-amberley,1,Undirected
loewe-gate,giorgio-armani-la-prima,1,Undirected
loewe-gate,coach-saddle-bag,0.9375,Undirected
loewe-basket,cult-gaia-ark,1,Undirected
loewe-squeeze,saint-laurent-le-5-a-7,0.875,Undirected
celine-luggage,celine-belt,1,Undirected
celine-luggage,givenchy-antigona,1,Undirected
celine-luggage,chloe-paraty,1,Undirected
celine-luggage,mulberry-bayswater,1,Undirected
celine-luggage,ferragamo-wanda,1,Undirected
celine-luggage,goyard-saigon,1,Undirected
celine-luggage,delvaux-tempete,1,Undirected
celine-luggage,moynat-gabrielle,1,Undirected
celine-luggage,jacquemus-le-chiquito,0.90625,Undirected
celine-luggage,luar-ana,1,Undirected
celine-luggage,wandler-hortensia,1,Undirected
celine-luggage,polene-numero-un,1,Undirected
celine-trapeze,saint-laurent-sac-de-jour,0.9375,Undirected
celine-trapeze,versace-palazzo-empire,0.9375,Undirected
celine-trapeze,versace-la-medusa,0.9375,Undirected
celine-trapeze,burberry-tb,0.9375,Undirected
celine-trapeze,3-1-phillip-lim-pashli,1,Undirected
celine-trapeze,coach-rogue,0.9375,Undirected
celine-trapeze,tory-burch-lee-radziwill,1,Undirected
celine-classic-box,celine-triomphe,1,Undirected
celine-classic-box,mulberry-alexa,0.875,Undirected
celine-classic-box,coach-tabby,1,Undirected
celine-trio,lulu-guinness-lips-clutch,0.875,Undirected
celine-belt,givenchy-antigona,1,Undirected
celine-belt,chloe-paraty,1,Undirected
celine-belt,mulberry-bayswater,1,Undirected
celine-belt,ferragamo-wanda,1,Undirected
celine-belt,goyard-saigon,1,Undirected
celine-belt,delvaux-tempete,1,Undirected
celine-belt,moynat-gabrielle,1,Undirected
celine-belt,jacquemus-le-chiquito,0.90625,Undirected
celine-belt,luar-ana,1,Undirected
celine-belt,wandler-hortensia,1,Undirected
celine-belt,polene-numero-un,1,Undirected
celine-triomphe,coach-tabby,1,Undirected
celine-16,michael-kors-hamilton,1,Undirected
saint-laurent-sac-de-jour,versace-palazzo-empire,1,Undirected
saint-laurent-sac-de-jour,versace-la-medusa,1,Undirected
saint-laurent-kate,saint-laurent-niki,1,Undirected
saint-laurent-kate,valentino-loco,1,Undirected
saint-laurent-loulou,burberry-lola,1,Undirected
saint-laurent-mombasa,jw-anderson-bumper,1,Undirected
givenchy-nightingale,tods-d-bag,1,Undirected
givenchy-pandora,valextra-tric-trac,1,Undirected
givenchy-pandora,cartier-guirlande,1,Undirected
givenchy-pandora,savette-symmetry,1,Undirected
givenchy-pandora,judith-leiber-crystal-minaudiere,0.84375,Undirected
givenchy-pandora,mark-cross-grace,0.9375,Undirected
chloe-paddington,chloe-tess,0.90625,Undirected
chloe-paddington,mulberry-roxanne,1,Undirected
chloe-paddington,alexander-wang-rocco,1,Undirected
chloe-paddington,marc-jacobs-stam,0.96875,Undirected
chloe-marcie,mulberry-amberley,0.9375,Undirected
chloe-marcie,giorgio-armani-la-prima,0.9375,Undirected
chloe-marcie,coach-saddle-bag,1,Undirected
chloe-drew,chloe-tess,1,Undirected
chloe-drew,stella-mccartney-frayme,0.875,Undirected
chloe-drew,alexander-wang-rocco,0.90625,Undirected
chloe-faye,mulberry-lily,1,Undirected
chloe-faye,alexander-mcqueen-skull-clutch,0.875,Undirected
chloe-faye,alexander-mcqueen-jewelled-satchel,1,Undirected
chloe-faye,jw-anderson-pierce,1,Undirected
chloe-tess,stella-mccartney-frayme,0.875,Undirected
chloe-woody,longchamp-le-pliage,1,Undirected
chloe-woody,goyard-saint-louis,1,Undirected
chloe-woody,goyard-artois,1,Undirected
chloe-woody,burberry-pocket,1,Undirected
chloe-woody,khaite-lotus,1,Undirected
chloe-woody,the-row-park-tote,1,Undirected
chloe-woody,kate-spade-manhattan,1,Undirected
chloe-woody,vera-bradley-vera-tote,0.9375,Undirected
chloe-woody,staud-shirley,0.90625,Undirected
chloe-paraty,mulberry-bayswater,1,Undirected
chloe-paraty,ferragamo-wanda,1,Undirected
chloe-paraty,goyard-saigon,1,Undirected
chloe-paraty,delvaux-tempete,1,Undirected
chloe-paraty,moynat-gabrielle,1,Undirected
chloe-paraty,jacquemus-le-chiquito,0.90625,Undirected
chloe-paraty,luar-ana,1,Undirected
chloe-paraty,wandler-hortensia,1,Undirected
chloe-paraty,polene-numero-un,1,Undirected
mulberry-alexa,proenza-schouler-ps1,1,Undirected
mulberry-alexa,filson-original-briefcase,1,Undirected
mulberry-lily,alexander-mcqueen-jewelled-satchel,1,Undirected
mulberry-amberley,giorgio-armani-la-prima,1,Undirected
ferragamo-sofia,ferragamo-hug,1,Undirected
ferragamo-sofia,ferragamo-studio,1,Undirected
ferragamo-sofia,longchamp-roseau,1,Undirected
ferragamo-sofia,delvaux-brillant,1,Undirected
ferragamo-sofia,moynat-rejane,1,Undirected
ferragamo-sofia,valextra-iside,1,Undirected
ferragamo-sofia,the-row-margaux,1,Undirected
ferragamo-sofia,aspinal-of-london-mayfair,1,Undirected
ferragamo-hug,ferragamo-studio,1,Undirected
ferragamo-hug,longchamp-roseau,1,Undirected
ferragamo-hug,delvaux-brillant,1,Undirected
ferragamo-hug,moynat-rejane,1,Undirected
ferragamo-hug,valextra-iside,1,Undirected
ferragamo-hug,the-row-margaux,1,Undirected
ferragamo-hug,aspinal-of-london-mayfair,1,Undirected
ferragamo-hug,launer-traviata,1,Undirected
ferragamo-studio,longchamp-roseau,1,Undirected
ferragamo-studio,aspinal-of-london-mayfair,1,Undirected
valentino-rockstud-spike,valentino-roman-stud,1,Undirected
versace-palazzo-empire,versace-la-medusa,1,Undirected
giorgio-armani-la-prima,coach-saddle-bag,0.9375,Undirected
tods-t-timeless,burberry-tb,1,Undirected
longchamp-le-pliage,goyard-artois,1,Undirected
longchamp-le-pliage,burberry-pocket,1,Undirected
longchamp-box-trot,jacquemus-le-bambino,1,Undirected
goyard-saint-louis,goyard-artois,1,Undirected
goyard-saint-louis,burberry-pocket,1,Undirected
goyard-saint-louis,khaite-lotus,1,Undirected
goyard-saint-louis,the-row-park-tote,1,Undirected
goyard-saint-louis,kate-spade-manhattan,1,Undirected
goyard-saint-louis,staud-shirley,0.90625,Undirected
goyard-artois,burberry-pocket,1,Undirected
goyard-artois,khaite-lotus,1,Undirected
goyard-artois,the-row-park-tote,1,Undirected
goyard-artois,kate-spade-manhattan,1,Undirected
goyard-artois,staud-shirley,0.90625,Undirected
delvaux-brillant,moynat-rejane,1,Undirected
delvaux-brillant,valextra-iside,1,Undirected
delvaux-brillant,the-row-margaux,1,Undirected
delvaux-brillant,aspinal-of-london-mayfair,1,Undirected
delvaux-brillant,launer-traviata,1,Undirected
delvaux-pin,lancel-premier-flirt,1,Undirected
delvaux-pin,mansur-gavriel-bucket-bag,1,Undirected
delvaux-pin,coach-duffle-sac,1,Undirected
valextra-tric-trac,cartier-guirlande,1,Undirected
lancel-premier-flirt,mansur-gavriel-bucket-bag,1,Undirected
lancel-premier-flirt,coach-duffle-sac,1,Undirected
cartier-guirlande,brandon-blackwood-kendrick-trunk,0.9375,Undirected
cartier-guirlande,savette-symmetry,1,Undirected
cartier-guirlande,judith-leiber-crystal-minaudiere,0.84375,Undirected
cartier-guirlande,mark-cross-grace,0.9375,Undirected
burberry-pocket,khaite-lotus,1,Undirected
burberry-pocket,the-row-park-tote,1,Undirected
burberry-pocket,proenza-schouler-ps1,0.875,Undirected
burberry-pocket,kate-spade-sam,0.9375,Undirected
burberry-pocket,kate-spade-manhattan,1,Undirected
burberry-pocket,vera-bradley-vera-tote,0.9375,Undirected
burberry-pocket,l-l-bean-boat-and-tote,0.9375,Undirected
burberry-pocket,filson-original-briefcase,0.875,Undirected
burberry-pocket,bao-bao-issey-miyake-lucent,0.9375,Undirected
burberry-pocket,anya-hindmarch-im-not-a-plastic-bag,0.9375,Undirected
burberry-pocket,staud-shirley,0.90625,Undirected
burberry-pocket,alaia-mina,0.9375,Undirected
burberry-lola,tory-burch-fleming,1,Undirected
burberry-tb,diesel-1dr,0.9375,Undirected
burberry-tb,3-1-phillip-lim-pashli,0.9375,Undirected
burberry-tb,tory-burch-lee-radziwill,0.9375,Undirected
alexander-mcqueen-skull-clutch,alexander-mcqueen-jewelled-satchel,0.875,Undirected
alexander-mcqueen-skull-clutch,jw-anderson-pierce,0.875,Undirected
alexander-mcqueen-skull-clutch,olympia-le-tan-book-clutch,0.90625,Undirected
alexander-mcqueen-skull-clutch,rabanne-1969,0.84375,Undirected
alexander-mcqueen-jewelled-satchel,jw-anderson-pierce,1,Undirected
alexander-mcqueen-jewelled-satchel,rabanne-1969,0.84375,Undirected
jw-anderson-bumper,the-row-half-moon,1,Undirected
jw-anderson-bumper,lesportsac-classic-hobo,0.96875,Undirected
jacquemus-le-chiquito,alaia-le-cur,0.84375,Undirected
coperni-swipe,coperni-air-swipe,0.96875,Undirected
coperni-swipe,alaia-le-cur,0.96875,Undirected
coperni-air-swipe,lulu-guinness-lips-clutch,0.84375,Undirected
coperni-air-swipe,alaia-le-cur,0.9375,Undirected
diesel-1dr,coach-rogue,0.9375,Undirected
telfar-shopping-bag,marc-jacobs-the-tote-bag,1,Undirected
brandon-blackwood-kendrick-trunk,savette-symmetry,0.9375,Undirected
brandon-blackwood-kendrick-trunk,mark-cross-grace,1,Undirected
mansur-gavriel-bucket-bag,coach-duffle-sac,1,Undirected
proenza-schouler-ps1,filson-original-briefcase,1,Undirected
3-1-phillip-lim-pashli,coach-rogue,0.9375,Undirected
3-1-phillip-lim-pashli,tory-burch-lee-radziwill,1,Undirected
alexander-wang-rocco,marc-jacobs-stam,0.96875,Undirected
coach-rogue,tory-burch-lee-radziwill,0.9375,Undirected
kate-spade-sam,l-l-bean-boat-and-tote,1,Undirected
kate-spade-sam,bao-bao-issey-miyake-lucent,1,Undirected
kate-spade-sam,anya-hindmarch-im-not-a-plastic-bag,1,Undirected
kipling-art,eastpak-padded-pakr,0.96875,Undirected
kipling-art,fjallraven-kanken,0.96875,Undirected
kipling-art,herschel-little-america,0.96875,Undirected
kipling-art,jansport-superbreak,0.96875,Undirected
eastpak-padded-pakr,fjallraven-kanken,1,Undirected
eastpak-padded-pakr,herschel-little-america,1,Undirected
eastpak-padded-pakr,jansport-superbreak,1,Undirected
eastpak-padded-pakr,freitag-f13-top-cat,0.9375,Undirected
fjallraven-kanken,herschel-little-america,1,Undirected
fjallraven-kanken,jansport-superbreak,1,Undirected
fjallraven-kanken,freitag-f13-top-cat,0.9375,Undirected
herschel-little-america,jansport-superbreak,1,Undirected
l-l-bean-boat-and-tote,bao-bao-issey-miyake-lucent,1,Undirected
l-l-bean-boat-and-tote,anya-hindmarch-im-not-a-plastic-bag,1,Undirected
freitag-f13-top-cat,bao-bao-issey-miyake-lucent,0.9375,Undirected
freitag-f13-top-cat,anya-hindmarch-im-not-a-plastic-bag,0.9375,Undirected
bao-bao-issey-miyake-lucent,anya-hindmarch-im-not-a-plastic-bag,1,Undirected
judith-leiber-crystal-minaudiere,olympia-le-tan-book-clutch,0.84375,Undirected
aspinal-of-london-mayfair,launer-traviata,1,Undirected