id,brand,name,shape,material,hardware,year,yearStatus,dimensionStatus,variant,historyStatus,larghezza_cm,altezza_cm,profondita_cm,rigidita,curvatura,formalita,utilita,logo,hardware,lavorazione,espressivita
hermes-birkin,Hermès,Birkin,trapezio,pelle,lucchetto e tiretti,1984,documentato / periodo,ipotesi di studio,"Variante geometrica editoriale, non un riferimento commerciale certificato",episodio documentato,30.0,22.0,16.0,4,2,4,3,1,5,3,4
hermes-kelly,Hermès,Kelly,trapezio,pelle,chiusura girevole e clochette,1935,riferimento da verificare,ipotesi di studio,"Variante geometrica editoriale, non un riferimento commerciale certificato",episodio documentato,28.0,22.0,10.0,4,2,4,3,1,1,3,2
hermes-constance,Hermès,Constance,flap,pelle,fermaglio H,1967,documentato / periodo,ipotesi di studio,"Variante geometrica editoriale, non un riferimento commerciale certificato",episodio documentato,24.0,18.0,7.0,4,1,4,2,5,3,3,4
hermes-evelyne,Hermès,Evelyne,sella,pelle,moschettoni e tracolla tessile,1978,riferimento da verificare,ipotesi di studio,"Variante geometrica editoriale, non un riferimento commerciale certificato",cronologia da approfondire,29.0,30.0,8.0,3,5,3,3,1,1,3,2
hermes-picotin-lock,Hermès,Picotin Lock,secchiello,pelle,lucchetto e cinturino,2002,documentato / periodo,ipotesi di studio,"Variante geometrica editoriale, non un riferimento commerciale certificato",episodio documentato,18.0,19.0,13.0,2,4,2,5,1,5,3,4
hermes-bolide,Hermès,Bolide,bauletto,pelle,zip e manici arrotondati,1923,riferimento da verificare,ipotesi di studio,"Variante geometrica editoriale, non un riferimento commerciale certificato",cronologia da approfondire,31.0,24.0,12.0,3,3,3,4,1,1,3,2
hermes-lindy,Hermès,Lindy,bauletto,pelle,zip e chiusura girevole,2007,documentato / periodo,ipotesi di studio,"Variante geometrica editoriale, non un riferimento commerciale certificato",episodio documentato,26.0,18.0,14.0,3,3,3,4,1,1,3,2
hermes-garden-party,Hermès,Garden Party,tote,tela+pelle,bottoni a pressione,1997,riferimento da verificare,ipotesi di studio,"Variante geometrica editoriale, non un riferimento commerciale certificato",cronologia da approfondire,36.0,26.0,17.0,3,1,2,5,1,1,3,2
hermes-herbag-zip,Hermès,Herbag Zip,trapezio,tela+pelle,chiusura Clou de Selle,1998,riferimento da verificare,ipotesi di studio,"Variante geometrica editoriale, non un riferimento commerciale certificato",cronologia da approfondire,31.0,25.0,10.0,4,2,4,3,1,1,3,2
hermes-haut-a-courroies,Hermès,Haut à Courroies,trapezio,pelle,cinturini e serratura,1892,riferimento da verificare,ipotesi di studio,"Variante geometrica editoriale, non un riferimento commerciale certificato",cronologia da approfondire,40.0,40.0,24.0,4,2,4,3,1,3,3,2
chanel-2-55,Chanel,2.55,flap,pelle trapuntata,catena e fermaglio Mademoiselle,1955,documentato / periodo,ipotesi di studio,"Variante geometrica editoriale, non un riferimento commerciale certificato",episodio documentato,28.0,18.0,8.0,4,1,4,2,1,5,4,4
chanel-classic-11-12,Chanel,Classic 11.12,flap,pelle trapuntata,doppia C e catena intrecciata,1983,riferimento da verificare,ipotesi di studio,"Variante geometrica editoriale, non un riferimento commerciale certificato",cronologia da approfondire,26.0,16.0,7.0,4,1,4,2,5,5,4,4
chanel-boy,Chanel,Boy,flap,pelle trapuntata,catena larga e fermaglio a pressione,2011,riferimento da verificare,ipotesi di studio,"Variante geometrica editoriale, non un riferimento commerciale certificato",episodio documentato,25.0,15.0,9.0,4,1,4,2,1,5,4,4
chanel-gabrielle,Chanel,Gabrielle,hobo,pelle,catene e base rigida,2017,riferimento da verificare,ipotesi di studio,"Variante geometrica editoriale, non un riferimento commerciale certificato",cronologia da approfondire,28.0,22.0,10.0,1,5,2,3,1,1,3,2
chanel-19,Chanel,19,flap,pelle trapuntata,catena mista e doppia C,2019,riferimento da verificare,ipotesi di studio,"Variante geometrica editoriale, non un riferimento commerciale certificato",episodio documentato,26.0,16.0,9.0,4,1,4,2,5,5,4,4
chanel-22,Chanel,22,tote,pelle trapuntata,catena e coulisse,2022,riferimento da verificare,ipotesi di studio,"Variante geometrica editoriale, non un riferimento commerciale certificato",cronologia da approfondire,39.0,42.0,8.0,3,1,2,5,1,5,4,4
louis-vuitton-speedy,Louis Vuitton,Speedy,bauletto,tela rivestita+pelle,zip e lucchetto,1930,documentato / periodo,documentate,Bandoulière 30 Monogram · M46980,episodio documentato,30,21,17,3,3,3,4,1,5,3,4
louis-vuitton-alma,Louis Vuitton,Alma,bauletto,tela rivestita+pelle,doppia zip e piedini,1992,riferimento da verificare,ipotesi di studio,"Variante geometrica editoriale, non un riferimento commerciale certificato",cronologia da approfondire,32.0,25.0,16.0,3,3,3,4,5,1,3,4
louis-vuitton-neverfull,Louis Vuitton,Neverfull,tote,tela rivestita+pelle,gancio e lacci laterali,2007,documentato / periodo,ipotesi di studio,"Variante geometrica editoriale, non un riferimento commerciale certificato",episodio documentato,31.0,28.0,14.0,3,1,2,5,1,1,3,2
louis-vuitton-noe,Louis Vuitton,Noé,secchiello,tela rivestita+pelle,coulisse e occhielli,1932,documentato / periodo,ipotesi di studio,"Variante geometrica editoriale, non un riferimento commerciale certificato",episodio documentato,26.0,34.0,19.0,2,4,2,5,1,1,3,2
louis-vuitton-keepall,Louis Vuitton,Keepall,duffle,tela rivestita+pelle,zip doppia e lucchetto,1930,documentato / periodo,ipotesi di studio,"Variante geometrica editoriale, non un riferimento commerciale certificato",episodio documentato,50.0,29.0,23.0,2,3,1,5,5,5,3,4
louis-vuitton-pochette-accessoires,Louis Vuitton,Pochette Accessoires,pochette,tela rivestita+pelle,zip e moschettone,1992,riferimento da verificare,ipotesi di studio,"Variante geometrica editoriale, non un riferimento commerciale certificato",cronologia da approfondire,23.0,13.0,4.0,2,3,4,1,1,1,3,2
louis-vuitton-pochette-metis,Louis Vuitton,Pochette Métis,flap,tela rivestita+pelle,serratura S-lock,2012,riferimento da verificare,ipotesi di studio,"Variante geometrica editoriale, non un riferimento commerciale certificato",cronologia da approfondire,25.0,19.0,7.0,4,1,4,2,1,3,3,2
louis-vuitton-petite-malle,Louis Vuitton,Petite Malle,box,pelle,angolari e S-lock,2014,riferimento da verificare,ipotesi di studio,"Variante geometrica editoriale, non un riferimento commerciale certificato",episodio documentato,20.0,13.0,6.0,5,1,5,1,1,1,3,2
louis-vuitton-twist,Louis Vuitton,Twist,flap,pelle,fermaglio LV girevole e catena,2015,riferimento da verificare,ipotesi di studio,"Variante geometrica editoriale, non un riferimento commerciale certificato",cronologia da approfondire,23.0,17.0,10.0,4,1,4,2,5,5,3,4
louis-vuitton-capucines,Louis Vuitton,Capucines,trapezio,pelle,iniziali LV e anelli,2013,documentato / periodo,ipotesi di studio,"Variante geometrica editoriale, non un riferimento commerciale certificato",episodio documentato,31.0,20.0,11.0,4,2,4,3,5,5,3,4
louis-vuitton-dauphine,Louis Vuitton,Dauphine,flap,tela rivestita+pelle,fermaglio LV e catena,2019,riferimento da verificare,ipotesi di studio,"Variante geometrica editoriale, non un riferimento commerciale certificato",cronologia da approfondire,25.0,17.0,10.0,4,1,4,2,5,5,3,4
louis-vuitton-onthego,Louis Vuitton,OnTheGo,tote,tela rivestita+pelle,gancio e doppi manici,2019,riferimento da verificare,ipotesi di studio,"Variante geometrica editoriale, non un riferimento commerciale certificato",cronologia da approfondire,35.0,27.0,14.0,3,1,2,5,5,1,3,4
louis-vuitton-papillon,Louis Vuitton,Papillon,cilindro,tela rivestita+pelle,zip e manici sottili,1966,riferimento da verificare,ipotesi di studio,"Variante geometrica editoriale, non un riferimento commerciale certificato",cronologia da approfondire,30.0,15.0,15.0,4,5,3,2,1,1,3,2
louis-vuitton-steamer,Louis Vuitton,Steamer,trapezio,tela rivestita+pelle,cinturino e catena,1901,riferimento da verificare,ipotesi di studio,"Variante geometrica editoriale, non un riferimento commerciale certificato",cronologia da approfondire,38.0,39.0,15.0,4,2,4,3,1,5,3,4
gucci-jackie-1961,Gucci,Jackie 1961,hobo,pelle,chiusura a pistone,1961,documentato / periodo,ipotesi di studio,"Variante geometrica editoriale, non un riferimento commerciale certificato",episodio documentato,28.0,19.0,4.0,1,5,2,3,1,1,3,2
gucci-bamboo-1947,Gucci,Bamboo 1947,trapezio,pelle+bambù,manico in bambù e fermaglio,1947,documentato / periodo,ipotesi di studio,"Variante geometrica editoriale, non un riferimento commerciale certificato",episodio documentato,27.0,24.0,11.0,4,2,4,3,1,3,5,2
gucci-horsebit-1955,Gucci,Horsebit 1955,flap,pelle,morsetto metallico,2019,riferimento da verificare,ipotesi di studio,"Variante geometrica editoriale, non un riferimento commerciale certificato",episodio documentato,25.0,18.0,8.0,4,1,4,2,1,1,3,2
gucci-dionysus,Gucci,Dionysus,flap,tela rivestita+pelle,fibbia a teste di tigre e catena,2015,riferimento da verificare,ipotesi di studio,"Variante geometrica editoriale, non un riferimento commerciale certificato",episodio documentato,28.0,17.0,9.0,4,1,4,2,1,5,3,4
gucci-gg-marmont,Gucci,GG Marmont,flap,pelle trapuntata,doppia G e catena,2016,riferimento da verificare,ipotesi di studio,"Variante geometrica editoriale, non un riferimento commerciale certificato",cronologia da approfondire,26.0,15.0,7.0,4,1,4,2,5,5,4,4
gucci-soho-disco,Gucci,Soho Disco,camera,pelle,zip e nappa,2012,riferimento da verificare,ipotesi di studio,"Variante geometrica editoriale, non un riferimento commerciale certificato",cronologia da approfondire,21.0,15.0,7.0,4,2,2,4,5,1,3,4
gucci-diana,Gucci,Diana,tote,pelle+bambù,manici in bambù e fasce,1991,riferimento da verificare,ipotesi di studio,"Variante geometrica editoriale, non un riferimento commerciale certificato",episodio documentato,27.0,24.0,11.0,3,1,2,5,1,1,5,2
gucci-blondie,Gucci,Blondie,flap,pelle,G rotonda e catena,2022,riferimento da verificare,ipotesi di studio,"Variante geometrica editoriale, non un riferimento commerciale certificato",cronologia da approfondire,28.0,16.0,4.0,4,1,4,2,5,5,3,4
gucci-ophidia,Gucci,Ophidia,camera,tela rivestita+pelle,zip e doppia G,2018,riferimento da verificare,ipotesi di studio,"Variante geometrica editoriale, non un riferimento commerciale certificato",cronologia da approfondire,24.0,18.0,7.0,4,2,2,4,5,1,3,4
dior-lady-dior,Dior,Lady Dior,trapezio,pelle trapuntata,charms D.I.O.R. e anelli,1995,documentato / periodo,documentate,Medium Powder Beige Cannage · M0565ONGE_M51U,episodio documentato,24,21,12,4,2,4,3,1,5,4,4
dior-saddle,Dior,Saddle,sella,pelle,staffa D e iniziali CD,1999,riferimento da verificare,ipotesi di studio,"Variante geometrica editoriale, non un riferimento commerciale certificato",cronologia da approfondire,26.0,20.0,7.0,3,5,3,3,5,1,3,4
dior-book-tote,Dior,Book Tote,tote,tessuto ricamato,manici tessili,2018,riferimento da verificare,ipotesi di studio,"Variante geometrica editoriale, non un riferimento commerciale certificato",cronologia da approfondire,36.0,28.0,17.0,2,1,2,5,1,1,5,2
dior-diorama,Dior,Diorama,flap,pelle,fermaglio a scudo e catena,2015,riferimento da verificare,ipotesi di studio,"Variante geometrica editoriale, non un riferimento commerciale certificato",cronologia da approfondire,25.0,16.0,8.0,4,1,4,2,1,5,3,4
dior-30-montaigne,Dior,30 Montaigne,flap,pelle,fermaglio CD,2019,riferimento da verificare,ipotesi di studio,"Variante geometrica editoriale, non un riferimento commerciale certificato",cronologia da approfondire,24.0,17.0,8.0,4,1,4,2,5,3,3,4
dior-bobby,Dior,Bobby,sella,pelle,fibbia CD e tracolla,2020,riferimento da verificare,ipotesi di studio,"Variante geometrica editoriale, non un riferimento commerciale certificato",cronologia da approfondire,22.0,17.0,6.0,3,5,3,3,5,3,3,4
fendi-baguette,Fendi,Baguette,flap,tessuto+pelle,fibbia FF,1997,documentato / periodo,ipotesi di studio,"Variante geometrica editoriale, non un riferimento commerciale certificato",episodio documentato,27.0,15.0,6.0,4,1,4,2,5,3,3,4
fendi-peekaboo,Fendi,Peekaboo,trapezio,pelle,barra e chiusure girevoli,2009,riferimento da verificare,ipotesi di studio,"Variante geometrica editoriale, non un riferimento commerciale certificato",episodio documentato,33.0,25.0,12.0,4,2,4,3,1,1,3,2
fendi-spy,Fendi,Spy,hobo,pelle,manici intrecciati e scomparto,2005,documentato / periodo,ipotesi di studio,"Variante geometrica editoriale, non un riferimento commerciale certificato",episodio documentato,40.0,25.0,17.0,1,5,2,3,1,1,3,2
fendi-first,Fendi,First,pochette,pelle,cornice F metallica,2021,riferimento da verificare,ipotesi di studio,"Variante geometrica editoriale, non un riferimento commerciale certificato",cronologia da approfondire,26.0,18.0,10.0,2,3,4,1,1,5,3,4
fendi-sunshine,Fendi,Sunshine,tote,pelle,manici rigidi e piedini,2020,riferimento da verificare,ipotesi di studio,"Variante geometrica editoriale, non un riferimento commerciale certificato",cronologia da approfondire,35.0,31.0,17.0,3,1,2,5,5,1,3,4
fendi-by-the-way,Fendi,By The Way,bauletto,pelle,zip e manici corti,2014,riferimento da verificare,ipotesi di studio,"Variante geometrica editoriale, non un riferimento commerciale certificato",cronologia da approfondire,28.0,18.0,13.0,3,3,3,4,1,1,3,2
prada-galleria,Prada,Galleria,trapezio,pelle saffiano,doppie zip e triangolo,2007,documentato / periodo,ipotesi di studio,"Variante geometrica editoriale, non un riferimento commerciale certificato",episodio documentato,28.0,20.0,12.0,4,2,4,3,5,1,3,4
prada-re-edition-2000,Prada,Re-Edition 2000,hobo,nylon,zip e triangolo,2019,riferimento da verificare,ipotesi di studio,"Variante geometrica editoriale, non un riferimento commerciale certificato",cronologia da approfondire,22.0,17.0,6.0,1,5,2,3,5,1,2,4
prada-re-edition-2005,Prada,Re-Edition 2005,hobo,nylon+pelle,zip catena e pouch,2019,riferimento da verificare,ipotesi di studio,"Variante geometrica editoriale, non un riferimento commerciale certificato",cronologia da approfondire,22.0,18.0,6.0,1,5,2,3,1,5,3,4
prada-cleo,Prada,Cleo,hobo,pelle,chiusura magnetica e triangolo,2020,riferimento da verificare,ipotesi di studio,"Variante geometrica editoriale, non un riferimento commerciale certificato",cronologia da approfondire,28.0,22.0,6.0,1,5,2,3,5,1,3,4
prada-nylon-backpack,Prada,Nylon Backpack,zaino,nylon+pelle,fibbie e coulisse,1984,riferimento da verificare,ipotesi di studio,"Variante geometrica editoriale, non un riferimento commerciale certificato",cronologia da approfondire,30.0,35.0,15.0,2,2,1,5,1,3,3,2
prada-cahier,Prada,Cahier,box,pelle,angolari e cinturino,2016,riferimento da verificare,ipotesi di studio,"Variante geometrica editoriale, non un riferimento commerciale certificato",cronologia da approfondire,20.0,14.0,8.0,5,1,5,1,1,1,3,2
prada-symbole,Prada,Symbole,tote,tessuto jacquard+pelle,manici e triangolo,2021,riferimento da verificare,ipotesi di studio,"Variante geometrica editoriale, non un riferimento commerciale certificato",cronologia da approfondire,31.0,27.0,16.0,3,1,2,5,5,1,3,4
miu-miu-wander,Miu Miu,Wander,hobo,pelle trapuntata,zip e manico integrato,2022,riferimento da verificare,ipotesi di studio,"Variante geometrica editoriale, non un riferimento commerciale certificato",cronologia da approfondire,20.0,17.0,6.0,1,5,2,3,1,1,4,2
miu-miu-arcadie,Miu Miu,Arcadie,bauletto,pelle trapuntata,zip e manici,2023,documentato / periodo,ipotesi di studio,"Variante geometrica editoriale, non un riferimento commerciale certificato",episodio documentato,27.0,12.0,9.0,3,3,3,4,1,1,4,2
miu-miu-coffer,Miu Miu,Coffer,hobo,pelle trapuntata,manico intrecciato e fibbie,2006,riferimento da verificare,ipotesi di studio,"Variante geometrica editoriale, non un riferimento commerciale certificato",cronologia da approfondire,38.0,28.0,15.0,1,5,2,3,1,3,4,2
miu-miu-aventure,Miu Miu,Aventure,bauletto,pelle,zip e fibbie,2024,riferimento da verificare,ipotesi di studio,"Variante geometrica editoriale, non un riferimento commerciale certificato",cronologia da approfondire,35.0,25.0,15.0,3,3,3,4,1,3,3,2
bottega-veneta-veneta,Bottega Veneta,Veneta,hobo,pelle intrecciata,zip,,non accertato,ipotesi di studio,"Variante geometrica editoriale, non un riferimento commerciale certificato",episodio documentato,35.0,25.0,5.0,1,5,2,3,5,1,5,4
bottega-veneta-the-pouch,Bottega Veneta,The Pouch,pochette,pelle,cornice magnetica,2019,riferimento da verificare,ipotesi di studio,"Variante geometrica editoriale, non un riferimento commerciale certificato",episodio documentato,40.0,18.0,18.0,2,3,4,1,1,5,3,4
bottega-veneta-cassette,Bottega Veneta,Cassette,flap,pelle intrecciata,chiusura magnetica,2019,riferimento da verificare,ipotesi di studio,"Variante geometrica editoriale, non un riferimento commerciale certificato",episodio documentato,23.0,15.0,6.0,4,1,4,2,1,1,5,2
bottega-veneta-jodie,Bottega Veneta,Jodie,hobo,pelle intrecciata,zip e nodo,2020,documentato / periodo,ipotesi di studio,"Variante geometrica editoriale, non un riferimento commerciale certificato",episodio documentato,28.0,23.0,8.0,1,5,2,3,1,1,5,2
bottega-veneta-andiamo,Bottega Veneta,Andiamo,trapezio,pelle intrecciata,nodo metallico e tracolla,2023,documentato / periodo,ipotesi di studio,"Variante geometrica editoriale, non un riferimento commerciale certificato",episodio documentato,25.0,20.0,10.0,4,2,4,3,1,1,5,2
bottega-veneta-cabat,Bottega Veneta,Cabat,tote,pelle intrecciata,manici arrotolati,2001,documentato / periodo,ipotesi di studio,"Variante geometrica editoriale, non un riferimento commerciale certificato",episodio documentato,40.0,25.0,16.0,3,1,2,5,1,1,5,2
bottega-veneta-knot,Bottega Veneta,Knot,box,pelle intrecciata,fermaglio a nodo,2001,riferimento da verificare,ipotesi di studio,"Variante geometrica editoriale, non un riferimento commerciale certificato",episodio documentato,20.0,11.0,6.0,5,1,5,1,1,3,5,2
balenciaga-city,Balenciaga,City,bauletto,pelle,borchie zip e specchietto,2001,documentato / periodo,ipotesi di studio,"Variante geometrica editoriale, non un riferimento commerciale certificato",episodio documentato,38.0,24.0,14.0,3,3,3,4,1,5,3,4
balenciaga-le-cagole,Balenciaga,Le Cagole,hobo,pelle,borchie e specchio a cuore,2021,riferimento da verificare,ipotesi di studio,"Variante geometrica editoriale, non un riferimento commerciale certificato",episodio documentato,26.0,16.0,7.0,1,5,2,3,1,5,3,4
balenciaga-hourglass,Balenciaga,Hourglass,trapezio,pelle,fermaglio B,2019,riferimento da verificare,ipotesi di studio,"Variante geometrica editoriale, non un riferimento commerciale certificato",cronologia da approfondire,23.0,15.0,10.0,4,2,4,3,1,3,3,2
balenciaga-rodeo,Balenciaga,Rodeo,trapezio,pelle,chiusura girevole e clochette,2024,riferimento da verificare,ipotesi di studio,"Variante geometrica editoriale, non un riferimento commerciale certificato",cronologia da approfondire,35.0,24.0,12.0,4,2,4,3,1,1,3,2
balenciaga-crush,Balenciaga,Crush,flap,pelle trapuntata,B e catena,2022,riferimento da verificare,ipotesi di studio,"Variante geometrica editoriale, non un riferimento commerciale certificato",cronologia da approfondire,30.0,20.0,10.0,4,1,4,2,1,5,4,4
loewe-puzzle,Loewe,Puzzle,bauletto,pelle,zip e tracolla,2015,documentato / periodo,ipotesi di studio,"Variante geometrica editoriale, non un riferimento commerciale certificato",episodio documentato,24.0,16.0,11.0,3,3,3,4,1,1,3,2
loewe-hammock,Loewe,Hammock,trapezio,pelle,zip laterali e gancio,2016,riferimento da verificare,ipotesi di studio,"Variante geometrica editoriale, non un riferimento commerciale certificato",cronologia da approfondire,29.0,25.0,14.0,4,2,4,3,5,1,3,4
loewe-flamenco,Loewe,Flamenco,pochette,pelle,coulisse annodata,1984,riferimento da verificare,ipotesi di studio,"Variante geometrica editoriale, non un riferimento commerciale certificato",cronologia da approfondire,30.0,24.0,10.0,2,3,4,1,1,1,3,2
loewe-amazona,Loewe,Amazona,bauletto,pelle,lucchetto e zip,1975,documentato / periodo,ipotesi di studio,"Variante geometrica editoriale, non un riferimento commerciale certificato",episodio documentato,28.0,18.0,11.0,3,3,3,4,1,5,3,4
loewe-gate,Loewe,Gate,sella,pelle,perno laterale e nodo,2018,riferimento da verificare,ipotesi di studio,"Variante geometrica editoriale, non un riferimento commerciale certificato",cronologia da approfondire,25.0,19.0,11.0,3,5,3,3,1,1,3,2
loewe-basket,Loewe,Basket,cesto,fibra vegetale+pelle,manici regolabili,2017,riferimento da verificare,ipotesi di studio,"Variante geometrica editoriale, non un riferimento commerciale certificato",cronologia da approfondire,40.0,26.0,16.0,4,4,2,3,1,1,5,5
loewe-squeeze,Loewe,Squeeze,hobo,pelle,catena e manico imbottito,2023,riferimento da verificare,ipotesi di studio,"Variante geometrica editoriale, non un riferimento commerciale certificato",cronologia da approfondire,33.0,24.0,14.0,1,5,2,3,5,5,3,4
celine-luggage,Celine,Luggage,trapezio,pelle,zip e piedini,2010,riferimento da verificare,ipotesi di studio,"Variante geometrica editoriale, non un riferimento commerciale certificato",cronologia da approfondire,30.0,30.0,17.0,4,2,4,3,1,1,3,2
celine-trapeze,Celine,Trapeze,trapezio,pelle,fermaglio e zip,2011,riferimento da verificare,ipotesi di studio,"Variante geometrica editoriale, non un riferimento commerciale certificato",cronologia da approfondire,30.0,24.0,18.0,4,2,4,3,5,3,3,4
celine-classic-box,Celine,Classic Box,flap,pelle,fermaglio rettangolare,2011,riferimento da verificare,ipotesi di studio,"Variante geometrica editoriale, non un riferimento commerciale certificato",cronologia da approfondire,24.0,18.0,7.0,4,1,4,2,1,3,3,2
celine-trio,Celine,Trio,pochette,pelle,tre zip e bottoni,2011,riferimento da verificare,ipotesi di studio,"Variante geometrica editoriale, non un riferimento commerciale certificato",cronologia da approfondire,22.0,15.0,4.0,2,3,4,1,1,1,3,2
celine-belt,Celine,Belt,trapezio,pelle,zip e cinturino,2014,riferimento da verificare,ipotesi di studio,"Variante geometrica editoriale, non un riferimento commerciale certificato",cronologia da approfondire,28.0,23.0,17.0,4,2,4,3,1,1,3,2
celine-triomphe,Celine,Triomphe,flap,pelle,fermaglio Triomphe,2018,documentato / periodo,ipotesi di studio,"Variante geometrica editoriale, non un riferimento commerciale certificato",episodio documentato,22.0,16.0,7.0,4,1,4,2,1,3,3,2
celine-16,Celine,16,trapezio,pelle,chiusura girevole e lucchetto,2018,riferimento da verificare,ipotesi di studio,"Variante geometrica editoriale, non un riferimento commerciale certificato",cronologia da approfondire,32.0,23.0,13.0,4,2,4,3,1,5,3,4
saint-laurent-sac-de-jour,Saint Laurent,Sac de Jour,trapezio,pelle,cinturini e lucchetto,2013,riferimento da verificare,ipotesi di studio,"Variante geometrica editoriale, non un riferimento commerciale certificato",cronologia da approfondire,32.0,25.0,15.0,4,2,4,3,5,5,3,4
saint-laurent-kate,Saint Laurent,Kate,flap,pelle,catena e monogramma,2013,riferimento da verificare,ipotesi di studio,"Variante geometrica editoriale, non un riferimento commerciale certificato",cronologia da approfondire,24.0,15.0,6.0,4,1,4,2,5,5,3,4
saint-laurent-loulou,Saint Laurent,Loulou,flap,pelle trapuntata,catena e monogramma,2017,riferimento da verificare,ipotesi di studio,"Variante geometrica editoriale, non un riferimento commerciale certificato",cronologia da approfondire,29.0,17.0,11.0,4,1,4,2,5,5,4,4
saint-laurent-niki,Saint Laurent,Niki,flap,pelle,catena e monogramma rivestito,2018,riferimento da verificare,ipotesi di studio,"Variante geometrica editoriale, non un riferimento commerciale certificato",cronologia da approfondire,28.0,20.0,8.0,4,1,4,2,5,5,3,4
saint-laurent-le-5-a-7,Saint Laurent,Le 5 à 7,hobo,pelle,gancio Cassandre,2021,riferimento da verificare,ipotesi di studio,"Variante geometrica editoriale, non un riferimento commerciale certificato",cronologia da approfondire,23.0,16.0,7.0,1,5,2,3,5,1,3,4
saint-laurent-icare,Saint Laurent,Icare,tote,pelle trapuntata,monogramma e catena interna,2022,riferimento da verificare,ipotesi di studio,"Variante geometrica editoriale, non un riferimento commerciale certificato",cronologia da approfondire,58.0,43.0,8.0,3,1,2,5,5,5,4,4
saint-laurent-mombasa,Saint Laurent,Mombasa,hobo,pelle,manico rigido ispirato al corno,2001,riferimento da verificare,ipotesi di studio,"Variante geometrica editoriale, non un riferimento commerciale certificato",cronologia da approfondire,36.0,28.0,10.0,1,5,2,3,1,1,3,2
givenchy-antigona,Givenchy,Antigona,trapezio,pelle,zip e manici rigidi,2010,riferimento da verificare,ipotesi di studio,"Variante geometrica editoriale, non un riferimento commerciale certificato",cronologia da approfondire,28.0,24.0,16.0,4,2,4,3,1,1,3,2
givenchy-nightingale,Givenchy,Nightingale,bauletto,pelle,zip e doppi manici,2006,riferimento da verificare,ipotesi di studio,"Variante geometrica editoriale, non un riferimento commerciale certificato",cronologia da approfondire,36.0,32.0,16.0,3,3,3,4,1,1,3,2
givenchy-pandora,Givenchy,Pandora,box,pelle,due zip e manico singolo,2009,riferimento da verificare,ipotesi di studio,"Variante geometrica editoriale, non un riferimento commerciale certificato",cronologia da approfondire,27.0,17.0,15.0,5,1,5,1,1,1,3,2
chloe-paddington,Chloé,Paddington,bauletto,pelle,lucchetto grande e fibbie,2005,documentato / periodo,ipotesi di studio,"Variante geometrica editoriale, non un riferimento commerciale certificato",episodio documentato,36.0,20.0,18.0,3,3,3,4,1,5,3,4
chloe-marcie,Chloé,Marcie,sella,pelle,fibbia e manici avvolti,2010,riferimento da verificare,ipotesi di studio,"Variante geometrica editoriale, non un riferimento commerciale certificato",cronologia da approfondire,36.0,28.0,12.0,3,5,3,3,1,3,3,2
chloe-drew,Chloé,Drew,sella,pelle,catena e perno,2014,riferimento da verificare,ipotesi di studio,"Variante geometrica editoriale, non un riferimento commerciale certificato",cronologia da approfondire,23.0,21.0,8.0,3,5,3,3,1,5,3,4
chloe-faye,Chloé,Faye,flap,pelle+suede,anello e catena,2015,riferimento da verificare,ipotesi di studio,"Variante geometrica editoriale, non un riferimento commerciale certificato",cronologia da approfondire,32.0,26.0,4.0,4,1,4,2,1,5,3,4
chloe-tess,Chloé,Tess,sella,pelle,anello frontale e moschettoni,2018,riferimento da verificare,ipotesi di studio,"Variante geometrica editoriale, non un riferimento commerciale certificato",cronologia da approfondire,20.0,18.0,7.0,3,5,3,3,1,5,3,4
chloe-woody,Chloé,Woody,tote,tela+pelle,manici a nastro,2021,riferimento da verificare,ipotesi di studio,"Variante geometrica editoriale, non un riferimento commerciale certificato",cronologia da approfondire,37.0,26.0,12.0,3,1,2,5,1,1,3,2
chloe-paraty,Chloé,Paraty,trapezio,pelle,zip e manici,2008,riferimento da verificare,ipotesi di studio,"Variante geometrica editoriale, non un riferimento commerciale certificato",cronologia da approfondire,36.0,25.0,15.0,4,2,4,3,1,1,3,2
mulberry-bayswater,Mulberry,Bayswater,trapezio,pelle,Postman’s Lock,2003,documentato / periodo,documentate,Cashmere Taupe Heavy Grain,episodio documentato,36,26.5,16.5,4,2,4,3,1,1,3,2
mulberry-alexa,Mulberry,Alexa,cartella,pelle,Postman’s Lock e fibbie,2010,documentato / periodo,ipotesi di studio,"Variante geometrica editoriale, non un riferimento commerciale certificato",episodio documentato,33.0,23.0,17.0,4,1,3,5,1,3,3,2
mulberry-lily,Mulberry,Lily,flap,pelle,Postman’s Lock e catena,2010,riferimento da verificare,ipotesi di studio,"Variante geometrica editoriale, non un riferimento commerciale certificato",cronologia da approfondire,21.0,17.0,9.0,4,1,4,2,1,5,3,4
mulberry-roxanne,Mulberry,Roxanne,bauletto,pelle,fibbie e borchie,2004,riferimento da verificare,ipotesi di studio,"Variante geometrica editoriale, non un riferimento commerciale certificato",cronologia da approfondire,35.0,21.0,18.0,3,3,3,4,1,5,3,4
mulberry-amberley,Mulberry,Amberley,sella,pelle,Rider’s Lock,2017,riferimento da verificare,ipotesi di studio,"Variante geometrica editoriale, non un riferimento commerciale certificato",cronologia da approfondire,25.0,21.0,10.0,3,5,3,3,1,1,3,2
ferragamo-sofia,Ferragamo,Sofia,trapezio,pelle,Gancini e zip,2009,riferimento da verificare,ipotesi di studio,"Variante geometrica editoriale, non un riferimento commerciale certificato",cronologia da approfondire,30.0,23.0,15.0,4,2,4,3,1,3,3,2
ferragamo-hug,Ferragamo,Hug,trapezio,pelle,doppio Gancini,2023,riferimento da verificare,ipotesi di studio,"Variante geometrica editoriale, non un riferimento commerciale certificato",cronologia da approfondire,32.0,22.0,18.0,4,2,4,3,1,3,3,2
ferragamo-studio,Ferragamo,Studio,trapezio,pelle,Gancini e piedini,2018,riferimento da verificare,ipotesi di studio,"Variante geometrica editoriale, non un riferimento commerciale certificato",cronologia da approfondire,29.0,25.0,14.0,4,2,4,3,1,3,3,2
ferragamo-wanda,Ferragamo,Wanda,trapezio,pelle,chiusura metallica,2022,riferimento da verificare,ipotesi di studio,"Variante geometrica editoriale, non un riferimento commerciale certificato",episodio documentato,24.0,18.0,8.0,4,2,4,3,1,1,3,2
valentino-rockstud-spike,Valentino,Rockstud Spike,flap,pelle trapuntata,borchie e catena,2016,riferimento da verificare,ipotesi di studio,"Variante geometrica editoriale, non un riferimento commerciale certificato",cronologia da approfondire,23.0,16.0,7.0,4,1,4,2,1,5,4,4
valentino-roman-stud,Valentino,Roman Stud,flap,pelle trapuntata,macro borchie e catena,2021,riferimento da verificare,ipotesi di studio,"Variante geometrica editoriale, non un riferimento commerciale certificato",cronologia da approfondire,28.0,20.0,9.0,4,1,4,2,1,5,4,4
valentino-loco,Valentino,Locò,flap,pelle,VLogo e catena,2022,riferimento da verificare,ipotesi di studio,"Variante geometrica editoriale, non un riferimento commerciale certificato",cronologia da approfondire,27.0,13.0,6.0,4,1,4,2,5,5,3,4
versace-palazzo-empire,Versace,Palazzo Empire,trapezio,pelle,testa di Medusa,2016,riferimento da verificare,ipotesi di studio,"Variante geometrica editoriale, non un riferimento commerciale certificato",cronologia da approfondire,30.0,25.0,15.0,4,2,4,3,5,5,3,4
versace-la-medusa,Versace,La Medusa,trapezio,pelle,Medusa e catena,2021,riferimento da verificare,ipotesi di studio,"Variante geometrica editoriale, non un riferimento commerciale certificato",cronologia da approfondire,25.0,22.0,12.0,4,2,4,3,5,5,3,4
giorgio-armani-la-prima,Giorgio Armani,La Prima,sella,pelle,tracolla e chiusura,1995,riferimento da verificare,ipotesi di studio,"Variante geometrica editoriale, non un riferimento commerciale certificato",cronologia da approfondire,27.0,20.0,11.0,3,5,3,3,1,1,3,2
tods-d-bag,Tod’s,D Bag,bauletto,pelle,manici e cuciture,1997,riferimento da verificare,ipotesi di studio,"Variante geometrica editoriale, non un riferimento commerciale certificato",cronologia da approfondire,35.0,25.0,15.0,3,3,3,4,1,1,3,2
tods-t-timeless,Tod’s,T Timeless,flap,pelle,fermaglio T,2019,riferimento da verificare,ipotesi di studio,"Variante geometrica editoriale, non un riferimento commerciale certificato",cronologia da approfondire,26.0,18.0,8.0,4,1,4,2,5,3,3,4
longchamp-le-pliage,Longchamp,Le Pliage,tote,nylon+pelle,zip e bottone,1993,documentato / periodo,documentate,Original L nero · L1899089001 · larghezza alla base,episodio documentato,31,30,19,3,1,2,5,1,1,3,2
longchamp-roseau,Longchamp,Roseau,trapezio,pelle,fermaglio a bambù,1993,documentato / periodo,ipotesi di studio,"Variante geometrica editoriale, non un riferimento commerciale certificato",episodio documentato,30.0,23.0,12.0,4,2,4,3,1,3,3,2
longchamp-box-trot,Longchamp,Box-Trot,flap,pelle,medaglione del cavaliere,2022,riferimento da verificare,ipotesi di studio,"Variante geometrica editoriale, non un riferimento commerciale certificato",cronologia da approfondire,23.0,18.0,10.0,4,1,4,2,1,1,3,2
goyard-saint-louis,Goyard,Saint Louis,tote,tela rivestita+pelle,pochette rimovibile,,non accertato,ipotesi di studio,"Variante geometrica editoriale, non un riferimento commerciale certificato",cronologia da approfondire,34.0,28.0,15.0,3,1,2,5,1,1,3,2
goyard-artois,Goyard,Artois,tote,tela rivestita+pelle,zip e angoli rinforzati,,non accertato,ipotesi di studio,"Variante geometrica editoriale, non un riferimento commerciale certificato",cronologia da approfondire,30.0,24.0,14.0,3,1,2,5,1,1,3,2
goyard-saigon,Goyard,Saïgon,trapezio,tela rivestita+pelle,manico rigido e listelli,,non accertato,ipotesi di studio,"Variante geometrica editoriale, non un riferimento commerciale certificato",cronologia da approfondire,28.0,20.0,12.0,4,2,4,3,1,1,3,2
delvaux-brillant,Delvaux,Brillant,trapezio,pelle,fibbia D,1958,documentato / periodo,ipotesi di studio,"Variante geometrica editoriale, non un riferimento commerciale certificato",episodio documentato,29.0,20.0,13.0,4,2,4,3,1,3,3,2
delvaux-tempete,Delvaux,Tempête,trapezio,pelle,due chiusure a morsetto,1967,documentato / periodo,ipotesi di studio,"Variante geometrica editoriale, non un riferimento commerciale certificato",episodio documentato,27.0,21.0,10.0,4,2,4,3,1,1,3,2
delvaux-pin,Delvaux,Pin,secchiello,pelle,manico e tasca curva,1972,documentato / periodo,ipotesi di studio,"Variante geometrica editoriale, non un riferimento commerciale certificato",episodio documentato,24.0,27.0,13.0,2,4,2,5,1,1,3,2
moynat-rejane,Moynat,Réjane,trapezio,pelle,fermaglio centrale,1903,riferimento da verificare,ipotesi di studio,"Variante geometrica editoriale, non un riferimento commerciale certificato",cronologia da approfondire,26.0,20.0,12.0,4,2,4,3,1,3,3,2
moynat-gabrielle,Moynat,Gabrielle,trapezio,pelle,chiusura M,2016,riferimento da verificare,ipotesi di studio,"Variante geometrica editoriale, non un riferimento commerciale certificato",episodio documentato,26.0,20.0,9.0,4,2,4,3,1,1,3,2
valextra-iside,Valextra,Iside,trapezio,pelle,fermaglio e piedini,2011,riferimento da verificare,ipotesi di studio,"Variante geometrica editoriale, non un riferimento commerciale certificato",cronologia da approfondire,26.0,20.0,12.0,4,2,4,3,1,3,3,2
valextra-tric-trac,Valextra,Tric Trac,box,pelle,chiusura a scatto,1968,documentato / periodo,documentate,Tric Trac standard · size guide,episodio documentato,13,17,9,5,1,5,1,1,1,3,2
lancel-premier-flirt,Lancel,Premier Flirt,secchiello,pelle,coulisse e nappine,1987,riferimento da verificare,ipotesi di studio,"Variante geometrica editoriale, non un riferimento commerciale certificato",cronologia da approfondire,29.0,30.0,15.0,2,4,2,5,1,1,3,2
cartier-guirlande,Cartier,Guirlande,box,pelle,chiusura metallica,2018,riferimento da verificare,ipotesi di studio,"Variante geometrica editoriale, non un riferimento commerciale certificato",cronologia da approfondire,21.0,17.0,8.0,5,1,5,1,1,1,3,2
burberry-pocket,Burberry,Pocket,tote,tela+pelle,manici ritagliati e tasca,2019,riferimento da verificare,ipotesi di studio,"Variante geometrica editoriale, non un riferimento commerciale certificato",cronologia da approfondire,35.0,30.0,11.0,3,1,2,5,1,1,3,2
burberry-lola,Burberry,Lola,flap,pelle trapuntata,monogramma TB e catena,2019,riferimento da verificare,ipotesi di studio,"Variante geometrica editoriale, non un riferimento commerciale certificato",cronologia da approfondire,23.0,13.0,6.0,4,1,4,2,5,5,4,4
burberry-tb,Burberry,TB,flap,pelle,fermaglio TB,2018,riferimento da verificare,ipotesi di studio,"Variante geometrica editoriale, non un riferimento commerciale certificato",cronologia da approfondire,21.0,16.0,6.0,4,1,4,2,5,3,3,4
alexander-mcqueen-skull-clutch,Alexander McQueen,Skull Clutch,box,pelle,teschio metallico,2009,riferimento da verificare,ipotesi di studio,"Variante geometrica editoriale, non un riferimento commerciale certificato",cronologia da approfondire,16.0,10.0,5.0,5,1,5,1,1,5,3,5
alexander-mcqueen-jewelled-satchel,Alexander McQueen,Jewelled Satchel,flap,pelle,impugnatura a quattro anelli,2017,riferimento da verificare,ipotesi di studio,"Variante geometrica editoriale, non un riferimento commerciale certificato",cronologia da approfondire,24.0,15.0,8.0,4,1,4,2,1,5,3,4
stella-mccartney-falabella,Stella McCartney,Falabella,tote,materiale sintetico,catena perimetrale,2009,documentato / periodo,ipotesi di studio,"Variante geometrica editoriale, non un riferimento commerciale certificato",episodio documentato,37.0,35.0,9.0,2,1,2,5,1,5,2,4
stella-mccartney-frayme,Stella McCartney,Frayme,hobo,materiale sintetico,catena grande,2021,riferimento da verificare,ipotesi di studio,"Variante geometrica editoriale, non un riferimento commerciale certificato",cronologia da approfondire,27.0,24.0,10.0,1,5,2,3,1,5,2,4
jw-anderson-pierce,JW Anderson,Pierce,flap,pelle,anello a piercing,2016,riferimento da verificare,ipotesi di studio,"Variante geometrica editoriale, non un riferimento commerciale certificato",cronologia da approfondire,28.0,20.0,9.0,4,1,4,2,1,5,3,4
jw-anderson-bumper,JW Anderson,Bumper,hobo,pelle,zip e bordo imbottito,2022,riferimento da verificare,ipotesi di studio,"Variante geometrica editoriale, non un riferimento commerciale certificato",cronologia da approfondire,28.0,17.0,8.0,1,5,2,3,1,1,3,2
jacquemus-le-chiquito,Jacquemus,Le Chiquito,trapezio,pelle,manico grande e magnete,2017,riferimento da verificare,ipotesi di studio,"Variante geometrica editoriale, non un riferimento commerciale certificato",episodio documentato,18.0,13.0,8.0,4,2,4,3,1,1,3,5
jacquemus-le-bambino,Jacquemus,Le Bambino,flap,pelle,magnete e tracolla,2020,riferimento da verificare,ipotesi di studio,"Variante geometrica editoriale, non un riferimento commerciale certificato",cronologia da approfondire,24.0,13.0,7.0,4,1,4,2,1,1,3,2
coperni-swipe,Coperni,Swipe,ovale,pelle,zip e manico integrato,2019,riferimento da verificare,ipotesi di studio,"Variante geometrica editoriale, non un riferimento commerciale certificato",cronologia da approfondire,27.0,16.0,6.0,4,5,3,1,1,1,3,5
coperni-air-swipe,Coperni,Air Swipe,ovale,aerogel,manico integrato,2024,documentato / periodo,ipotesi di studio,"Variante geometrica editoriale, non un riferimento commerciale certificato",episodio documentato,27.0,16.0,6.0,4,5,3,1,1,1,2,5
diesel-1dr,Diesel,1DR,flap,pelle,placca D,2022,riferimento da verificare,ipotesi di studio,"Variante geometrica editoriale, non un riferimento commerciale certificato",cronologia da approfondire,20.0,14.0,7.0,4,1,4,2,5,1,3,4
telfar-shopping-bag,Telfar,Shopping Bag,tote,materiale sintetico,magnete e doppi manici,2014,riferimento da verificare,ipotesi di studio,"Variante geometrica editoriale, non un riferimento commerciale certificato",cronologia da approfondire,38.0,28.0,13.0,2,1,2,5,5,1,2,4
luar-ana,Luar,Ana,trapezio,pelle,manici circolari,2021,documentato / periodo,ipotesi di studio,"Variante geometrica editoriale, non un riferimento commerciale certificato",episodio documentato,25.0,16.0,10.0,4,2,4,3,1,1,3,2
brandon-blackwood-kendrick-trunk,Brandon Blackwood,Kendrick Trunk,box,pelle,serratura e manico,,non accertato,ipotesi di studio,"Variante geometrica editoriale, non un riferimento commerciale certificato",cronologia da approfondire,18.0,15.0,8.0,5,1,5,1,1,3,3,2
savette-symmetry,Savette,Symmetry,box,pelle,chiusura girevole geometrica,2020,riferimento da verificare,ipotesi di studio,"Variante geometrica editoriale, non un riferimento commerciale certificato",cronologia da approfondire,26.0,18.0,8.0,5,1,5,1,1,1,3,2
khaite-lotus,Khaite,Lotus,tote,pelle,manico integrato,2019,riferimento da verificare,ipotesi di studio,"Variante geometrica editoriale, non un riferimento commerciale certificato",cronologia da approfondire,38.0,28.0,24.0,3,1,2,5,1,1,3,2
the-row-margaux,The Row,Margaux,trapezio,pelle,fibbie laterali,2018,riferimento da verificare,ipotesi di studio,"Variante geometrica editoriale, non un riferimento commerciale certificato",cronologia da approfondire,38.0,28.0,23.0,4,2,4,3,1,3,3,2
the-row-half-moon,The Row,Half Moon,hobo,pelle,zip,,non accertato,ipotesi di studio,"Variante geometrica editoriale, non un riferimento commerciale certificato",cronologia da approfondire,20.0,16.0,6.0,1,5,2,3,1,1,3,2
the-row-park-tote,The Row,Park Tote,tote,pelle,manici e lacci,,non accertato,ipotesi di studio,"Variante geometrica editoriale, non un riferimento commerciale certificato",cronologia da approfondire,38.0,43.0,22.0,3,1,2,5,1,1,3,2
mansur-gavriel-bucket-bag,Mansur Gavriel,Bucket Bag,secchiello,pelle,coulisse,2013,documentato / periodo,ipotesi di studio,"Variante geometrica editoriale, non un riferimento commerciale certificato",episodio documentato,25.0,30.0,15.0,2,4,2,5,1,1,3,2
proenza-schouler-ps1,Proenza Schouler,PS1,cartella,pelle,fermaglio e cinturini,2008,riferimento da verificare,ipotesi di studio,"Variante geometrica editoriale, non un riferimento commerciale certificato",cronologia da approfondire,32.0,22.0,13.0,4,1,3,5,1,3,3,2
3-1-phillip-lim-pashli,3.1 Phillip Lim,Pashli,trapezio,pelle,zip verticali e fermaglio,2011,riferimento da verificare,ipotesi di studio,"Variante geometrica editoriale, non un riferimento commerciale certificato",cronologia da approfondire,31.0,25.0,10.0,4,2,4,3,5,3,3,4
alexander-wang-rocco,Alexander Wang,Rocco,bauletto,pelle,borchie sul fondo e zip,2009,riferimento da verificare,ipotesi di studio,"Variante geometrica editoriale, non un riferimento commerciale certificato",cronologia da approfondire,33.0,23.0,23.0,3,3,3,4,1,5,3,4
marc-jacobs-stam,Marc Jacobs,Stam,bauletto,pelle trapuntata,chiusura a bacio e catena,2005,riferimento da verificare,ipotesi di studio,"Variante geometrica editoriale, non un riferimento commerciale certificato",cronologia da approfondire,38.0,25.0,15.0,3,3,3,4,1,5,4,4
marc-jacobs-the-tote-bag,Marc Jacobs,The Tote Bag,tote,tela,zip e tracolla,2019,riferimento da verificare,ipotesi di studio,"Variante geometrica editoriale, non un riferimento commerciale certificato",cronologia da approfondire,34.0,27.0,15.0,2,1,2,5,5,1,2,4
marc-jacobs-snapshot,Marc Jacobs,Snapshot,camera,pelle,doppia J e doppia zip,2016,riferimento da verificare,ipotesi di studio,"Variante geometrica editoriale, non un riferimento commerciale certificato",cronologia da approfondire,18.0,11.0,6.0,4,2,2,4,5,1,3,4
coach-rogue,Coach,Rogue,trapezio,pelle,zip e manici,2016,riferimento da verificare,ipotesi di studio,"Variante geometrica editoriale, non un riferimento commerciale certificato",cronologia da approfondire,25.0,20.0,14.0,4,2,4,3,5,1,3,4
coach-tabby,Coach,Tabby,flap,pelle,fermaglio C,2019,riferimento da verificare,ipotesi di studio,"Variante geometrica editoriale, non un riferimento commerciale certificato",episodio documentato,26.0,15.0,8.0,4,1,4,2,1,3,3,2
coach-duffle-sac,Coach,Duffle Sac,secchiello,pelle,zip e tracolla,1971,riferimento da verificare,ipotesi di studio,"Variante geometrica editoriale, non un riferimento commerciale certificato",cronologia da approfondire,30.0,35.0,20.0,2,4,2,5,1,1,3,2
coach-saddle-bag,Coach,Saddle Bag,sella,pelle,patta e fibbia,1972,riferimento da verificare,ipotesi di studio,"Variante geometrica editoriale, non un riferimento commerciale certificato",cronologia da approfondire,23.0,20.0,8.0,3,5,3,3,1,3,3,2
kate-spade-sam,Kate Spade,Sam,tote,nylon,manici e etichetta,1993,documentato / periodo,ipotesi di studio,"Variante geometrica editoriale, non un riferimento commerciale certificato",episodio documentato,28.0,22.0,12.0,2,1,2,5,1,1,2,2
kate-spade-manhattan,Kate Spade,Manhattan,tote,tela+pelle,manici e tracolla,,non accertato,ipotesi di studio,"Variante geometrica editoriale, non un riferimento commerciale certificato",cronologia da approfondire,27.0,34.0,14.0,3,1,2,5,1,1,3,2
tory-burch-fleming,Tory Burch,Fleming,flap,pelle trapuntata,catena e nappa,2014,riferimento da verificare,ipotesi di studio,"Variante geometrica editoriale, non un riferimento commerciale certificato",cronologia da approfondire,27.0,19.0,8.0,4,1,4,2,5,5,4,4
tory-burch-lee-radziwill,Tory Burch,Lee Radziwill,trapezio,pelle,serratura e cinturini,2018,riferimento da verificare,ipotesi di studio,"Variante geometrica editoriale, non un riferimento commerciale certificato",cronologia da approfondire,27.0,25.0,12.0,4,2,4,3,5,3,3,4
michael-kors-hamilton,Michael Kors,Hamilton,trapezio,pelle,lucchetto e catena,2009,riferimento da verificare,ipotesi di studio,"Variante geometrica editoriale, non un riferimento commerciale certificato",cronologia da approfondire,36.0,33.0,15.0,4,2,4,3,1,5,3,4
lesportsac-classic-hobo,LeSportsac,Classic Hobo,hobo,nylon,zip multiple,,non accertato,ipotesi di studio,"Variante geometrica editoriale, non un riferimento commerciale certificato",cronologia da approfondire,30.0,23.0,13.0,1,5,2,3,1,1,2,2
vera-bradley-vera-tote,Vera Bradley,Vera Tote,tote,cotone trapuntato,tasche e manici,,non accertato,ipotesi di studio,"Variante geometrica editoriale, non un riferimento commerciale certificato",cronologia da approfondire,38.0,37.0,15.0,2,1,2,5,1,1,4,2
kipling-art,Kipling,Art,duffle,nylon,zip e charm scimmia,,non accertato,ipotesi di studio,"Variante geometrica editoriale, non un riferimento commerciale certificato",cronologia da approfondire,44.0,27.0,20.0,2,3,1,5,1,1,2,2
eastpak-padded-pakr,Eastpak,Padded Pak’r,zaino,poliestere,zip e tasca frontale,1976,riferimento da verificare,ipotesi di studio,"Variante geometrica editoriale, non un riferimento commerciale certificato",episodio documentato,30.0,40.0,18.0,2,2,1,5,1,1,2,2
fjallraven-kanken,Fjällräven,Kånken,zaino,vinylon,zip perimetrale e manici,1978,documentato / periodo,documentate,Kånken · F23510 · pagina UK consultata,episodio documentato,27.5,36,12,2,2,1,5,1,1,2,2
herschel-little-america,Herschel,Little America,zaino,poliestere,coulisse e cinturini,2010,riferimento da verificare,ipotesi di studio,"Variante geometrica editoriale, non un riferimento commerciale certificato",cronologia da approfondire,29.0,49.0,18.0,2,2,1,5,1,1,2,2
jansport-superbreak,JanSport,SuperBreak,zaino,poliestere,zip e tasca frontale,,non accertato,ipotesi di studio,"Variante geometrica editoriale, non un riferimento commerciale certificato",cronologia da approfondire,33.0,42.0,21.0,2,2,1,5,1,1,2,2
l-l-bean-boat-and-tote,L.L.Bean,Boat and Tote,tote,tela di cotone,manici e fondo rinforzato,1944,documentato / periodo,documentate,Open-Top Medium · conversione esatta da 13 × 12 × 6 in,episodio documentato,33.02,30.48,15.24,2,1,2,5,1,1,2,2
filson-original-briefcase,Filson,Original Briefcase,cartella,tela+pelle,zip e fibbie,,non accertato,ipotesi di studio,"Variante geometrica editoriale, non un riferimento commerciale certificato",cronologia da approfondire,41.0,32.0,10.0,4,1,3,5,1,3,3,2
freitag-f13-top-cat,Freitag,F13 TOP CAT,messenger,tessuto riciclato,velcro e cintura,1993,documentato / periodo,documentate,F13 TOP CAT · L × H × P convertite da mm,episodio documentato,43,36,12,1,1,1,5,1,1,2,2
bao-bao-issey-miyake-lucent,Bao Bao Issey Miyake,Lucent,tote,materiale sintetico,manici regolabili,2010,riferimento da verificare,ipotesi di studio,"Variante geometrica editoriale, non un riferimento commerciale certificato",episodio documentato,34.0,34.0,1.0,2,1,2,5,1,1,2,2
anya-hindmarch-im-not-a-plastic-bag,Anya Hindmarch,I’m Not A Plastic Bag,tote,tela di cotone,manici tessili,2007,documentato / periodo,ipotesi di studio,"Variante geometrica editoriale, non un riferimento commerciale certificato",episodio documentato,34.0,32.0,16.0,2,1,2,5,1,1,2,2
lulu-guinness-lips-clutch,Lulu Guinness,Lips Clutch,pochette,materiale sintetico,chiusura a scatto,2004,documentato / periodo,ipotesi di studio,"Variante geometrica editoriale, non un riferimento commerciale certificato",episodio documentato,24.0,12.0,5.0,2,3,4,1,1,1,2,5
judith-leiber-crystal-minaudiere,Judith Leiber,Crystal Minaudière,box,metallo+cristalli,chiusura a scatto,1967,riferimento da verificare,ipotesi di studio,"Variante geometrica editoriale, non un riferimento commerciale certificato",cronologia da approfondire,18.0,12.0,6.0,5,1,5,1,1,1,5,5
olympia-le-tan-book-clutch,Olympia Le-Tan,Book Clutch,box,tessuto ricamato,cornice e fermaglio,2009,riferimento da verificare,ipotesi di studio,"Variante geometrica editoriale, non un riferimento commerciale certificato",cronologia da approfondire,20.0,15.0,4.0,5,1,5,1,1,5,5,4
cult-gaia-ark,Cult Gaia,Ark,cesto,bambù,manico integrato,2012,riferimento da verificare,ipotesi di studio,"Variante geometrica editoriale, non un riferimento commerciale certificato",cronologia da approfondire,29.0,24.0,9.0,4,4,2,3,1,1,5,5
staud-shirley,Staud,Shirley,tote,PVC+pelle,manici e pochette interna,2018,riferimento da verificare,ipotesi di studio,"Variante geometrica editoriale, non un riferimento commerciale certificato",cronologia da approfondire,26.0,28.0,13.0,3,1,2,5,1,1,3,5
wandler-hortensia,Wandler,Hortensia,trapezio,pelle,patta e tracolla,2017,riferimento da verificare,ipotesi di studio,"Variante geometrica editoriale, non un riferimento commerciale certificato",cronologia da approfondire,37.0,24.0,7.0,4,2,4,3,1,1,3,2
polene-numero-un,Polène,Numéro Un,trapezio,pelle,bottone e zip,2016,riferimento da verificare,ipotesi di studio,"Variante geometrica editoriale, non un riferimento commerciale certificato",episodio documentato,32.0,23.0,16.0,4,2,4,3,1,1,3,2
alaia-le-cur,Alaïa,Le Cœur,cuore,pelle,zip e tracolla,2022,riferimento da verificare,ipotesi di studio,"Variante geometrica editoriale, non un riferimento commerciale certificato",cronologia da approfondire,21.0,17.0,5.0,4,5,4,1,1,1,3,5
alaia-mina,Alaïa,Mina,tote,pelle traforata,manici e pochette,,non accertato,ipotesi di studio,"Variante geometrica editoriale, non un riferimento commerciale certificato",cronologia da approfondire,30.0,25.0,14.0,3,1,2,5,1,1,5,2
rabanne-1969,Rabanne,1969,pochette,metallo,dischi anelli e catena,1969,riferimento da verificare,ipotesi di studio,"Variante geometrica editoriale, non un riferimento commerciale certificato",episodio documentato,23.0,17.0,3.0,5,3,4,1,1,5,2,4
aspinal-of-london-mayfair,Aspinal of London,Mayfair,trapezio,pelle,serratura e manico,,non accertato,ipotesi di studio,"Variante geometrica editoriale, non un riferimento commerciale certificato",cronologia da approfondire,25.0,18.0,11.0,4,2,4,3,1,3,3,2
launer-traviata,Launer,Traviata,trapezio,pelle,fermaglio e manico,,non accertato,ipotesi di studio,"Variante geometrica editoriale, non un riferimento commerciale certificato",cronologia da approfondire,23.0,20.0,10.0,4,2,4,3,1,3,3,2
mark-cross-grace,Mark Cross,Grace,box,pelle,serratura e manico,,non accertato,ipotesi di studio,"Variante geometrica editoriale, non un riferimento commerciale certificato",episodio documentato,25.0,18.0,11.0,5,1,5,1,1,3,3,2
