id,brand,name,Pelle,Tela / cotone,Nylon / poliammide,Trapuntatura,Intreccio,Metallo,Bambù / fibre,Sintetico,Ricamo,Recupero dichiarato,PC1,PC2,PC3
hermes-birkin,Hermès,Birkin,1.0,0.0,0.0,0.0,0.0,0.0,0.0,0.0,0.0,0.0,0.3794659881631262,-0.124244478536066,-0.09113570452619538
hermes-kelly,Hermès,Kelly,1.0,0.0,0.0,0.0,0.0,0.0,0.0,0.0,0.0,0.0,0.3794659881631262,-0.124244478536066,-0.09113570452619538
hermes-constance,Hermès,Constance,1.0,0.0,0.0,0.0,0.0,0.0,0.0,0.0,0.0,0.0,0.3794659881631262,-0.124244478536066,-0.09113570452619538
hermes-evelyne,Hermès,Evelyne,1.0,0.0,0.0,0.0,0.0,0.0,0.0,0.0,0.0,0.0,0.3794659881631262,-0.124244478536066,-0.09113570452619538
hermes-picotin-lock,Hermès,Picotin Lock,1.0,0.0,0.0,0.0,0.0,0.0,0.0,0.0,0.0,0.0,0.3794659881631262,-0.124244478536066,-0.09113570452619538
hermes-bolide,Hermès,Bolide,1.0,0.0,0.0,0.0,0.0,0.0,0.0,0.0,0.0,0.0,0.3794659881631262,-0.124244478536066,-0.09113570452619538
hermes-lindy,Hermès,Lindy,1.0,0.0,0.0,0.0,0.0,0.0,0.0,0.0,0.0,0.0,0.3794659881631262,-0.124244478536066,-0.09113570452619538
hermes-garden-party,Hermès,Garden Party,1.0,1.0,0.0,0.0,0.0,0.0,0.0,0.0,0.0,0.0,0.5197009364508348,2.3654700039770105,-0.46385961941522197
hermes-herbag-zip,Hermès,Herbag Zip,1.0,1.0,0.0,0.0,0.0,0.0,0.0,0.0,0.0,0.0,0.5197009364508348,2.3654700039770105,-0.46385961941522197
hermes-haut-a-courroies,Hermès,Haut à Courroies,1.0,0.0,0.0,0.0,0.0,0.0,0.0,0.0,0.0,0.0,0.3794659881631262,-0.124244478536066,-0.09113570452619538
chanel-2-55,Chanel,2.55,1.0,0.0,0.0,1.0,0.0,0.0,0.0,0.0,0.0,0.0,0.897703387758094,-0.9357116457368397,2.5450337327559778
chanel-classic-11-12,Chanel,Classic 11.12,1.0,0.0,0.0,1.0,0.0,0.0,0.0,0.0,0.0,0.0,0.897703387758094,-0.9357116457368397,2.5450337327559778
chanel-boy,Chanel,Boy,1.0,0.0,0.0,1.0,0.0,0.0,0.0,0.0,0.0,0.0,0.897703387758094,-0.9357116457368397,2.5450337327559778
chanel-gabrielle,Chanel,Gabrielle,1.0,0.0,0.0,0.0,0.0,0.0,0.0,0.0,0.0,0.0,0.3794659881631262,-0.124244478536066,-0.09113570452619538
chanel-19,Chanel,19,1.0,0.0,0.0,1.0,0.0,0.0,0.0,0.0,0.0,0.0,0.897703387758094,-0.9357116457368397,2.5450337327559778
chanel-22,Chanel,22,1.0,0.0,0.0,1.0,0.0,0.0,0.0,0.0,0.0,0.0,0.897703387758094,-0.9357116457368397,2.5450337327559778
louis-vuitton-speedy,Louis Vuitton,Speedy,1.0,1.0,0.0,0.0,0.0,0.0,0.0,0.0,0.0,0.0,0.5197009364508348,2.3654700039770105,-0.46385961941522197
louis-vuitton-alma,Louis Vuitton,Alma,1.0,1.0,0.0,0.0,0.0,0.0,0.0,0.0,0.0,0.0,0.5197009364508348,2.3654700039770105,-0.46385961941522197
louis-vuitton-neverfull,Louis Vuitton,Neverfull,1.0,1.0,0.0,0.0,0.0,0.0,0.0,0.0,0.0,0.0,0.5197009364508348,2.3654700039770105,-0.46385961941522197
louis-vuitton-noe,Louis Vuitton,Noé,1.0,1.0,0.0,0.0,0.0,0.0,0.0,0.0,0.0,0.0,0.5197009364508348,2.3654700039770105,-0.46385961941522197
louis-vuitton-keepall,Louis Vuitton,Keepall,1.0,1.0,0.0,0.0,0.0,0.0,0.0,0.0,0.0,0.0,0.5197009364508348,2.3654700039770105,-0.46385961941522197
louis-vuitton-pochette-accessoires,Louis Vuitton,Pochette Accessoires,1.0,1.0,0.0,0.0,0.0,0.0,0.0,0.0,0.0,0.0,0.5197009364508348,2.3654700039770105,-0.46385961941522197
louis-vuitton-pochette-metis,Louis Vuitton,Pochette Métis,1.0,1.0,0.0,0.0,0.0,0.0,0.0,0.0,0.0,0.0,0.5197009364508348,2.3654700039770105,-0.46385961941522197
louis-vuitton-petite-malle,Louis Vuitton,Petite Malle,1.0,0.0,0.0,0.0,0.0,0.0,0.0,0.0,0.0,0.0,0.3794659881631262,-0.124244478536066,-0.09113570452619538
louis-vuitton-twist,Louis Vuitton,Twist,1.0,0.0,0.0,0.0,0.0,0.0,0.0,0.0,0.0,0.0,0.3794659881631262,-0.124244478536066,-0.09113570452619538
louis-vuitton-capucines,Louis Vuitton,Capucines,1.0,0.0,0.0,0.0,0.0,0.0,0.0,0.0,0.0,0.0,0.3794659881631262,-0.124244478536066,-0.09113570452619538
louis-vuitton-dauphine,Louis Vuitton,Dauphine,1.0,1.0,0.0,0.0,0.0,0.0,0.0,0.0,0.0,0.0,0.5197009364508348,2.3654700039770105,-0.46385961941522197
louis-vuitton-onthego,Louis Vuitton,OnTheGo,1.0,1.0,0.0,0.0,0.0,0.0,0.0,0.0,0.0,0.0,0.5197009364508348,2.3654700039770105,-0.46385961941522197
louis-vuitton-papillon,Louis Vuitton,Papillon,1.0,1.0,0.0,0.0,0.0,0.0,0.0,0.0,0.0,0.0,0.5197009364508348,2.3654700039770105,-0.46385961941522197
louis-vuitton-steamer,Louis Vuitton,Steamer,1.0,1.0,0.0,0.0,0.0,0.0,0.0,0.0,0.0,0.0,0.5197009364508348,2.3654700039770105,-0.46385961941522197
gucci-jackie-1961,Gucci,Jackie 1961,1.0,0.0,0.0,0.0,0.0,0.0,0.0,0.0,0.0,0.0,0.3794659881631262,-0.124244478536066,-0.09113570452619538
gucci-bamboo-1947,Gucci,Bamboo 1947,1.0,0.0,0.0,0.0,0.0,0.0,1.0,0.0,0.0,0.0,0.12946448307394773,-1.5506093651393,-1.6252807848605462
gucci-horsebit-1955,Gucci,Horsebit 1955,1.0,0.0,0.0,0.0,0.0,0.0,0.0,0.0,0.0,0.0,0.3794659881631262,-0.124244478536066,-0.09113570452619538
gucci-dionysus,Gucci,Dionysus,1.0,1.0,0.0,0.0,0.0,0.0,0.0,0.0,0.0,0.0,0.5197009364508348,2.3654700039770105,-0.46385961941522197
gucci-gg-marmont,Gucci,GG Marmont,1.0,0.0,0.0,1.0,0.0,0.0,0.0,0.0,0.0,0.0,0.897703387758094,-0.9357116457368397,2.5450337327559778
gucci-soho-disco,Gucci,Soho Disco,1.0,0.0,0.0,0.0,0.0,0.0,0.0,0.0,0.0,0.0,0.3794659881631262,-0.124244478536066,-0.09113570452619538
gucci-diana,Gucci,Diana,1.0,0.0,0.0,0.0,0.0,0.0,1.0,0.0,0.0,0.0,0.12946448307394773,-1.5506093651393,-1.6252807848605462
gucci-blondie,Gucci,Blondie,1.0,0.0,0.0,0.0,0.0,0.0,0.0,0.0,0.0,0.0,0.3794659881631262,-0.124244478536066,-0.09113570452619538
gucci-ophidia,Gucci,Ophidia,1.0,1.0,0.0,0.0,0.0,0.0,0.0,0.0,0.0,0.0,0.5197009364508348,2.3654700039770105,-0.46385961941522197
dior-lady-dior,Dior,Lady Dior,1.0,0.0,0.0,1.0,0.0,0.0,0.0,0.0,0.0,0.0,0.897703387758094,-0.9357116457368397,2.5450337327559778
dior-saddle,Dior,Saddle,1.0,0.0,0.0,0.0,0.0,0.0,0.0,0.0,0.0,0.0,0.3794659881631262,-0.124244478536066,-0.09113570452619538
dior-book-tote,Dior,Book Tote,0.0,0.0,0.0,0.0,0.0,0.0,0.0,0.0,1.0,0.0,-4.466416718057006,0.033490769928521534,0.5858187936486062
dior-diorama,Dior,Diorama,1.0,0.0,0.0,0.0,0.0,0.0,0.0,0.0,0.0,0.0,0.3794659881631262,-0.124244478536066,-0.09113570452619538
dior-30-montaigne,Dior,30 Montaigne,1.0,0.0,0.0,0.0,0.0,0.0,0.0,0.0,0.0,0.0,0.3794659881631262,-0.124244478536066,-0.09113570452619538
dior-bobby,Dior,Bobby,1.0,0.0,0.0,0.0,0.0,0.0,0.0,0.0,0.0,0.0,0.3794659881631262,-0.124244478536066,-0.09113570452619538
fendi-baguette,Fendi,Baguette,1.0,0.0,0.0,0.0,0.0,0.0,0.0,0.0,0.0,0.0,0.3794659881631262,-0.124244478536066,-0.09113570452619538
fendi-peekaboo,Fendi,Peekaboo,1.0,0.0,0.0,0.0,0.0,0.0,0.0,0.0,0.0,0.0,0.3794659881631262,-0.124244478536066,-0.09113570452619538
fendi-spy,Fendi,Spy,1.0,0.0,0.0,0.0,0.0,0.0,0.0,0.0,0.0,0.0,0.3794659881631262,-0.124244478536066,-0.09113570452619538
fendi-first,Fendi,First,1.0,0.0,0.0,0.0,0.0,0.0,0.0,0.0,0.0,0.0,0.3794659881631262,-0.124244478536066,-0.09113570452619538
fendi-sunshine,Fendi,Sunshine,1.0,0.0,0.0,0.0,0.0,0.0,0.0,0.0,0.0,0.0,0.3794659881631262,-0.124244478536066,-0.09113570452619538
fendi-by-the-way,Fendi,By The Way,1.0,0.0,0.0,0.0,0.0,0.0,0.0,0.0,0.0,0.0,0.3794659881631262,-0.124244478536066,-0.09113570452619538
prada-galleria,Prada,Galleria,1.0,0.0,0.0,0.0,0.0,0.0,0.0,0.0,0.0,0.0,0.3794659881631262,-0.124244478536066,-0.09113570452619538
prada-re-edition-2000,Prada,Re-Edition 2000,0.0,0.0,1.0,0.0,0.0,0.0,0.0,0.0,0.0,0.0,-3.369842926702643,-1.0424361093424186,-0.8552658127316473
prada-re-edition-2005,Prada,Re-Edition 2005,1.0,0.0,1.0,0.0,0.0,0.0,0.0,0.0,0.0,0.0,-1.1994621923255224,-1.1690398066467862,-0.9746004932885866
prada-cleo,Prada,Cleo,1.0,0.0,0.0,0.0,0.0,0.0,0.0,0.0,0.0,0.0,0.3794659881631262,-0.124244478536066,-0.09113570452619538
prada-nylon-backpack,Prada,Nylon Backpack,1.0,0.0,1.0,0.0,0.0,0.0,0.0,0.0,0.0,0.0,-1.1994621923255224,-1.1690398066467862,-0.9746004932885866
prada-cahier,Prada,Cahier,1.0,0.0,0.0,0.0,0.0,0.0,0.0,0.0,0.0,0.0,0.3794659881631262,-0.124244478536066,-0.09113570452619538
prada-symbole,Prada,Symbole,1.0,0.0,0.0,0.0,0.0,0.0,0.0,0.0,0.0,0.0,0.3794659881631262,-0.124244478536066,-0.09113570452619538
miu-miu-wander,Miu Miu,Wander,1.0,0.0,0.0,1.0,0.0,0.0,0.0,0.0,0.0,0.0,0.897703387758094,-0.9357116457368397,2.5450337327559778
miu-miu-arcadie,Miu Miu,Arcadie,1.0,0.0,0.0,1.0,0.0,0.0,0.0,0.0,0.0,0.0,0.897703387758094,-0.9357116457368397,2.5450337327559778
miu-miu-coffer,Miu Miu,Coffer,1.0,0.0,0.0,1.0,0.0,0.0,0.0,0.0,0.0,0.0,0.897703387758094,-0.9357116457368397,2.5450337327559778
miu-miu-aventure,Miu Miu,Aventure,1.0,0.0,0.0,0.0,0.0,0.0,0.0,0.0,0.0,0.0,0.3794659881631262,-0.124244478536066,-0.09113570452619538
bottega-veneta-veneta,Bottega Veneta,Veneta,1.0,0.0,0.0,0.0,1.0,0.0,0.0,0.0,0.0,0.0,0.9764386983373481,-2.4229708574880164,-3.1966288280999904
bottega-veneta-the-pouch,Bottega Veneta,The Pouch,1.0,0.0,0.0,0.0,0.0,0.0,0.0,0.0,0.0,0.0,0.3794659881631262,-0.124244478536066,-0.09113570452619538
bottega-veneta-cassette,Bottega Veneta,Cassette,1.0,0.0,0.0,0.0,1.0,0.0,0.0,0.0,0.0,0.0,0.9764386983373481,-2.4229708574880164,-3.1966288280999904
bottega-veneta-jodie,Bottega Veneta,Jodie,1.0,0.0,0.0,0.0,1.0,0.0,0.0,0.0,0.0,0.0,0.9764386983373481,-2.4229708574880164,-3.1966288280999904
bottega-veneta-andiamo,Bottega Veneta,Andiamo,1.0,0.0,0.0,0.0,1.0,0.0,0.0,0.0,0.0,0.0,0.9764386983373481,-2.4229708574880164,-3.1966288280999904
bottega-veneta-cabat,Bottega Veneta,Cabat,1.0,0.0,0.0,0.0,1.0,0.0,0.0,0.0,0.0,0.0,0.9764386983373481,-2.4229708574880164,-3.1966288280999904
bottega-veneta-knot,Bottega Veneta,Knot,1.0,0.0,0.0,0.0,1.0,0.0,0.0,0.0,0.0,0.0,0.9764386983373481,-2.4229708574880164,-3.1966288280999904
balenciaga-city,Balenciaga,City,1.0,0.0,0.0,0.0,0.0,0.0,0.0,0.0,0.0,0.0,0.3794659881631262,-0.124244478536066,-0.09113570452619538
balenciaga-le-cagole,Balenciaga,Le Cagole,1.0,0.0,0.0,0.0,0.0,0.0,0.0,0.0,0.0,0.0,0.3794659881631262,-0.124244478536066,-0.09113570452619538
balenciaga-hourglass,Balenciaga,Hourglass,1.0,0.0,0.0,0.0,0.0,0.0,0.0,0.0,0.0,0.0,0.3794659881631262,-0.124244478536066,-0.09113570452619538
balenciaga-rodeo,Balenciaga,Rodeo,1.0,0.0,0.0,0.0,0.0,0.0,0.0,0.0,0.0,0.0,0.3794659881631262,-0.124244478536066,-0.09113570452619538
balenciaga-crush,Balenciaga,Crush,1.0,0.0,0.0,1.0,0.0,0.0,0.0,0.0,0.0,0.0,0.897703387758094,-0.9357116457368397,2.5450337327559778
loewe-puzzle,Loewe,Puzzle,1.0,0.0,0.0,0.0,0.0,0.0,0.0,0.0,0.0,0.0,0.3794659881631262,-0.124244478536066,-0.09113570452619538
loewe-hammock,Loewe,Hammock,1.0,0.0,0.0,0.0,0.0,0.0,0.0,0.0,0.0,0.0,0.3794659881631262,-0.124244478536066,-0.09113570452619538
loewe-flamenco,Loewe,Flamenco,1.0,0.0,0.0,0.0,0.0,0.0,0.0,0.0,0.0,0.0,0.3794659881631262,-0.124244478536066,-0.09113570452619538
loewe-amazona,Loewe,Amazona,1.0,0.0,0.0,0.0,0.0,0.0,0.0,0.0,0.0,0.0,0.3794659881631262,-0.124244478536066,-0.09113570452619538
loewe-gate,Loewe,Gate,1.0,0.0,0.0,0.0,0.0,0.0,0.0,0.0,0.0,0.0,0.3794659881631262,-0.124244478536066,-0.09113570452619538
loewe-basket,Loewe,Basket,1.0,0.0,0.0,0.0,0.0,0.0,1.0,0.0,0.0,0.0,0.12946448307394773,-1.5506093651393,-1.6252807848605462
loewe-squeeze,Loewe,Squeeze,1.0,0.0,0.0,0.0,0.0,0.0,0.0,0.0,0.0,0.0,0.3794659881631262,-0.124244478536066,-0.09113570452619538
celine-luggage,Celine,Luggage,1.0,0.0,0.0,0.0,0.0,0.0,0.0,0.0,0.0,0.0,0.3794659881631262,-0.124244478536066,-0.09113570452619538
celine-trapeze,Celine,Trapeze,1.0,0.0,0.0,0.0,0.0,0.0,0.0,0.0,0.0,0.0,0.3794659881631262,-0.124244478536066,-0.09113570452619538
celine-classic-box,Celine,Classic Box,1.0,0.0,0.0,0.0,0.0,0.0,0.0,0.0,0.0,0.0,0.3794659881631262,-0.124244478536066,-0.09113570452619538
celine-trio,Celine,Trio,1.0,0.0,0.0,0.0,0.0,0.0,0.0,0.0,0.0,0.0,0.3794659881631262,-0.124244478536066,-0.09113570452619538
celine-belt,Celine,Belt,1.0,0.0,0.0,0.0,0.0,0.0,0.0,0.0,0.0,0.0,0.3794659881631262,-0.124244478536066,-0.09113570452619538
celine-triomphe,Celine,Triomphe,1.0,0.0,0.0,0.0,0.0,0.0,0.0,0.0,0.0,0.0,0.3794659881631262,-0.124244478536066,-0.09113570452619538
celine-16,Celine,16,1.0,0.0,0.0,0.0,0.0,0.0,0.0,0.0,0.0,0.0,0.3794659881631262,-0.124244478536066,-0.09113570452619538
saint-laurent-sac-de-jour,Saint Laurent,Sac de Jour,1.0,0.0,0.0,0.0,0.0,0.0,0.0,0.0,0.0,0.0,0.3794659881631262,-0.124244478536066,-0.09113570452619538
saint-laurent-kate,Saint Laurent,Kate,1.0,0.0,0.0,0.0,0.0,0.0,0.0,0.0,0.0,0.0,0.3794659881631262,-0.124244478536066,-0.09113570452619538
saint-laurent-loulou,Saint Laurent,Loulou,1.0,0.0,0.0,1.0,0.0,0.0,0.0,0.0,0.0,0.0,0.897703387758094,-0.9357116457368397,2.5450337327559778
saint-laurent-niki,Saint Laurent,Niki,1.0,0.0,0.0,0.0,0.0,0.0,0.0,0.0,0.0,0.0,0.3794659881631262,-0.124244478536066,-0.09113570452619538
saint-laurent-le-5-a-7,Saint Laurent,Le 5 à 7,1.0,0.0,0.0,0.0,0.0,0.0,0.0,0.0,0.0,0.0,0.3794659881631262,-0.124244478536066,-0.09113570452619538
saint-laurent-icare,Saint Laurent,Icare,1.0,0.0,0.0,1.0,0.0,0.0,0.0,0.0,0.0,0.0,0.897703387758094,-0.9357116457368397,2.5450337327559778
saint-laurent-mombasa,Saint Laurent,Mombasa,1.0,0.0,0.0,0.0,0.0,0.0,0.0,0.0,0.0,0.0,0.3794659881631262,-0.124244478536066,-0.09113570452619538
givenchy-antigona,Givenchy,Antigona,1.0,0.0,0.0,0.0,0.0,0.0,0.0,0.0,0.0,0.0,0.3794659881631262,-0.124244478536066,-0.09113570452619538
givenchy-nightingale,Givenchy,Nightingale,1.0,0.0,0.0,0.0,0.0,0.0,0.0,0.0,0.0,0.0,0.3794659881631262,-0.124244478536066,-0.09113570452619538
givenchy-pandora,Givenchy,Pandora,1.0,0.0,0.0,0.0,0.0,0.0,0.0,0.0,0.0,0.0,0.3794659881631262,-0.124244478536066,-0.09113570452619538
chloe-paddington,Chloé,Paddington,1.0,0.0,0.0,0.0,0.0,0.0,0.0,0.0,0.0,0.0,0.3794659881631262,-0.124244478536066,-0.09113570452619538
chloe-marcie,Chloé,Marcie,1.0,0.0,0.0,0.0,0.0,0.0,0.0,0.0,0.0,0.0,0.3794659881631262,-0.124244478536066,-0.09113570452619538
chloe-drew,Chloé,Drew,1.0,0.0,0.0,0.0,0.0,0.0,0.0,0.0,0.0,0.0,0.3794659881631262,-0.124244478536066,-0.09113570452619538
chloe-faye,Chloé,Faye,1.0,0.0,0.0,0.0,0.0,0.0,0.0,0.0,0.0,0.0,0.3794659881631262,-0.124244478536066,-0.09113570452619538
chloe-tess,Chloé,Tess,1.0,0.0,0.0,0.0,0.0,0.0,0.0,0.0,0.0,0.0,0.3794659881631262,-0.124244478536066,-0.09113570452619538
chloe-woody,Chloé,Woody,1.0,1.0,0.0,0.0,0.0,0.0,0.0,0.0,0.0,0.0,0.5197009364508348,2.3654700039770105,-0.46385961941522197
chloe-paraty,Chloé,Paraty,1.0,0.0,0.0,0.0,0.0,0.0,0.0,0.0,0.0,0.0,0.3794659881631262,-0.124244478536066,-0.09113570452619538
mulberry-bayswater,Mulberry,Bayswater,1.0,0.0,0.0,0.0,0.0,0.0,0.0,0.0,0.0,0.0,0.3794659881631262,-0.124244478536066,-0.09113570452619538
mulberry-alexa,Mulberry,Alexa,1.0,0.0,0.0,0.0,0.0,0.0,0.0,0.0,0.0,0.0,0.3794659881631262,-0.124244478536066,-0.09113570452619538
mulberry-lily,Mulberry,Lily,1.0,0.0,0.0,0.0,0.0,0.0,0.0,0.0,0.0,0.0,0.3794659881631262,-0.124244478536066,-0.09113570452619538
mulberry-roxanne,Mulberry,Roxanne,1.0,0.0,0.0,0.0,0.0,0.0,0.0,0.0,0.0,0.0,0.3794659881631262,-0.124244478536066,-0.09113570452619538
mulberry-amberley,Mulberry,Amberley,1.0,0.0,0.0,0.0,0.0,0.0,0.0,0.0,0.0,0.0,0.3794659881631262,-0.124244478536066,-0.09113570452619538
ferragamo-sofia,Ferragamo,Sofia,1.0,0.0,0.0,0.0,0.0,0.0,0.0,0.0,0.0,0.0,0.3794659881631262,-0.124244478536066,-0.09113570452619538
ferragamo-hug,Ferragamo,Hug,1.0,0.0,0.0,0.0,0.0,0.0,0.0,0.0,0.0,0.0,0.3794659881631262,-0.124244478536066,-0.09113570452619538
ferragamo-studio,Ferragamo,Studio,1.0,0.0,0.0,0.0,0.0,0.0,0.0,0.0,0.0,0.0,0.3794659881631262,-0.124244478536066,-0.09113570452619538
ferragamo-wanda,Ferragamo,Wanda,1.0,0.0,0.0,0.0,0.0,0.0,0.0,0.0,0.0,0.0,0.3794659881631262,-0.124244478536066,-0.09113570452619538
valentino-rockstud-spike,Valentino,Rockstud Spike,1.0,0.0,0.0,1.0,0.0,0.0,0.0,0.0,0.0,0.0,0.897703387758094,-0.9357116457368397,2.5450337327559778
valentino-roman-stud,Valentino,Roman Stud,1.0,0.0,0.0,1.0,0.0,0.0,0.0,0.0,0.0,0.0,0.897703387758094,-0.9357116457368397,2.5450337327559778
valentino-loco,Valentino,Locò,1.0,0.0,0.0,0.0,0.0,0.0,0.0,0.0,0.0,0.0,0.3794659881631262,-0.124244478536066,-0.09113570452619538
versace-palazzo-empire,Versace,Palazzo Empire,1.0,0.0,0.0,0.0,0.0,0.0,0.0,0.0,0.0,0.0,0.3794659881631262,-0.124244478536066,-0.09113570452619538
versace-la-medusa,Versace,La Medusa,1.0,0.0,0.0,0.0,0.0,0.0,0.0,0.0,0.0,0.0,0.3794659881631262,-0.124244478536066,-0.09113570452619538
giorgio-armani-la-prima,Giorgio Armani,La Prima,1.0,0.0,0.0,0.0,0.0,0.0,0.0,0.0,0.0,0.0,0.3794659881631262,-0.124244478536066,-0.09113570452619538
tods-d-bag,Tod’s,D Bag,1.0,0.0,0.0,0.0,0.0,0.0,0.0,0.0,0.0,0.0,0.3794659881631262,-0.124244478536066,-0.09113570452619538
tods-t-timeless,Tod’s,T Timeless,1.0,0.0,0.0,0.0,0.0,0.0,0.0,0.0,0.0,0.0,0.3794659881631262,-0.124244478536066,-0.09113570452619538
longchamp-le-pliage,Longchamp,Le Pliage,1.0,0.0,1.0,0.0,0.0,0.0,0.0,0.0,0.0,0.0,-1.1994621923255224,-1.1690398066467862,-0.9746004932885866
longchamp-roseau,Longchamp,Roseau,1.0,0.0,0.0,0.0,0.0,0.0,0.0,0.0,0.0,0.0,0.3794659881631262,-0.124244478536066,-0.09113570452619538
longchamp-box-trot,Longchamp,Box-Trot,1.0,0.0,0.0,0.0,0.0,0.0,0.0,0.0,0.0,0.0,0.3794659881631262,-0.124244478536066,-0.09113570452619538
goyard-saint-louis,Goyard,Saint Louis,1.0,1.0,0.0,0.0,0.0,0.0,0.0,0.0,0.0,0.0,0.5197009364508348,2.3654700039770105,-0.46385961941522197
goyard-artois,Goyard,Artois,1.0,1.0,0.0,0.0,0.0,0.0,0.0,0.0,0.0,0.0,0.5197009364508348,2.3654700039770105,-0.46385961941522197
goyard-saigon,Goyard,Saïgon,1.0,1.0,0.0,0.0,0.0,0.0,0.0,0.0,0.0,0.0,0.5197009364508348,2.3654700039770105,-0.46385961941522197
delvaux-brillant,Delvaux,Brillant,1.0,0.0,0.0,0.0,0.0,0.0,0.0,0.0,0.0,0.0,0.3794659881631262,-0.124244478536066,-0.09113570452619538
delvaux-tempete,Delvaux,Tempête,1.0,0.0,0.0,0.0,0.0,0.0,0.0,0.0,0.0,0.0,0.3794659881631262,-0.124244478536066,-0.09113570452619538
delvaux-pin,Delvaux,Pin,1.0,0.0,0.0,0.0,0.0,0.0,0.0,0.0,0.0,0.0,0.3794659881631262,-0.124244478536066,-0.09113570452619538
moynat-rejane,Moynat,Réjane,1.0,0.0,0.0,0.0,0.0,0.0,0.0,0.0,0.0,0.0,0.3794659881631262,-0.124244478536066,-0.09113570452619538
moynat-gabrielle,Moynat,Gabrielle,1.0,0.0,0.0,0.0,0.0,0.0,0.0,0.0,0.0,0.0,0.3794659881631262,-0.124244478536066,-0.09113570452619538
valextra-iside,Valextra,Iside,1.0,0.0,0.0,0.0,0.0,0.0,0.0,0.0,0.0,0.0,0.3794659881631262,-0.124244478536066,-0.09113570452619538
valextra-tric-trac,Valextra,Tric Trac,1.0,0.0,0.0,0.0,0.0,0.0,0.0,0.0,0.0,0.0,0.3794659881631262,-0.124244478536066,-0.09113570452619538
lancel-premier-flirt,Lancel,Premier Flirt,1.0,0.0,0.0,0.0,0.0,0.0,0.0,0.0,0.0,0.0,0.3794659881631262,-0.124244478536066,-0.09113570452619538
cartier-guirlande,Cartier,Guirlande,1.0,0.0,0.0,0.0,0.0,0.0,0.0,0.0,0.0,0.0,0.3794659881631262,-0.124244478536066,-0.09113570452619538
burberry-pocket,Burberry,Pocket,1.0,1.0,0.0,0.0,0.0,0.0,0.0,0.0,0.0,0.0,0.5197009364508348,2.3654700039770105,-0.46385961941522197
burberry-lola,Burberry,Lola,1.0,0.0,0.0,1.0,0.0,0.0,0.0,0.0,0.0,0.0,0.897703387758094,-0.9357116457368397,2.5450337327559778
burberry-tb,Burberry,TB,1.0,0.0,0.0,0.0,0.0,0.0,0.0,0.0,0.0,0.0,0.3794659881631262,-0.124244478536066,-0.09113570452619538
alexander-mcqueen-skull-clutch,Alexander McQueen,Skull Clutch,1.0,0.0,0.0,0.0,0.0,0.0,0.0,0.0,0.0,0.0,0.3794659881631262,-0.124244478536066,-0.09113570452619538
alexander-mcqueen-jewelled-satchel,Alexander McQueen,Jewelled Satchel,1.0,0.0,0.0,0.0,0.0,0.0,0.0,0.0,0.0,0.0,0.3794659881631262,-0.124244478536066,-0.09113570452619538
stella-mccartney-falabella,Stella McCartney,Falabella,0.0,0.0,0.0,0.0,0.0,0.0,0.0,1.0,0.0,0.0,-4.57148566228973,0.042021611891418634,0.8419629785977182
stella-mccartney-frayme,Stella McCartney,Frayme,0.0,0.0,0.0,0.0,0.0,0.0,0.0,1.0,0.0,0.0,-4.57148566228973,0.042021611891418634,0.8419629785977182
jw-anderson-pierce,JW Anderson,Pierce,1.0,0.0,0.0,0.0,0.0,0.0,0.0,0.0,0.0,0.0,0.3794659881631262,-0.124244478536066,-0.09113570452619538
jw-anderson-bumper,JW Anderson,Bumper,1.0,0.0,0.0,0.0,0.0,0.0,0.0,0.0,0.0,0.0,0.3794659881631262,-0.124244478536066,-0.09113570452619538
jacquemus-le-chiquito,Jacquemus,Le Chiquito,1.0,0.0,0.0,0.0,0.0,0.0,0.0,0.0,0.0,0.0,0.3794659881631262,-0.124244478536066,-0.09113570452619538
jacquemus-le-bambino,Jacquemus,Le Bambino,1.0,0.0,0.0,0.0,0.0,0.0,0.0,0.0,0.0,0.0,0.3794659881631262,-0.124244478536066,-0.09113570452619538
coperni-swipe,Coperni,Swipe,1.0,0.0,0.0,0.0,0.0,0.0,0.0,0.0,0.0,0.0,0.3794659881631262,-0.124244478536066,-0.09113570452619538
coperni-air-swipe,Coperni,Air Swipe,0.0,0.0,0.0,0.0,0.0,0.0,0.0,0.0,0.0,0.0,-1.790914746213994,0.0023592187683016607,0.028198976030743967
diesel-1dr,Diesel,1DR,1.0,0.0,0.0,0.0,0.0,0.0,0.0,0.0,0.0,0.0,0.3794659881631262,-0.124244478536066,-0.09113570452619538
telfar-shopping-bag,Telfar,Shopping Bag,0.0,0.0,0.0,0.0,0.0,0.0,0.0,1.0,0.0,0.0,-4.57148566228973,0.042021611891418634,0.8419629785977182
luar-ana,Luar,Ana,1.0,0.0,0.0,0.0,0.0,0.0,0.0,0.0,0.0,0.0,0.3794659881631262,-0.124244478536066,-0.09113570452619538
brandon-blackwood-kendrick-trunk,Brandon Blackwood,Kendrick Trunk,1.0,0.0,0.0,0.0,0.0,0.0,0.0,0.0,0.0,0.0,0.3794659881631262,-0.124244478536066,-0.09113570452619538
savette-symmetry,Savette,Symmetry,1.0,0.0,0.0,0.0,0.0,0.0,0.0,0.0,0.0,0.0,0.3794659881631262,-0.124244478536066,-0.09113570452619538
khaite-lotus,Khaite,Lotus,1.0,0.0,0.0,0.0,0.0,0.0,0.0,0.0,0.0,0.0,0.3794659881631262,-0.124244478536066,-0.09113570452619538
the-row-margaux,The Row,Margaux,1.0,0.0,0.0,0.0,0.0,0.0,0.0,0.0,0.0,0.0,0.3794659881631262,-0.124244478536066,-0.09113570452619538
the-row-half-moon,The Row,Half Moon,1.0,0.0,0.0,0.0,0.0,0.0,0.0,0.0,0.0,0.0,0.3794659881631262,-0.124244478536066,-0.09113570452619538
the-row-park-tote,The Row,Park Tote,1.0,0.0,0.0,0.0,0.0,0.0,0.0,0.0,0.0,0.0,0.3794659881631262,-0.124244478536066,-0.09113570452619538
mansur-gavriel-bucket-bag,Mansur Gavriel,Bucket Bag,1.0,0.0,0.0,0.0,0.0,0.0,0.0,0.0,0.0,0.0,0.3794659881631262,-0.124244478536066,-0.09113570452619538
proenza-schouler-ps1,Proenza Schouler,PS1,1.0,0.0,0.0,0.0,0.0,0.0,0.0,0.0,0.0,0.0,0.3794659881631262,-0.124244478536066,-0.09113570452619538
3-1-phillip-lim-pashli,3.1 Phillip Lim,Pashli,1.0,0.0,0.0,0.0,0.0,0.0,0.0,0.0,0.0,0.0,0.3794659881631262,-0.124244478536066,-0.09113570452619538
alexander-wang-rocco,Alexander Wang,Rocco,1.0,0.0,0.0,0.0,0.0,0.0,0.0,0.0,0.0,0.0,0.3794659881631262,-0.124244478536066,-0.09113570452619538
marc-jacobs-stam,Marc Jacobs,Stam,1.0,0.0,0.0,1.0,0.0,0.0,0.0,0.0,0.0,0.0,0.897703387758094,-0.9357116457368397,2.5450337327559778
marc-jacobs-the-tote-bag,Marc Jacobs,The Tote Bag,0.0,1.0,0.0,0.0,0.0,0.0,0.0,0.0,0.0,0.0,-1.6506797979262855,2.4920737012813783,-0.3445249388582826
marc-jacobs-snapshot,Marc Jacobs,Snapshot,1.0,0.0,0.0,0.0,0.0,0.0,0.0,0.0,0.0,0.0,0.3794659881631262,-0.124244478536066,-0.09113570452619538
coach-rogue,Coach,Rogue,1.0,0.0,0.0,0.0,0.0,0.0,0.0,0.0,0.0,0.0,0.3794659881631262,-0.124244478536066,-0.09113570452619538
coach-tabby,Coach,Tabby,1.0,0.0,0.0,0.0,0.0,0.0,0.0,0.0,0.0,0.0,0.3794659881631262,-0.124244478536066,-0.09113570452619538
coach-duffle-sac,Coach,Duffle Sac,1.0,0.0,0.0,0.0,0.0,0.0,0.0,0.0,0.0,0.0,0.3794659881631262,-0.124244478536066,-0.09113570452619538
coach-saddle-bag,Coach,Saddle Bag,1.0,0.0,0.0,0.0,0.0,0.0,0.0,0.0,0.0,0.0,0.3794659881631262,-0.124244478536066,-0.09113570452619538
kate-spade-sam,Kate Spade,Sam,0.0,0.0,1.0,0.0,0.0,0.0,0.0,0.0,0.0,0.0,-3.369842926702643,-1.0424361093424186,-0.8552658127316473
kate-spade-manhattan,Kate Spade,Manhattan,1.0,1.0,0.0,0.0,0.0,0.0,0.0,0.0,0.0,0.0,0.5197009364508348,2.3654700039770105,-0.46385961941522197
tory-burch-fleming,Tory Burch,Fleming,1.0,0.0,0.0,1.0,0.0,0.0,0.0,0.0,0.0,0.0,0.897703387758094,-0.9357116457368397,2.5450337327559778
tory-burch-lee-radziwill,Tory Burch,Lee Radziwill,1.0,0.0,0.0,0.0,0.0,0.0,0.0,0.0,0.0,0.0,0.3794659881631262,-0.124244478536066,-0.09113570452619538
michael-kors-hamilton,Michael Kors,Hamilton,1.0,0.0,0.0,0.0,0.0,0.0,0.0,0.0,0.0,0.0,0.3794659881631262,-0.124244478536066,-0.09113570452619538
lesportsac-classic-hobo,LeSportsac,Classic Hobo,0.0,0.0,1.0,0.0,0.0,0.0,0.0,0.0,0.0,0.0,-3.369842926702643,-1.0424361093424186,-0.8552658127316473
vera-bradley-vera-tote,Vera Bradley,Vera Tote,0.0,1.0,0.0,1.0,0.0,0.0,0.0,0.0,0.0,0.0,-1.1324423983313177,1.6806065340806051,2.2916444984238904
kipling-art,Kipling,Art,0.0,0.0,1.0,0.0,0.0,0.0,0.0,0.0,0.0,0.0,-3.369842926702643,-1.0424361093424186,-0.8552658127316473
eastpak-padded-pakr,Eastpak,Padded Pak’r,0.0,0.0,0.0,0.0,0.0,0.0,0.0,0.0,0.0,0.0,-1.790914746213994,0.0023592187683016607,0.028198976030743967
fjallraven-kanken,Fjällräven,Kånken,0.0,0.0,1.0,0.0,0.0,0.0,0.0,0.0,0.0,0.0,-3.369842926702643,-1.0424361093424186,-0.8552658127316473
herschel-little-america,Herschel,Little America,0.0,0.0,0.0,0.0,0.0,0.0,0.0,0.0,0.0,0.0,-1.790914746213994,0.0023592187683016607,0.028198976030743967
jansport-superbreak,JanSport,SuperBreak,0.0,0.0,0.0,0.0,0.0,0.0,0.0,0.0,0.0,0.0,-1.790914746213994,0.0023592187683016607,0.028198976030743967
l-l-bean-boat-and-tote,L.L.Bean,Boat and Tote,0.0,1.0,0.0,0.0,0.0,0.0,0.0,0.0,0.0,0.0,-1.6506797979262855,2.4920737012813783,-0.3445249388582826
filson-original-briefcase,Filson,Original Briefcase,1.0,1.0,0.0,0.0,0.0,0.0,0.0,0.0,0.0,0.0,0.5197009364508348,2.3654700039770105,-0.46385961941522197
freitag-f13-top-cat,Freitag,F13 TOP CAT,0.0,0.0,0.0,0.0,0.0,0.0,0.0,0.0,0.0,1.0,-4.433136330601858,0.03140809690527422,0.5328681162296792
bao-bao-issey-miyake-lucent,Bao Bao Issey Miyake,Lucent,0.0,0.0,0.0,0.0,0.0,0.0,0.0,1.0,0.0,0.0,-4.57148566228973,0.042021611891418634,0.8419629785977182
anya-hindmarch-im-not-a-plastic-bag,Anya Hindmarch,I’m Not A Plastic Bag,0.0,1.0,0.0,0.0,0.0,0.0,0.0,0.0,0.0,0.0,-1.6506797979262855,2.4920737012813783,-0.3445249388582826
lulu-guinness-lips-clutch,Lulu Guinness,Lips Clutch,0.0,0.0,0.0,0.0,0.0,0.0,0.0,1.0,0.0,0.0,-4.57148566228973,0.042021611891418634,0.8419629785977182
judith-leiber-crystal-minaudiere,Judith Leiber,Crystal Minaudière,0.0,0.0,0.0,0.0,0.0,1.0,0.0,0.0,0.0,0.0,-4.466416718057012,0.03349076992854379,0.5858187936485975
olympia-le-tan-book-clutch,Olympia Le-Tan,Book Clutch,0.0,0.0,0.0,0.0,0.0,0.0,0.0,0.0,1.0,0.0,-4.466416718057006,0.033490769928521534,0.5858187936486062
cult-gaia-ark,Cult Gaia,Ark,0.0,0.0,0.0,0.0,0.0,0.0,1.0,0.0,0.0,0.0,-2.0409162513031722,-1.4240056678349324,-1.5059461043036066
staud-shirley,Staud,Shirley,1.0,0.0,0.0,0.0,0.0,0.0,0.0,0.0,0.0,0.0,0.3794659881631262,-0.124244478536066,-0.09113570452619538
wandler-hortensia,Wandler,Hortensia,1.0,0.0,0.0,0.0,0.0,0.0,0.0,0.0,0.0,0.0,0.3794659881631262,-0.124244478536066,-0.09113570452619538
polene-numero-un,Polène,Numéro Un,1.0,0.0,0.0,0.0,0.0,0.0,0.0,0.0,0.0,0.0,0.3794659881631262,-0.124244478536066,-0.09113570452619538
alaia-le-cur,Alaïa,Le Cœur,1.0,0.0,0.0,0.0,0.0,0.0,0.0,0.0,0.0,0.0,0.3794659881631262,-0.124244478536066,-0.09113570452619538
alaia-mina,Alaïa,Mina,1.0,0.0,0.0,0.0,0.0,0.0,0.0,0.0,0.0,0.0,0.3794659881631262,-0.124244478536066,-0.09113570452619538
rabanne-1969,Rabanne,1969,0.0,0.0,0.0,0.0,0.0,1.0,0.0,0.0,0.0,0.0,-4.466416718057012,0.03349076992854379,0.5858187936485975
aspinal-of-london-mayfair,Aspinal of London,Mayfair,1.0,0.0,0.0,0.0,0.0,0.0,0.0,0.0,0.0,0.0,0.3794659881631262,-0.124244478536066,-0.09113570452619538
launer-traviata,Launer,Traviata,1.0,0.0,0.0,0.0,0.0,0.0,0.0,0.0,0.0,0.0,0.3794659881631262,-0.124244478536066,-0.09113570452619538
mark-cross-grace,Mark Cross,Grace,1.0,0.0,0.0,0.0,0.0,0.0,0.0,0.0,0.0,0.0,0.3794659881631262,-0.124244478536066,-0.09113570452619538
