id,brand,name,Rigidità,Curvatura,Formalità,Vocazione utilitaria,Visibilità del logo,Presenza hardware,Lavorazione visibile,Espressività,PC1,PC2,PC3
hermes-birkin,Hermès,Birkin,4.0,2.0,4.0,3.0,1.0,5.0,3.0,4.0,1.4162097062256427,0.4472384016601519,0.170744330564019
hermes-kelly,Hermès,Kelly,4.0,2.0,4.0,3.0,1.0,1.0,3.0,2.0,0.1947627205499043,-1.5639914242864177,-0.02478177544513716
hermes-constance,Hermès,Constance,4.0,1.0,4.0,2.0,5.0,3.0,3.0,4.0,1.953778765256975,1.0896546546990329,-0.735532928604873
hermes-evelyne,Hermès,Evelyne,3.0,5.0,3.0,3.0,1.0,1.0,3.0,2.0,-1.3435109887453274,-0.6370940581978276,1.5414071337364972
hermes-picotin-lock,Hermès,Picotin Lock,2.0,4.0,2.0,5.0,1.0,5.0,3.0,4.0,-1.5498436551125814,1.8236725977174912,0.42425194604443794
hermes-bolide,Hermès,Bolide,3.0,3.0,3.0,4.0,1.0,1.0,3.0,2.0,-1.2882639601192076,-0.8757743262577484,0.10197203229507235
hermes-lindy,Hermès,Lindy,3.0,3.0,3.0,4.0,1.0,1.0,3.0,2.0,-1.2882639601192076,-0.8757743262577484,0.10197203229507235
hermes-garden-party,Hermès,Garden Party,3.0,1.0,2.0,5.0,1.0,1.0,3.0,2.0,-1.728956355780621,-0.8788380193368815,-1.4980863652252583
hermes-herbag-zip,Hermès,Herbag Zip,4.0,2.0,4.0,3.0,1.0,1.0,3.0,2.0,0.1947627205499043,-1.5639914242864177,-0.02478177544513716
hermes-haut-a-courroies,Hermès,Haut à Courroies,4.0,2.0,4.0,3.0,1.0,3.0,3.0,2.0,0.5636466269704803,-1.1362651873640373,0.041606890228974694
chanel-2-55,Chanel,2.55,4.0,1.0,4.0,2.0,1.0,5.0,4.0,4.0,2.2091326627186123,0.1482252123754607,0.20572028514799282
chanel-classic-11-12,Chanel,Classic 11.12,4.0,1.0,4.0,2.0,5.0,5.0,4.0,4.0,2.5764658897929986,1.4236498467196321,-0.5358134205600019
chanel-boy,Chanel,Boy,4.0,1.0,4.0,2.0,1.0,5.0,4.0,4.0,2.2091326627186123,0.1482252123754607,0.20572028514799282
chanel-gabrielle,Chanel,Gabrielle,1.0,5.0,2.0,3.0,1.0,1.0,3.0,2.0,-2.735385449040976,0.09315927411290494,1.7588282697222508
chanel-19,Chanel,19,4.0,1.0,4.0,2.0,5.0,5.0,4.0,4.0,2.5764658897929986,1.4236498467196321,-0.5358134205600019
chanel-22,Chanel,22,3.0,1.0,2.0,5.0,1.0,5.0,4.0,4.0,-0.2537061519894347,1.0386607617079069,-1.169229416845343
louis-vuitton-speedy,Louis Vuitton,Speedy,3.0,3.0,3.0,4.0,1.0,5.0,3.0,4.0,-0.06681697444346939,1.1354554996888215,0.2974981383042285
louis-vuitton-alma,Louis Vuitton,Alma,3.0,3.0,3.0,4.0,5.0,1.0,3.0,4.0,-0.4372515602102346,1.5554276601882315,-0.5768128987519898
louis-vuitton-neverfull,Louis Vuitton,Neverfull,3.0,1.0,2.0,5.0,1.0,1.0,3.0,2.0,-1.728956355780621,-0.8788380193368815,-1.4980863652252583
louis-vuitton-noe,Louis Vuitton,Noé,2.0,4.0,2.0,5.0,1.0,1.0,3.0,2.0,-2.77129064078832,-0.18755722822907883,0.2287258400352818
louis-vuitton-keepall,Louis Vuitton,Keepall,2.0,3.0,1.0,5.0,5.0,5.0,3.0,4.0,-1.4803275966578473,3.186726336228174,-0.9905017188185323
louis-vuitton-pochette-accessoires,Louis Vuitton,Pochette Accessoires,2.0,3.0,4.0,1.0,1.0,1.0,3.0,2.0,-0.21729960570680865,-1.035956543279462,1.6943428702741616
louis-vuitton-pochette-metis,Louis Vuitton,Pochette Métis,4.0,1.0,4.0,2.0,1.0,3.0,3.0,2.0,1.1027663653480018,-1.3415473317469468,-0.05674799755781075
louis-vuitton-petite-malle,Louis Vuitton,Petite Malle,5.0,1.0,5.0,1.0,1.0,1.0,3.0,2.0,2.0187868839286565,-2.30950319588372,0.26270619210393803
louis-vuitton-twist,Louis Vuitton,Twist,4.0,1.0,4.0,2.0,5.0,5.0,3.0,4.0,2.3226626716775503,1.5173808916214138,-0.6691442629307611
louis-vuitton-capucines,Louis Vuitton,Capucines,4.0,2.0,4.0,3.0,5.0,5.0,3.0,4.0,1.7835429333000294,1.7226630360043234,-0.5707893751439757
louis-vuitton-dauphine,Louis Vuitton,Dauphine,4.0,1.0,4.0,2.0,5.0,5.0,3.0,4.0,2.3226626716775503,1.5173808916214138,-0.6691442629307611
louis-vuitton-onthego,Louis Vuitton,OnTheGo,3.0,1.0,2.0,5.0,5.0,1.0,3.0,4.0,-0.8779439558716481,1.5523639671090983,-2.1768712962723202
louis-vuitton-papillon,Louis Vuitton,Papillon,4.0,5.0,3.0,2.0,1.0,1.0,3.0,2.0,-0.5545459880316292,-0.9417071104314327,1.766626692993452
louis-vuitton-steamer,Louis Vuitton,Steamer,4.0,2.0,4.0,3.0,1.0,5.0,3.0,4.0,1.4162097062256427,0.4472384016601519,0.170744330564019
gucci-jackie-1961,Gucci,Jackie 1961,1.0,5.0,2.0,3.0,1.0,1.0,3.0,2.0,-2.735385449040976,0.09315927411290494,1.7588282697222508
gucci-bamboo-1947,Gucci,Bamboo 1947,4.0,2.0,4.0,3.0,1.0,3.0,5.0,2.0,1.0712530632013766,-1.3237272771676003,0.3082685749704932
gucci-horsebit-1955,Gucci,Horsebit 1955,4.0,1.0,4.0,2.0,1.0,1.0,3.0,2.0,0.7338824589274258,-1.7692735686693273,-0.12313666323192259
gucci-dionysus,Gucci,Dionysus,4.0,1.0,4.0,2.0,1.0,5.0,3.0,4.0,1.9553294446031642,0.24195625727724224,0.07238944277723357
gucci-gg-marmont,Gucci,GG Marmont,4.0,1.0,4.0,2.0,5.0,5.0,4.0,4.0,2.5764658897929986,1.4236498467196321,-0.5358134205600019
gucci-soho-disco,Gucci,Soho Disco,4.0,2.0,2.0,4.0,5.0,1.0,3.0,4.0,-0.2871012108258302,1.39573838568977,-1.4390550739392953
gucci-diana,Gucci,Diana,3.0,1.0,2.0,5.0,1.0,1.0,5.0,2.0,-1.2213499195497248,-1.0663001091404445,-1.2314246804837399
gucci-blondie,Gucci,Blondie,4.0,1.0,4.0,2.0,5.0,5.0,3.0,4.0,2.3226626716775503,1.5173808916214138,-0.6691442629307611
gucci-ophidia,Gucci,Ophidia,4.0,2.0,2.0,4.0,5.0,1.0,3.0,4.0,-0.2871012108258302,1.39573838568977,-1.4390550739392953
dior-lady-dior,Dior,Lady Dior,4.0,2.0,4.0,3.0,1.0,5.0,4.0,4.0,1.6700129243410908,0.3535073567583703,0.30407517293477826
dior-saddle,Dior,Saddle,3.0,5.0,3.0,3.0,5.0,1.0,3.0,4.0,-0.49249858883635433,1.7941079282481525,0.8626222026894351
dior-book-tote,Dior,Book Tote,2.0,1.0,2.0,5.0,1.0,1.0,5.0,2.0,-1.6693174375537818,-0.8189817304754723,-1.04240246445141
dior-diorama,Dior,Diorama,4.0,1.0,4.0,2.0,1.0,5.0,3.0,4.0,1.9553294446031642,0.24195625727724224,0.07238944277723357
dior-30-montaigne,Dior,30 Montaigne,4.0,1.0,4.0,2.0,5.0,3.0,3.0,4.0,1.953778765256975,1.0896546546990329,-0.735532928604873
dior-bobby,Dior,Bobby,3.0,5.0,3.0,3.0,5.0,3.0,3.0,4.0,-0.12361468241577843,2.221834165170533,0.929010868363547
fendi-baguette,Fendi,Baguette,4.0,1.0,4.0,2.0,5.0,3.0,3.0,4.0,1.953778765256975,1.0896546546990329,-0.735532928604873
fendi-peekaboo,Fendi,Peekaboo,4.0,2.0,4.0,3.0,1.0,1.0,3.0,2.0,0.1947627205499043,-1.5639914242864177,-0.02478177544513716
fendi-spy,Fendi,Spy,1.0,5.0,2.0,3.0,1.0,1.0,3.0,2.0,-2.735385449040976,0.09315927411290494,1.7588282697222508
fendi-first,Fendi,First,2.0,3.0,4.0,1.0,1.0,5.0,3.0,4.0,1.0041473799689298,0.9752732826671079,1.8898689762833178
fendi-sunshine,Fendi,Sunshine,3.0,1.0,2.0,5.0,5.0,1.0,3.0,4.0,-0.8779439558716481,1.5523639671090983,-2.1768712962723202
fendi-by-the-way,Fendi,By The Way,3.0,3.0,3.0,4.0,1.0,1.0,3.0,2.0,-1.2882639601192076,-0.8757743262577484,0.10197203229507235
prada-galleria,Prada,Galleria,4.0,2.0,4.0,3.0,5.0,1.0,3.0,4.0,1.0457751204588774,0.8672105621595618,-0.7035667064921993
prada-re-edition-2000,Prada,Re-Edition 2000,1.0,5.0,2.0,3.0,5.0,1.0,2.0,4.0,-2.138176267247451,2.618092305460667,0.9467124963044293
prada-re-edition-2005,Prada,Re-Edition 2005,1.0,5.0,2.0,3.0,1.0,5.0,3.0,4.0,-1.513938463365237,2.104389100059475,1.954354375731407
prada-cleo,Prada,Cleo,1.0,5.0,2.0,3.0,5.0,1.0,3.0,4.0,-1.8843730491320028,2.5243612605588854,1.0800433386751886
prada-nylon-backpack,Prada,Nylon Backpack,2.0,2.0,1.0,5.0,1.0,3.0,3.0,2.0,-2.502101647319516,0.17981064204553587,-0.8907021165216521
prada-cahier,Prada,Cahier,5.0,1.0,5.0,1.0,1.0,1.0,3.0,2.0,2.0187868839286565,-2.30950319588372,0.26270619210393803
prada-symbole,Prada,Symbole,3.0,1.0,2.0,5.0,5.0,1.0,3.0,4.0,-0.8779439558716481,1.5523639671090983,-2.1768712962723202
miu-miu-wander,Miu Miu,Wander,1.0,5.0,2.0,3.0,1.0,1.0,4.0,2.0,-2.4815822309255275,-0.0005717707888765884,1.89215911209301
miu-miu-arcadie,Miu Miu,Arcadie,3.0,3.0,3.0,4.0,1.0,1.0,4.0,2.0,-1.0344607420037597,-0.96950537115953,0.2353028746658316
miu-miu-coffer,Miu Miu,Coffer,1.0,5.0,2.0,3.0,1.0,3.0,4.0,2.0,-2.1126983245049513,0.42715446613350416,1.9585477777671219
miu-miu-aventure,Miu Miu,Aventure,3.0,3.0,3.0,4.0,1.0,3.0,3.0,2.0,-0.9193800536986316,-0.44804808933536777,0.16836069796918418
bottega-veneta-veneta,Bottega Veneta,Veneta,1.0,5.0,2.0,3.0,5.0,1.0,5.0,4.0,-1.3767666129011062,2.336899170755322,1.346705023416707
bottega-veneta-the-pouch,Bottega Veneta,The Pouch,2.0,3.0,4.0,1.0,1.0,5.0,3.0,4.0,1.0041473799689298,0.9752732826671079,1.8898689762833178
bottega-veneta-cassette,Bottega Veneta,Cassette,4.0,1.0,4.0,2.0,1.0,1.0,5.0,2.0,1.241488895158322,-1.9567356584728905,0.1435250215095959
bottega-veneta-jodie,Bottega Veneta,Jodie,1.0,5.0,2.0,3.0,1.0,1.0,5.0,2.0,-2.2277790128100796,-0.09430281569065817,2.0254899544637692
bottega-veneta-andiamo,Bottega Veneta,Andiamo,4.0,2.0,4.0,3.0,1.0,1.0,5.0,2.0,0.7023691567808006,-1.751453514089981,0.2418799092963813
bottega-veneta-cabat,Bottega Veneta,Cabat,3.0,1.0,2.0,5.0,1.0,1.0,5.0,2.0,-1.2213499195497248,-1.0663001091404445,-1.2314246804837399
bottega-veneta-knot,Bottega Veneta,Knot,5.0,1.0,5.0,1.0,1.0,3.0,5.0,2.0,2.895277226580129,-2.069239048764903,0.5957565425195683
balenciaga-city,Balenciaga,City,3.0,3.0,3.0,4.0,1.0,5.0,3.0,4.0,-0.06681697444346939,1.1354554996888215,0.2974981383042285
balenciaga-le-cagole,Balenciaga,Le Cagole,1.0,5.0,2.0,3.0,1.0,5.0,3.0,4.0,-1.513938463365237,2.104389100059475,1.954354375731407
balenciaga-hourglass,Balenciaga,Hourglass,4.0,2.0,4.0,3.0,1.0,3.0,3.0,2.0,0.5636466269704803,-1.1362651873640373,0.041606890228974694
balenciaga-rodeo,Balenciaga,Rodeo,4.0,2.0,4.0,3.0,1.0,1.0,3.0,2.0,0.1947627205499043,-1.5639914242864177,-0.02478177544513716
balenciaga-crush,Balenciaga,Crush,4.0,1.0,4.0,2.0,1.0,5.0,4.0,4.0,2.2091326627186123,0.1482252123754607,0.20572028514799282
loewe-puzzle,Loewe,Puzzle,3.0,3.0,3.0,4.0,1.0,1.0,3.0,2.0,-1.2882639601192076,-0.8757743262577484,0.10197203229507235
loewe-hammock,Loewe,Hammock,4.0,2.0,4.0,3.0,5.0,1.0,3.0,4.0,1.0457751204588774,0.8672105621595618,-0.7035667064921993
loewe-flamenco,Loewe,Flamenco,2.0,3.0,4.0,1.0,1.0,1.0,3.0,2.0,-0.21729960570680865,-1.035956543279462,1.6943428702741616
loewe-amazona,Loewe,Amazona,3.0,3.0,3.0,4.0,1.0,5.0,3.0,4.0,-0.06681697444346939,1.1354554996888215,0.2974981383042285
loewe-gate,Loewe,Gate,3.0,5.0,3.0,3.0,1.0,1.0,3.0,2.0,-1.3435109887453274,-0.6370940581978276,1.5414071337364972
loewe-basket,Loewe,Basket,4.0,4.0,2.0,3.0,1.0,1.0,5.0,5.0,0.039764556121852764,0.7494206056528606,1.0399498052821092
loewe-squeeze,Loewe,Squeeze,1.0,5.0,2.0,3.0,5.0,5.0,3.0,4.0,-1.1466052362908503,3.3798137344036467,1.2128206700234123
celine-luggage,Celine,Luggage,4.0,2.0,4.0,3.0,1.0,1.0,3.0,2.0,0.1947627205499043,-1.5639914242864177,-0.02478177544513716
celine-trapeze,Celine,Trapeze,4.0,2.0,4.0,3.0,5.0,3.0,3.0,4.0,1.4146590268794534,1.2949367990819425,-0.6371780408180875
celine-classic-box,Celine,Classic Box,4.0,1.0,4.0,2.0,1.0,3.0,3.0,2.0,1.1027663653480018,-1.3415473317469468,-0.05674799755781075
celine-trio,Celine,Trio,2.0,3.0,4.0,1.0,1.0,1.0,3.0,2.0,-0.21729960570680865,-1.035956543279462,1.6943428702741616
celine-belt,Celine,Belt,4.0,2.0,4.0,3.0,1.0,1.0,3.0,2.0,0.1947627205499043,-1.5639914242864177,-0.02478177544513716
celine-triomphe,Celine,Triomphe,4.0,1.0,4.0,2.0,1.0,3.0,3.0,2.0,1.1027663653480018,-1.3415473317469468,-0.05674799755781075
celine-16,Celine,16,4.0,2.0,4.0,3.0,1.0,5.0,3.0,4.0,1.4162097062256427,0.4472384016601519,0.170744330564019
saint-laurent-sac-de-jour,Saint Laurent,Sac de Jour,4.0,2.0,4.0,3.0,5.0,5.0,3.0,4.0,1.7835429333000294,1.7226630360043234,-0.5707893751439757
saint-laurent-kate,Saint Laurent,Kate,4.0,1.0,4.0,2.0,5.0,5.0,3.0,4.0,2.3226626716775503,1.5173808916214138,-0.6691442629307611
saint-laurent-loulou,Saint Laurent,Loulou,4.0,1.0,4.0,2.0,5.0,5.0,4.0,4.0,2.5764658897929986,1.4236498467196321,-0.5358134205600019
saint-laurent-niki,Saint Laurent,Niki,4.0,1.0,4.0,2.0,5.0,5.0,3.0,4.0,2.3226626716775503,1.5173808916214138,-0.6691442629307611
saint-laurent-le-5-a-7,Saint Laurent,Le 5 à 7,1.0,5.0,2.0,3.0,5.0,1.0,3.0,4.0,-1.8843730491320028,2.5243612605588854,1.0800433386751886
saint-laurent-icare,Saint Laurent,Icare,3.0,1.0,2.0,5.0,5.0,5.0,4.0,4.0,0.11362707508495203,2.314085396052078,-1.9107631225533377
saint-laurent-mombasa,Saint Laurent,Mombasa,1.0,5.0,2.0,3.0,1.0,1.0,3.0,2.0,-2.735385449040976,0.09315927411290494,1.7588282697222508
givenchy-antigona,Givenchy,Antigona,4.0,2.0,4.0,3.0,1.0,1.0,3.0,2.0,0.1947627205499043,-1.5639914242864177,-0.02478177544513716
givenchy-nightingale,Givenchy,Nightingale,3.0,3.0,3.0,4.0,1.0,1.0,3.0,2.0,-1.2882639601192076,-0.8757743262577484,0.10197203229507235
givenchy-pandora,Givenchy,Pandora,5.0,1.0,5.0,1.0,1.0,1.0,3.0,2.0,2.0187868839286565,-2.30950319588372,0.26270619210393803
chloe-paddington,Chloé,Paddington,3.0,3.0,3.0,4.0,1.0,5.0,3.0,4.0,-0.06681697444346939,1.1354554996888215,0.2974981383042285
chloe-marcie,Chloé,Marcie,3.0,5.0,3.0,3.0,1.0,3.0,3.0,2.0,-0.9746270823247514,-0.20936782127544695,1.6077957994106091
chloe-drew,Chloé,Drew,3.0,5.0,3.0,3.0,1.0,5.0,3.0,4.0,-0.12206400306958913,1.3741357677487422,1.7369332397456534
chloe-faye,Chloé,Faye,4.0,1.0,4.0,2.0,1.0,5.0,3.0,4.0,1.9553294446031642,0.24195625727724224,0.07238944277723357
chloe-tess,Chloé,Tess,3.0,5.0,3.0,3.0,1.0,5.0,3.0,4.0,-0.12206400306958913,1.3741357677487422,1.7369332397456534
chloe-woody,Chloé,Woody,3.0,1.0,2.0,5.0,1.0,1.0,3.0,2.0,-1.728956355780621,-0.8788380193368815,-1.4980863652252583
chloe-paraty,Chloé,Paraty,4.0,2.0,4.0,3.0,1.0,1.0,3.0,2.0,0.1947627205499043,-1.5639914242864177,-0.02478177544513716
mulberry-bayswater,Mulberry,Bayswater,4.0,2.0,4.0,3.0,1.0,1.0,3.0,2.0,0.1947627205499043,-1.5639914242864177,-0.02478177544513716
mulberry-alexa,Mulberry,Alexa,4.0,1.0,3.0,5.0,1.0,3.0,3.0,2.0,-0.4161655070684546,-0.934046736060261,-1.4600966195045704
mulberry-lily,Mulberry,Lily,4.0,1.0,4.0,2.0,1.0,5.0,3.0,4.0,1.9553294446031642,0.24195625727724224,0.07238944277723357
mulberry-roxanne,Mulberry,Roxanne,3.0,3.0,3.0,4.0,1.0,5.0,3.0,4.0,-0.06681697444346939,1.1354554996888215,0.2974981383042285
mulberry-amberley,Mulberry,Amberley,3.0,5.0,3.0,3.0,1.0,1.0,3.0,2.0,-1.3435109887453274,-0.6370940581978276,1.5414071337364972
ferragamo-sofia,Ferragamo,Sofia,4.0,2.0,4.0,3.0,1.0,3.0,3.0,2.0,0.5636466269704803,-1.1362651873640373,0.041606890228974694
ferragamo-hug,Ferragamo,Hug,4.0,2.0,4.0,3.0,1.0,3.0,3.0,2.0,0.5636466269704803,-1.1362651873640373,0.041606890228974694
ferragamo-studio,Ferragamo,Studio,4.0,2.0,4.0,3.0,1.0,3.0,3.0,2.0,0.5636466269704803,-1.1362651873640373,0.041606890228974694
ferragamo-wanda,Ferragamo,Wanda,4.0,2.0,4.0,3.0,1.0,1.0,3.0,2.0,0.1947627205499043,-1.5639914242864177,-0.02478177544513716
valentino-rockstud-spike,Valentino,Rockstud Spike,4.0,1.0,4.0,2.0,1.0,5.0,4.0,4.0,2.2091326627186123,0.1482252123754607,0.20572028514799282
valentino-roman-stud,Valentino,Roman Stud,4.0,1.0,4.0,2.0,1.0,5.0,4.0,4.0,2.2091326627186123,0.1482252123754607,0.20572028514799282
valentino-loco,Valentino,Locò,4.0,1.0,4.0,2.0,5.0,5.0,3.0,4.0,2.3226626716775503,1.5173808916214138,-0.6691442629307611
versace-palazzo-empire,Versace,Palazzo Empire,4.0,2.0,4.0,3.0,5.0,5.0,3.0,4.0,1.7835429333000294,1.7226630360043234,-0.5707893751439757
versace-la-medusa,Versace,La Medusa,4.0,2.0,4.0,3.0,5.0,5.0,3.0,4.0,1.7835429333000294,1.7226630360043234,-0.5707893751439757
giorgio-armani-la-prima,Giorgio Armani,La Prima,3.0,5.0,3.0,3.0,1.0,1.0,3.0,2.0,-1.3435109887453274,-0.6370940581978276,1.5414071337364972
tods-d-bag,Tod’s,D Bag,3.0,3.0,3.0,4.0,1.0,1.0,3.0,2.0,-1.2882639601192076,-0.8757743262577484,0.10197203229507235
tods-t-timeless,Tod’s,T Timeless,4.0,1.0,4.0,2.0,5.0,3.0,3.0,4.0,1.953778765256975,1.0896546546990329,-0.735532928604873
longchamp-le-pliage,Longchamp,Le Pliage,3.0,1.0,2.0,5.0,1.0,1.0,3.0,2.0,-1.728956355780621,-0.8788380193368815,-1.4980863652252583
longchamp-roseau,Longchamp,Roseau,4.0,2.0,4.0,3.0,1.0,3.0,3.0,2.0,0.5636466269704803,-1.1362651873640373,0.041606890228974694
longchamp-box-trot,Longchamp,Box-Trot,4.0,1.0,4.0,2.0,1.0,1.0,3.0,2.0,0.7338824589274258,-1.7692735686693273,-0.12313666323192259
goyard-saint-louis,Goyard,Saint Louis,3.0,1.0,2.0,5.0,1.0,1.0,3.0,2.0,-1.728956355780621,-0.8788380193368815,-1.4980863652252583
goyard-artois,Goyard,Artois,3.0,1.0,2.0,5.0,1.0,1.0,3.0,2.0,-1.728956355780621,-0.8788380193368815,-1.4980863652252583
goyard-saigon,Goyard,Saïgon,4.0,2.0,4.0,3.0,1.0,1.0,3.0,2.0,0.1947627205499043,-1.5639914242864177,-0.02478177544513716
delvaux-brillant,Delvaux,Brillant,4.0,2.0,4.0,3.0,1.0,3.0,3.0,2.0,0.5636466269704803,-1.1362651873640373,0.041606890228974694
delvaux-tempete,Delvaux,Tempête,4.0,2.0,4.0,3.0,1.0,1.0,3.0,2.0,0.1947627205499043,-1.5639914242864177,-0.02478177544513716
delvaux-pin,Delvaux,Pin,2.0,4.0,2.0,5.0,1.0,1.0,3.0,2.0,-2.77129064078832,-0.18755722822907883,0.2287258400352818
moynat-rejane,Moynat,Réjane,4.0,2.0,4.0,3.0,1.0,3.0,3.0,2.0,0.5636466269704803,-1.1362651873640373,0.041606890228974694
moynat-gabrielle,Moynat,Gabrielle,4.0,2.0,4.0,3.0,1.0,1.0,3.0,2.0,0.1947627205499043,-1.5639914242864177,-0.02478177544513716
valextra-iside,Valextra,Iside,4.0,2.0,4.0,3.0,1.0,3.0,3.0,2.0,0.5636466269704803,-1.1362651873640373,0.041606890228974694
valextra-tric-trac,Valextra,Tric Trac,5.0,1.0,5.0,1.0,1.0,1.0,3.0,2.0,2.0187868839286565,-2.30950319588372,0.26270619210393803
lancel-premier-flirt,Lancel,Premier Flirt,2.0,4.0,2.0,5.0,1.0,1.0,3.0,2.0,-2.77129064078832,-0.18755722822907883,0.2287258400352818
cartier-guirlande,Cartier,Guirlande,5.0,1.0,5.0,1.0,1.0,1.0,3.0,2.0,2.0187868839286565,-2.30950319588372,0.26270619210393803
burberry-pocket,Burberry,Pocket,3.0,1.0,2.0,5.0,1.0,1.0,3.0,2.0,-1.728956355780621,-0.8788380193368815,-1.4980863652252583
burberry-lola,Burberry,Lola,4.0,1.0,4.0,2.0,5.0,5.0,4.0,4.0,2.5764658897929986,1.4236498467196321,-0.5358134205600019
burberry-tb,Burberry,TB,4.0,1.0,4.0,2.0,5.0,3.0,3.0,4.0,1.953778765256975,1.0896546546990329,-0.735532928604873
alexander-mcqueen-skull-clutch,Alexander McQueen,Skull Clutch,5.0,1.0,5.0,1.0,1.0,5.0,3.0,5.0,3.4820734560216877,0.2796153061137538,0.4896066854435604
alexander-mcqueen-jewelled-satchel,Alexander McQueen,Jewelled Satchel,4.0,1.0,4.0,2.0,1.0,5.0,3.0,4.0,1.9553294446031642,0.24195625727724224,0.07238944277723357
stella-mccartney-falabella,Stella McCartney,Falabella,2.0,1.0,2.0,5.0,1.0,5.0,2.0,4.0,-1.2092801062243879,1.4734412301764421,-1.2468688855545316
stella-mccartney-frayme,Stella McCartney,Frayme,1.0,5.0,2.0,3.0,1.0,5.0,2.0,4.0,-1.7677416814806854,2.1981201449612566,1.8210235333606477
jw-anderson-pierce,JW Anderson,Pierce,4.0,1.0,4.0,2.0,1.0,5.0,3.0,4.0,1.9553294446031642,0.24195625727724224,0.07238944277723357
jw-anderson-bumper,JW Anderson,Bumper,1.0,5.0,2.0,3.0,1.0,1.0,3.0,2.0,-2.735385449040976,0.09315927411290494,1.7588282697222508
jacquemus-le-chiquito,Jacquemus,Le Chiquito,4.0,2.0,4.0,3.0,1.0,1.0,3.0,5.0,0.9202814798017838,0.169674603866295,0.06934138654626155
jacquemus-le-bambino,Jacquemus,Le Bambino,4.0,1.0,4.0,2.0,1.0,1.0,3.0,2.0,0.7338824589274258,-1.7692735686693273,-0.12313666323192259
coperni-swipe,Coperni,Swipe,4.0,5.0,3.0,1.0,1.0,1.0,3.0,5.0,0.5119702539298913,0.7346642441526473,2.274991630274136
coperni-air-swipe,Coperni,Air Swipe,4.0,5.0,3.0,1.0,1.0,1.0,2.0,5.0,0.25816703581444317,0.8283952890544288,2.1416607879033767
diesel-1dr,Diesel,1DR,4.0,1.0,4.0,2.0,5.0,1.0,3.0,4.0,1.584894858836399,0.6619284177766523,-0.8019215942789848
telfar-shopping-bag,Telfar,Shopping Bag,2.0,1.0,2.0,5.0,5.0,1.0,2.0,4.0,-1.579714691991153,1.8934133906758523,-2.1211799226107497
luar-ana,Luar,Ana,4.0,2.0,4.0,3.0,1.0,1.0,3.0,2.0,0.1947627205499043,-1.5639914242864177,-0.02478177544513716
brandon-blackwood-kendrick-trunk,Brandon Blackwood,Kendrick Trunk,5.0,1.0,5.0,1.0,1.0,3.0,3.0,2.0,2.3876707903492327,-1.8817769589613393,0.32909485777804987
savette-symmetry,Savette,Symmetry,5.0,1.0,5.0,1.0,1.0,1.0,3.0,2.0,2.0187868839286565,-2.30950319588372,0.26270619210393803
khaite-lotus,Khaite,Lotus,3.0,1.0,2.0,5.0,1.0,1.0,3.0,2.0,-1.728956355780621,-0.8788380193368815,-1.4980863652252583
the-row-margaux,The Row,Margaux,4.0,2.0,4.0,3.0,1.0,3.0,3.0,2.0,0.5636466269704803,-1.1362651873640373,0.041606890228974694
the-row-half-moon,The Row,Half Moon,1.0,5.0,2.0,3.0,1.0,1.0,3.0,2.0,-2.735385449040976,0.09315927411290494,1.7588282697222508
the-row-park-tote,The Row,Park Tote,3.0,1.0,2.0,5.0,1.0,1.0,3.0,2.0,-1.728956355780621,-0.8788380193368815,-1.4980863652252583
mansur-gavriel-bucket-bag,Mansur Gavriel,Bucket Bag,2.0,4.0,2.0,5.0,1.0,1.0,3.0,2.0,-2.77129064078832,-0.18755722822907883,0.2287258400352818
proenza-schouler-ps1,Proenza Schouler,PS1,4.0,1.0,3.0,5.0,1.0,3.0,3.0,2.0,-0.4161655070684546,-0.934046736060261,-1.4600966195045704
3-1-phillip-lim-pashli,3.1 Phillip Lim,Pashli,4.0,2.0,4.0,3.0,5.0,3.0,3.0,4.0,1.4146590268794534,1.2949367990819425,-0.6371780408180875
alexander-wang-rocco,Alexander Wang,Rocco,3.0,3.0,3.0,4.0,1.0,5.0,3.0,4.0,-0.06681697444346939,1.1354554996888215,0.2974981383042285
marc-jacobs-stam,Marc Jacobs,Stam,3.0,3.0,3.0,4.0,1.0,5.0,4.0,4.0,0.18698624367197875,1.04172445478704,0.43082898067498776
marc-jacobs-the-tote-bag,Marc Jacobs,The Tote Bag,2.0,1.0,2.0,5.0,5.0,1.0,2.0,4.0,-1.579714691991153,1.8934133906758523,-2.1211799226107497
marc-jacobs-snapshot,Marc Jacobs,Snapshot,4.0,2.0,2.0,4.0,5.0,1.0,3.0,4.0,-0.2871012108258302,1.39573838568977,-1.4390550739392953
coach-rogue,Coach,Rogue,4.0,2.0,4.0,3.0,5.0,1.0,3.0,4.0,1.0457751204588774,0.8672105621595618,-0.7035667064921993
coach-tabby,Coach,Tabby,4.0,1.0,4.0,2.0,1.0,3.0,3.0,2.0,1.1027663653480018,-1.3415473317469468,-0.05674799755781075
coach-duffle-sac,Coach,Duffle Sac,2.0,4.0,2.0,5.0,1.0,1.0,3.0,2.0,-2.77129064078832,-0.18755722822907883,0.2287258400352818
coach-saddle-bag,Coach,Saddle Bag,3.0,5.0,3.0,3.0,1.0,3.0,3.0,2.0,-0.9746270823247514,-0.20936782127544695,1.6077957994106091
kate-spade-sam,Kate Spade,Sam,2.0,1.0,2.0,5.0,1.0,1.0,2.0,2.0,-2.4307270919001263,-0.5377885957701277,-1.4423949915636878
kate-spade-manhattan,Kate Spade,Manhattan,3.0,1.0,2.0,5.0,1.0,1.0,3.0,2.0,-1.728956355780621,-0.8788380193368815,-1.4980863652252583
tory-burch-fleming,Tory Burch,Fleming,4.0,1.0,4.0,2.0,5.0,5.0,4.0,4.0,2.5764658897929986,1.4236498467196321,-0.5358134205600019
tory-burch-lee-radziwill,Tory Burch,Lee Radziwill,4.0,2.0,4.0,3.0,5.0,3.0,3.0,4.0,1.4146590268794534,1.2949367990819425,-0.6371780408180875
michael-kors-hamilton,Michael Kors,Hamilton,4.0,2.0,4.0,3.0,1.0,5.0,3.0,4.0,1.4162097062256427,0.4472384016601519,0.170744330564019
lesportsac-classic-hobo,LeSportsac,Classic Hobo,1.0,5.0,2.0,3.0,1.0,1.0,2.0,2.0,-2.989188667156424,0.18689031901468645,1.6254974273514915
vera-bradley-vera-tote,Vera Bradley,Vera Tote,2.0,1.0,2.0,5.0,1.0,1.0,4.0,2.0,-1.92312065566923,-0.7252506855736908,-1.1757333068221694
kipling-art,Kipling,Art,2.0,3.0,1.0,5.0,1.0,1.0,2.0,2.0,-3.322911027523421,-0.0061970791607863646,-0.577824961490453
eastpak-padded-pakr,Eastpak,Padded Pak’r,2.0,2.0,1.0,5.0,1.0,1.0,2.0,2.0,-3.12478877185554,-0.15418454997506326,-1.0904216245665233
fjallraven-kanken,Fjällräven,Kånken,2.0,2.0,1.0,5.0,1.0,1.0,2.0,2.0,-3.12478877185554,-0.15418454997506326,-1.0904216245665233
herschel-little-america,Herschel,Little America,2.0,2.0,1.0,5.0,1.0,1.0,2.0,2.0,-3.12478877185554,-0.15418454997506326,-1.0904216245665233
jansport-superbreak,JanSport,SuperBreak,2.0,2.0,1.0,5.0,1.0,1.0,2.0,2.0,-3.12478877185554,-0.15418454997506326,-1.0904216245665233
l-l-bean-boat-and-tote,L.L.Bean,Boat and Tote,2.0,1.0,2.0,5.0,1.0,1.0,2.0,2.0,-2.4307270919001263,-0.5377885957701277,-1.4423949915636878
filson-original-briefcase,Filson,Original Briefcase,4.0,1.0,3.0,5.0,1.0,3.0,3.0,2.0,-0.4161655070684546,-0.934046736060261,-1.4600966195045704
freitag-f13-top-cat,Freitag,F13 TOP CAT,1.0,1.0,1.0,5.0,1.0,1.0,2.0,2.0,-3.374634034191717,-0.054853642124367705,-1.4139960716102637
bao-bao-issey-miyake-lucent,Bao Bao Issey Miyake,Lucent,2.0,1.0,2.0,5.0,1.0,1.0,2.0,2.0,-2.4307270919001263,-0.5377885957701277,-1.4423949915636878
anya-hindmarch-im-not-a-plastic-bag,Anya Hindmarch,I’m Not A Plastic Bag,2.0,1.0,2.0,5.0,1.0,1.0,2.0,2.0,-2.4307270919001263,-0.5377885957701277,-1.4423949915636878
lulu-guinness-lips-clutch,Lulu Guinness,Lips Clutch,2.0,3.0,4.0,1.0,1.0,1.0,2.0,5.0,0.25441593542962265,0.7914405297750323,1.655135189894801
judith-leiber-crystal-minaudiere,Judith Leiber,Crystal Minaudière,5.0,1.0,5.0,1.0,1.0,1.0,5.0,5.0,3.251912079411432,-0.7632992575345706,0.6234910388368553
olympia-le-tan-book-clutch,Olympia Le-Tan,Book Clutch,5.0,1.0,5.0,1.0,1.0,5.0,5.0,4.0,3.747840305835291,-0.4857354597407135,0.7248939828546127
cult-gaia-ark,Cult Gaia,Ark,4.0,4.0,2.0,3.0,1.0,1.0,5.0,5.0,0.039764556121852764,0.7494206056528606,1.0399498052821092
staud-shirley,Staud,Shirley,3.0,1.0,2.0,5.0,1.0,1.0,3.0,5.0,-1.0034375965287414,0.8548280088158312,-1.4039632032338596
wandler-hortensia,Wandler,Hortensia,4.0,2.0,4.0,3.0,1.0,1.0,3.0,2.0,0.1947627205499043,-1.5639914242864177,-0.02478177544513716
polene-numero-un,Polène,Numéro Un,4.0,2.0,4.0,3.0,1.0,1.0,3.0,2.0,0.1947627205499043,-1.5639914242864177,-0.02478177544513716
alaia-le-cur,Alaïa,Le Cœur,4.0,5.0,4.0,1.0,1.0,1.0,3.0,5.0,1.0079096782174246,0.49904766917185966,2.4356149263530416
alaia-mina,Alaïa,Mina,3.0,1.0,2.0,5.0,1.0,1.0,5.0,2.0,-1.2213499195497248,-1.0663001091404445,-1.2314246804837399
rabanne-1969,Rabanne,1969,5.0,3.0,4.0,1.0,1.0,5.0,2.0,4.0,2.094246715865653,0.3270491915739723,1.1894714858155695
aspinal-of-london-mayfair,Aspinal of London,Mayfair,4.0,2.0,4.0,3.0,1.0,3.0,3.0,2.0,0.5636466269704803,-1.1362651873640373,0.041606890228974694
launer-traviata,Launer,Traviata,4.0,2.0,4.0,3.0,1.0,3.0,3.0,2.0,0.5636466269704803,-1.1362651873640373,0.041606890228974694
mark-cross-grace,Mark Cross,Grace,5.0,1.0,5.0,1.0,1.0,3.0,3.0,2.0,2.3876707903492327,-1.8817769589613393,0.32909485777804987
