id,brand,name,Larghezza (cm),Altezza (cm),Profondità (cm),Rapporto L/H,Rapporto P/L,Rigidità,Curvatura,PC1,PC2,PC3
hermes-birkin,Hermès,Birkin,30.0,22.0,16.0,1.3636363636363635,0.5333333333333333,4.0,2.0,0.815229789731294,-1.1268625030693364,-0.21614756639239685
hermes-kelly,Hermès,Kelly,28.0,22.0,10.0,1.2727272727272727,0.35714285714285715,4.0,2.0,-0.39403040477210244,-0.42243531505100146,-0.07499006481420806
hermes-constance,Hermès,Constance,24.0,18.0,7.0,1.3333333333333333,0.2916666666666667,4.0,1.0,-1.574160380961164,-0.6420143815218882,-0.09957763784559401
hermes-evelyne,Hermès,Evelyne,29.0,30.0,8.0,0.9666666666666667,0.27586206896551724,3.0,5.0,0.49543435505994426,1.9024717985630382,-0.6964525834662437
hermes-picotin-lock,Hermès,Picotin Lock,18.0,19.0,13.0,0.9473684210526315,0.7222222222222222,2.0,4.0,1.186570641812668,0.49042712668491073,-3.420554517822345
hermes-bolide,Hermès,Bolide,31.0,24.0,12.0,1.2916666666666667,0.3870967741935484,3.0,3.0,0.470207098084425,0.5036252241130849,0.06132655864854711
hermes-lindy,Hermès,Lindy,26.0,18.0,14.0,1.4444444444444444,0.5384615384615384,3.0,3.0,0.21738959923263074,-0.06288539043146939,-0.7963355766671003
hermes-garden-party,Hermès,Garden Party,36.0,26.0,17.0,1.3846153846153846,0.4722222222222222,3.0,1.0,1.5503687872831795,-0.795339933838199,0.9516899701510176
hermes-herbag-zip,Hermès,Herbag Zip,31.0,25.0,10.0,1.24,0.3225806451612903,4.0,2.0,-0.05708049694165883,-0.2845666660897735,0.3644423844118043
hermes-haut-a-courroies,Hermès,Haut à Courroies,40.0,40.0,24.0,1.0,0.6,4.0,2.0,4.310147262208633,-1.453086817487341,0.375710819467718
chanel-2-55,Chanel,2.55,28.0,18.0,8.0,1.5555555555555556,0.2857142857142857,4.0,1.0,-1.537853041047446,-0.6308065727762778,0.7964639125421423
chanel-classic-11-12,Chanel,Classic 11.12,26.0,16.0,7.0,1.625,0.2692307692307692,4.0,1.0,-2.0596738507495567,-0.576179585275109,0.7187161852277955
chanel-boy,Chanel,Boy,25.0,15.0,9.0,1.6666666666666667,0.36,4.0,1.0,-1.7454421001273366,-0.9160727440752291,0.3845787263212067
chanel-gabrielle,Chanel,Gabrielle,28.0,22.0,10.0,1.2727272727272727,0.35714285714285715,1.0,5.0,0.3508451033085306,2.7301469925610857,-0.6312895104874068
chanel-19,Chanel,19,26.0,16.0,9.0,1.625,0.34615384615384615,4.0,1.0,-1.5993254179620957,-0.8641510885699035,0.4793973164434813
chanel-22,Chanel,22,39.0,42.0,8.0,0.9285714285714286,0.20512820512820512,3.0,1.0,1.6913509767046258,0.4292659502741687,1.5255236581600058
louis-vuitton-speedy,Louis Vuitton,Speedy,30.0,21.0,17.0,1.4285714285714286,0.5666666666666667,3.0,3.0,1.1175084398926116,-0.21312248151490756,-0.3982507034635415
louis-vuitton-alma,Louis Vuitton,Alma,32.0,25.0,16.0,1.28,0.5,3.0,3.0,1.4116563786978016,0.048017624460211975,-0.1741619510779294
louis-vuitton-neverfull,Louis Vuitton,Neverfull,31.0,28.0,14.0,1.1071428571428572,0.45161290322580644,3.0,1.0,1.3717882643607122,-0.6447862369263075,-0.050206014953660144
louis-vuitton-noe,Louis Vuitton,Noé,26.0,34.0,19.0,0.7647058823529411,0.7307692307692307,2.0,4.0,3.6971650451427562,0.3646102582011159,-2.5803037351817113
louis-vuitton-keepall,Louis Vuitton,Keepall,50.0,29.0,23.0,1.7241379310344827,0.46,2.0,3.0,3.0610114082316153,0.6330625445630458,2.9249897008703694
louis-vuitton-pochette-accessoires,Louis Vuitton,Pochette Accessoires,23.0,13.0,4.0,1.7692307692307692,0.17391304347826086,2.0,3.0,-2.7852310432577823,1.8559583606226702,0.5311375116610371
louis-vuitton-pochette-metis,Louis Vuitton,Pochette Métis,25.0,19.0,7.0,1.3157894736842106,0.28,4.0,1.0,-1.4534335002485992,-0.5956705078334391,0.03457004410270395
louis-vuitton-petite-malle,Louis Vuitton,Petite Malle,20.0,13.0,6.0,1.5384615384615385,0.3,5.0,1.0,-2.759089857653237,-1.2828926950894435,-0.2726866731008075
louis-vuitton-twist,Louis Vuitton,Twist,23.0,17.0,10.0,1.3529411764705883,0.43478260869565216,4.0,1.0,-0.9565762924127003,-1.160931578061358,-0.6422988618006775
louis-vuitton-capucines,Louis Vuitton,Capucines,31.0,20.0,11.0,1.55,0.3548387096774194,4.0,2.0,-0.6270649241960063,-0.44332254930073495,0.7665492444145051
louis-vuitton-dauphine,Louis Vuitton,Dauphine,25.0,17.0,10.0,1.4705882352941178,0.4,4.0,1.0,-1.101816330352978,-1.05156299844176,-0.07987773937805762
louis-vuitton-onthego,Louis Vuitton,OnTheGo,35.0,27.0,14.0,1.2962962962962963,0.4,3.0,1.0,1.1262306013271217,-0.47721580612093234,0.9060750250899556
louis-vuitton-papillon,Louis Vuitton,Papillon,30.0,15.0,15.0,2.0,0.5,4.0,5.0,-0.6731477489129446,0.3349334181130204,0.4318543572403581
louis-vuitton-steamer,Louis Vuitton,Steamer,38.0,39.0,15.0,0.9743589743589743,0.39473684210526316,4.0,2.0,2.521448352258707,-0.540991991900207,0.6944886634950282
gucci-jackie-1961,Gucci,Jackie 1961,28.0,19.0,4.0,1.4736842105263157,0.14285714285714285,1.0,5.0,-1.4667129901318354,3.534078920109394,0.3612255009200614
gucci-bamboo-1947,Gucci,Bamboo 1947,27.0,24.0,11.0,1.125,0.4074074074074074,4.0,2.0,0.15651906980607913,-0.594896995651705,-0.5898546031283124
gucci-horsebit-1955,Gucci,Horsebit 1955,25.0,18.0,8.0,1.3888888888888888,0.32,4.0,1.0,-1.3893841807327192,-0.7496671630118277,0.0314352294978619
gucci-dionysus,Gucci,Dionysus,28.0,17.0,9.0,1.6470588235294117,0.32142857142857145,4.0,1.0,-1.5118911427353259,-0.7740213049853235,0.8431748740068301
gucci-gg-marmont,Gucci,GG Marmont,26.0,15.0,7.0,1.7333333333333334,0.2692307692307692,4.0,1.0,-2.277740500307252,-0.5824009960919145,0.908434382711288
gucci-soho-disco,Gucci,Soho Disco,21.0,15.0,7.0,1.4,0.3333333333333333,4.0,2.0,-1.9044341457483844,-0.33994554290134715,-0.6794677147307905
gucci-diana,Gucci,Diana,27.0,24.0,11.0,1.125,0.4074074074074074,3.0,1.0,0.3454260649187922,-0.4600221587404002,-0.41064206389727353
gucci-blondie,Gucci,Blondie,28.0,16.0,4.0,1.75,0.14285714285714285,4.0,1.0,-2.8303994277300824,-0.09502293629114035,1.574957970518369
gucci-ophidia,Gucci,Ophidia,24.0,18.0,7.0,1.3333333333333333,0.2916666666666667,4.0,2.0,-1.5444679605040816,-0.1840214153755259,-0.2819004817399799
dior-lady-dior,Dior,Lady Dior,24.0,21.0,12.0,1.1428571428571428,0.5,4.0,2.0,0.1311952687026066,-0.9261778892499499,-1.242941639382341
dior-saddle,Dior,Saddle,26.0,20.0,7.0,1.3,0.2692307692307692,3.0,5.0,-0.9948590162404791,1.8732394238094814,-0.5632882861391428
dior-book-tote,Dior,Book Tote,36.0,28.0,17.0,1.2857142857142858,0.4722222222222222,2.0,1.0,2.0476715548845954,-0.19036227968615266,0.7966337341445129
dior-diorama,Dior,Diorama,25.0,16.0,8.0,1.5625,0.32,4.0,1.0,-1.7679604709415113,-0.7619882493044365,0.3277002146822113
dior-30-montaigne,Dior,30 Montaigne,24.0,17.0,8.0,1.411764705882353,0.3333333333333333,4.0,1.0,-1.5119946959761954,-0.8002393181925135,-0.09797160991824524
dior-bobby,Dior,Bobby,22.0,17.0,6.0,1.2941176470588236,0.2727272727272727,3.0,5.0,-1.5478359993774438,1.8498828788707782,-1.0918851581756177
fendi-baguette,Fendi,Baguette,27.0,15.0,6.0,1.8,0.2222222222222222,4.0,1.0,-2.5631909178042664,-0.40611083392569636,1.2949557640786975
fendi-peekaboo,Fendi,Peekaboo,33.0,25.0,12.0,1.32,0.36363636363636365,4.0,2.0,0.30494161914648327,-0.4603209819762469,0.6184390350963976
fendi-spy,Fendi,Spy,40.0,25.0,17.0,1.6,0.425,1.0,5.0,1.8395288747475582,2.3787644957145395,1.2084856568837399
fendi-first,Fendi,First,26.0,18.0,10.0,1.4444444444444444,0.38461538461538464,2.0,3.0,-0.4847078507724954,1.1059254192157861,-0.3208081437618192
fendi-sunshine,Fendi,Sunshine,35.0,31.0,17.0,1.1290322580645162,0.4857142857142857,3.0,1.0,2.2399785764233258,-0.8100353775522029,0.4011589438152539
fendi-by-the-way,Fendi,By The Way,28.0,18.0,13.0,1.5555555555555556,0.4642857142857143,3.0,3.0,-0.15221887097113948,0.19284262885535666,-0.1237731327248426
prada-galleria,Prada,Galleria,28.0,20.0,12.0,1.4,0.42857142857142855,4.0,2.0,-0.2676012096943323,-0.7087071976166034,-0.08923042565383221
prada-re-edition-2000,Prada,Re-Edition 2000,22.0,17.0,6.0,1.2941176470588236,0.2727272727272727,1.0,5.0,-1.110637168237853,3.035618484986112,-1.0981057675023118
prada-re-edition-2005,Prada,Re-Edition 2005,22.0,18.0,6.0,1.2222222222222223,0.2727272727272727,1.0,5.0,-0.9412810043961786,3.0417368712069273,-1.2174360166688107
prada-cleo,Prada,Cleo,28.0,22.0,6.0,1.2727272727272727,0.21428571428571427,1.0,5.0,-0.5352748275653465,3.2783106195360916,-0.1893046682355141
prada-nylon-backpack,Prada,Nylon Backpack,30.0,35.0,15.0,0.8571428571428571,0.5,2.0,2.0,2.667670102525211,0.2682236215743594,-0.8440451978223391
prada-cahier,Prada,Cahier,20.0,14.0,8.0,1.4285714285714286,0.4,5.0,1.0,-2.005982101160286,-1.6229750831257346,-0.7817020807169666
prada-symbole,Prada,Symbole,31.0,27.0,16.0,1.1481481481481481,0.5161290322580645,3.0,1.0,1.6650362350891714,-0.9074249719382779,-0.18848351743869443
miu-miu-wander,Miu Miu,Wander,20.0,17.0,6.0,1.1764705882352942,0.3,1.0,5.0,-0.9890269801387237,2.945234311435136,-1.6354783302400953
miu-miu-arcadie,Miu Miu,Arcadie,27.0,12.0,9.0,2.25,0.3333333333333333,3.0,3.0,-2.4294315401290767,0.6625710809208706,1.3930953478747798
miu-miu-coffer,Miu Miu,Coffer,38.0,28.0,15.0,1.3571428571428572,0.39473684210526316,1.0,5.0,1.9489116503453903,2.545441833097963,0.6625518588888756
miu-miu-aventure,Miu Miu,Aventure,35.0,25.0,15.0,1.4,0.42857142857142855,3.0,3.0,1.099546905097396,0.3076623861912694,0.6159807425109333
bottega-veneta-veneta,Bottega Veneta,Veneta,35.0,25.0,5.0,1.4,0.14285714285714285,1.0,5.0,-0.39441917447675234,3.59922702454205,1.111832731466418
bottega-veneta-the-pouch,Bottega Veneta,The Pouch,40.0,18.0,18.0,2.2222222222222223,0.45,2.0,3.0,0.40484995799779966,0.7167897137824032,2.566580421229914
bottega-veneta-cassette,Bottega Veneta,Cassette,23.0,15.0,6.0,1.5333333333333334,0.2608695652173913,4.0,1.0,-2.328054893512445,-0.5466012677286375,0.21263433749843286
bottega-veneta-jodie,Bottega Veneta,Jodie,28.0,23.0,8.0,1.2173913043478262,0.2857142857142857,1.0,5.0,0.05500448869356068,3.0103003720379005,-0.49763905453058777
bottega-veneta-andiamo,Bottega Veneta,Andiamo,25.0,20.0,10.0,1.25,0.4,4.0,2.0,-0.5575024382297031,-0.5752010138218329,-0.6296605614872318
bottega-veneta-cabat,Bottega Veneta,Cabat,40.0,25.0,16.0,1.6,0.4,3.0,1.0,1.0957428903946873,-0.5289869633667105,2.0187572794171333
bottega-veneta-knot,Bottega Veneta,Knot,20.0,11.0,6.0,1.8181818181818181,0.3,5.0,1.0,-3.2795137278991575,-1.2955137946011923,0.22855184059138992
balenciaga-city,Balenciaga,City,38.0,24.0,14.0,1.5833333333333333,0.3684210526315789,3.0,3.0,0.6650139936705062,0.5327025542513707,1.4712966504234293
balenciaga-le-cagole,Balenciaga,Le Cagole,26.0,16.0,7.0,1.625,0.2692307692307692,1.0,5.0,-1.2851059222118413,3.0343956884833405,-0.0199061043397892
balenciaga-hourglass,Balenciaga,Hourglass,23.0,15.0,10.0,1.5333333333333334,0.43478260869565216,4.0,2.0,-1.3145251180263602,-0.7152788709463205,-0.5152576180212288
balenciaga-rodeo,Balenciaga,Rodeo,35.0,24.0,12.0,1.4583333333333333,0.34285714285714286,4.0,2.0,0.10286389146437278,-0.39232549377332676,1.1545614210774797
balenciaga-crush,Balenciaga,Crush,30.0,20.0,10.0,1.5,0.3333333333333333,4.0,1.0,-0.8274760818189459,-0.8109389949799609,0.8058169560354786
loewe-puzzle,Loewe,Puzzle,24.0,16.0,11.0,1.5,0.4583333333333333,3.0,3.0,-0.7044324034265339,0.24618561946171164,-0.7058828373981781
loewe-hammock,Loewe,Hammock,29.0,25.0,14.0,1.16,0.4827586206896552,4.0,2.0,0.8690090876564707,-0.8980632812853768,-0.5089976453405144
loewe-flamenco,Loewe,Flamenco,30.0,24.0,10.0,1.25,0.3333333333333333,2.0,3.0,0.2962927311858808,1.3151498297594393,0.030227097737910602
loewe-amazona,Loewe,Amazona,28.0,18.0,11.0,1.5555555555555556,0.39285714285714285,3.0,3.0,-0.5952788364080782,0.46692444234285946,0.09721928840110389
loewe-gate,Loewe,Gate,25.0,19.0,11.0,1.3157894736842106,0.44,3.0,5.0,-0.176004453842968,1.2376697006359214,-1.1969949950841867
loewe-basket,Loewe,Basket,40.0,26.0,16.0,1.5384615384615385,0.4,4.0,4.0,1.1217316291754467,0.2582132349422867,1.375575588126719
loewe-squeeze,Loewe,Squeeze,33.0,24.0,14.0,1.375,0.42424242424242425,1.0,5.0,1.3120538252912466,2.4394673759999685,-0.03606231598361944
celine-luggage,Celine,Luggage,30.0,30.0,17.0,1.0,0.5666666666666667,4.0,2.0,2.1013463921487134,-1.20953552631294,-0.8647326569513503
celine-trapeze,Celine,Trapeze,30.0,24.0,18.0,1.25,0.6,4.0,2.0,1.5417079878551516,-1.37675507178699,-0.6016674483291199
celine-classic-box,Celine,Classic Box,24.0,18.0,7.0,1.3333333333333333,0.2916666666666667,4.0,1.0,-1.574160380961164,-0.6420143815218882,-0.09957763784559401
celine-trio,Celine,Trio,22.0,15.0,4.0,1.4666666666666666,0.18181818181818182,2.0,3.0,-2.270133343155475,1.8377737436519062,-0.15016844824248243
celine-belt,Celine,Belt,28.0,23.0,17.0,1.2173913043478262,0.6071428571428571,4.0,2.0,1.303898825079151,-1.3756500962679492,-0.9358055039241475
celine-triomphe,Celine,Triomphe,22.0,16.0,7.0,1.375,0.3181818181818182,4.0,1.0,-1.8143973372483237,-0.7427641233217316,-0.3657769765960326
celine-16,Celine,16,32.0,23.0,13.0,1.391304347826087,0.40625,4.0,2.0,0.2456311198969437,-0.6377214634764398,0.4739946863853474
saint-laurent-sac-de-jour,Saint Laurent,Sac de Jour,32.0,25.0,15.0,1.28,0.46875,4.0,2.0,0.9558814396747539,-0.8770876109684903,0.10687716932035286
saint-laurent-kate,Saint Laurent,Kate,24.0,15.0,6.0,1.6,0.25,4.0,1.0,-2.3906390216358777,-0.5084256115183285,0.4872429712857972
saint-laurent-loulou,Saint Laurent,Loulou,29.0,17.0,11.0,1.7058823529411764,0.3793103448275862,4.0,1.0,-1.1293544530713917,-1.0031374467036014,0.8905699959180406
saint-laurent-niki,Saint Laurent,Niki,28.0,20.0,8.0,1.4,0.2857142857142857,4.0,1.0,-1.1834135610252916,-0.6185365367879602,0.5350772604924464
saint-laurent-le-5-a-7,Saint Laurent,Le 5 à 7,23.0,16.0,7.0,1.4375,0.30434782608695654,1.0,5.0,-1.1061710760197638,2.9134924319872506,-0.8279518891349725
saint-laurent-icare,Saint Laurent,Icare,58.0,43.0,8.0,1.3488372093023255,0.13793103448275862,3.0,1.0,2.145358665101092,0.810709785308872,4.662922344108326
saint-laurent-mombasa,Saint Laurent,Mombasa,36.0,28.0,10.0,1.2857142857142858,0.2777777777777778,1.0,5.0,1.0091363875753825,3.0533235382228296,0.6524047792987159
givenchy-antigona,Givenchy,Antigona,28.0,24.0,16.0,1.1666666666666667,0.5714285714285714,4.0,2.0,1.2234237296506423,-1.2325506616180741,-0.903743444655839
givenchy-nightingale,Givenchy,Nightingale,36.0,32.0,16.0,1.125,0.4444444444444444,3.0,3.0,2.199726516507701,0.27384871078711753,0.2868747386362202
givenchy-pandora,Givenchy,Pandora,27.0,17.0,15.0,1.588235294117647,0.5555555555555556,5.0,1.0,-0.3209818240074845,-2.250012163770433,-0.10607429383620545
chloe-paddington,Chloé,Paddington,36.0,20.0,18.0,1.8,0.5,3.0,3.0,0.8115471940164646,-0.03299713602988057,1.1881168421256976
chloe-marcie,Chloé,Marcie,36.0,28.0,12.0,1.2857142857142858,0.3333333333333333,3.0,5.0,0.9650530606378882,1.633631889174391,0.49057603851252624
chloe-drew,Chloé,Drew,23.0,21.0,8.0,1.0952380952380953,0.34782608695652173,3.0,5.0,-0.4736431913561691,1.6016324402983106,-1.5215197671064888
chloe-faye,Chloé,Faye,32.0,26.0,4.0,1.2307692307692308,0.125,4.0,1.0,-1.2170672416691786,0.05428459855401712,1.2653172923091849
chloe-tess,Chloé,Tess,20.0,18.0,7.0,1.1111111111111112,0.35,3.0,5.0,-0.9991269564617045,1.5924445115497483,-1.894107303600909
chloe-woody,Chloé,Woody,37.0,26.0,12.0,1.4230769230769231,0.32432432432432434,3.0,1.0,0.5485549803137615,-0.17689776692005355,1.5857317582432922
chloe-paraty,Chloé,Paraty,36.0,25.0,15.0,1.44,0.4166666666666667,4.0,2.0,0.8210619054432063,-0.7023304313503246,1.0279627187439626
mulberry-bayswater,Mulberry,Bayswater,36.0,26.5,16.5,1.3584905660377358,0.4583333333333333,4.0,2.0,1.3347296754743931,-0.8686943401702893,0.7737997544710138
mulberry-alexa,Mulberry,Alexa,33.0,23.0,17.0,1.434782608695652,0.5151515151515151,4.0,1.0,0.9978326273402761,-1.5472770365312265,0.5211493073558298
mulberry-lily,Mulberry,Lily,21.0,17.0,9.0,1.2352941176470589,0.42857142857142855,4.0,1.0,-1.049478199297263,-1.119913070731068,-1.0766144478668491
mulberry-roxanne,Mulberry,Roxanne,35.0,21.0,18.0,1.6666666666666667,0.5142857142857142,3.0,3.0,1.047246557154722,-0.07370495348069654,0.7928842023037388
mulberry-amberley,Mulberry,Amberley,25.0,21.0,10.0,1.1904761904761905,0.4,3.0,5.0,-0.09700807113660251,1.3977290943724336,-1.2751711123378355
ferragamo-sofia,Ferragamo,Sofia,30.0,23.0,15.0,1.3043478260869565,0.5,4.0,2.0,0.7536946529045985,-0.9897577204195579,-0.20857005068576445
ferragamo-hug,Ferragamo,Hug,32.0,22.0,18.0,1.4545454545454546,0.5625,4.0,2.0,1.125259632286667,-1.2725930493421365,0.09857733042223632
ferragamo-studio,Ferragamo,Studio,29.0,25.0,14.0,1.16,0.4827586206896552,4.0,2.0,0.8690090876564707,-0.8980632812853768,-0.5089976453405144
ferragamo-wanda,Ferragamo,Wanda,24.0,18.0,8.0,1.3333333333333333,0.3333333333333333,4.0,2.0,-1.3042088048225469,-0.33610948607717644,-0.41225034393285137
valentino-rockstud-spike,Valentino,Rockstud Spike,23.0,16.0,7.0,1.4375,0.30434782608695654,4.0,1.0,-1.8807390045574792,-0.6970828417711988,-0.08932959956738781
valentino-roman-stud,Valentino,Roman Stud,28.0,20.0,9.0,1.4,0.32142857142857145,4.0,1.0,-0.9618835783068223,-0.7555774435317116,0.42458104992947304
valentino-loco,Valentino,Locò,27.0,13.0,6.0,2.076923076923077,0.2222222222222222,4.0,1.0,-3.0798754651164852,-0.41872402462214897,1.7907908566074848
versace-palazzo-empire,Versace,Palazzo Empire,30.0,25.0,15.0,1.2,0.5,4.0,2.0,1.0396792331332105,-0.9776324692407351,-0.3710375505676133
versace-la-medusa,Versace,La Medusa,25.0,22.0,12.0,1.1363636363636365,0.48,4.0,2.0,0.2109291073314217,-0.8587992298051808,-1.0596526230749272
giorgio-armani-la-prima,Giorgio Armani,La Prima,27.0,20.0,11.0,1.35,0.4074074074074074,3.0,5.0,-0.1295691954839895,1.3476531045504176,-0.7835029549406964
tods-d-bag,Tod’s,D Bag,35.0,25.0,15.0,1.4,0.42857142857142855,3.0,3.0,1.099546905097396,0.3076623861912694,0.6159807425109333
tods-t-timeless,Tod’s,T Timeless,26.0,18.0,8.0,1.4444444444444444,0.3076923076923077,4.0,1.0,-1.4416399556137116,-0.7078246158974778,0.2893770221379608
longchamp-le-pliage,Longchamp,Le Pliage,31.0,30.0,19.0,1.0333333333333334,0.6129032258064516,3.0,1.0,2.6702238946745216,-1.2742665487904625,-0.6485233909828216
longchamp-roseau,Longchamp,Roseau,30.0,23.0,12.0,1.3043478260869565,0.4,4.0,2.0,0.1115797123048696,-0.596691596937783,0.09909419904727688
longchamp-box-trot,Longchamp,Box-Trot,23.0,18.0,10.0,1.2777777777777777,0.43478260869565216,4.0,1.0,-0.7828514751435798,-1.1548039519664632,-0.7679419314440374
goyard-saint-louis,Goyard,Saint Louis,34.0,28.0,15.0,1.2142857142857142,0.4411764705882353,3.0,1.0,1.4870880406337865,-0.6328044325885973,0.5289176361282941
goyard-artois,Goyard,Artois,30.0,24.0,14.0,1.25,0.4666666666666667,3.0,1.0,0.8744617288348927,-0.7177920702333188,-0.012235909454025948
goyard-saigon,Goyard,Saïgon,28.0,20.0,12.0,1.4,0.42857142857142855,4.0,2.0,-0.2676012096943323,-0.7087071976166034,-0.08923042565383221
delvaux-brillant,Delvaux,Brillant,29.0,20.0,13.0,1.45,0.4482758620689655,4.0,2.0,-0.1025491411001702,-0.7945310722588803,0.059831595655544835
delvaux-tempete,Delvaux,Tempête,27.0,21.0,10.0,1.2857142857142858,0.37037037037037035,4.0,2.0,-0.5037544512905444,-0.472712005475689,-0.22314638121717806
delvaux-pin,Delvaux,Pin,24.0,27.0,13.0,0.8888888888888888,0.5416666666666666,2.0,4.0,1.6470196077123145,1.0596643026170134,-2.1174433249458247
moynat-rejane,Moynat,Réjane,26.0,20.0,12.0,1.3,0.46153846153846156,4.0,2.0,-0.15166461121286937,-0.8135360359242583,-0.6115066217534236
moynat-gabrielle,Moynat,Gabrielle,26.0,20.0,9.0,1.3,0.34615384615384615,4.0,2.0,-0.8421872603940608,-0.38157878098206655,-0.2525283185769523
valextra-iside,Valextra,Iside,26.0,20.0,12.0,1.3,0.46153846153846156,4.0,2.0,-0.15166461121286937,-0.8135360359242583,-0.6115066217534236
valextra-tric-trac,Valextra,Tric Trac,13.0,17.0,9.0,0.7647058823529411,0.6923076923076923,5.0,1.0,-0.295045090495843,-2.465249201114228,-3.7388005937028796
lancel-premier-flirt,Lancel,Premier Flirt,29.0,30.0,15.0,0.9666666666666667,0.5172413793103449,2.0,4.0,2.20792622008302,1.0998527326209029,-1.2619599537465092
cartier-guirlande,Cartier,Guirlande,21.0,17.0,8.0,1.2352941176470589,0.38095238095238093,5.0,1.0,-1.5270659435116591,-1.545645639129185,-0.923300629380732
burberry-pocket,Burberry,Pocket,35.0,30.0,11.0,1.1666666666666667,0.3142857142857143,3.0,1.0,0.9220929604410342,-0.10215103415977313,0.9743373693024001
burberry-lola,Burberry,Lola,23.0,13.0,6.0,1.7692307692307692,0.2608695652173913,4.0,1.0,-2.7898960377970363,-0.5590984624674107,0.6292192529638649
burberry-tb,Burberry,TB,21.0,16.0,6.0,1.3125,0.2857142857142857,4.0,1.0,-2.0028984108923393,-0.6246407677686131,-0.49641532395714183
alexander-mcqueen-skull-clutch,Alexander McQueen,Skull Clutch,16.0,10.0,5.0,1.6,0.3125,5.0,1.0,-3.37386601022894,-1.329200016535867,-0.7010755862331813
alexander-mcqueen-jewelled-satchel,Alexander McQueen,Jewelled Satchel,24.0,15.0,8.0,1.6,0.3333333333333333,4.0,1.0,-1.9101207102728077,-0.8126017529216296,0.2265432469000541
stella-mccartney-falabella,Stella McCartney,Falabella,37.0,35.0,9.0,1.0571428571428572,0.24324324324324326,2.0,1.0,1.3329635176921295,0.8154812024745839,1.2962662223900625
stella-mccartney-frayme,Stella McCartney,Frayme,27.0,24.0,10.0,1.125,0.37037037037037035,1.0,5.0,0.6757025567320061,2.698070032917,-1.031245915654116
jw-anderson-pierce,JW Anderson,Pierce,28.0,20.0,9.0,1.4,0.32142857142857145,4.0,1.0,-0.9618835783068223,-0.7555774435317116,0.42458104992947304
jw-anderson-bumper,JW Anderson,Bumper,28.0,17.0,8.0,1.6470588235294117,0.2857142857142857,1.0,5.0,-0.9588531969160798,2.9735948755168775,0.21504879500221877
jacquemus-le-chiquito,Jacquemus,Le Chiquito,18.0,13.0,8.0,1.3846153846153846,0.4444444444444444,4.0,2.0,-1.7538057736570571,-0.7120307386925988,-1.4389837369896126
jacquemus-le-bambino,Jacquemus,Le Bambino,24.0,13.0,7.0,1.8461538461538463,0.2916666666666667,4.0,1.0,-2.625931860995841,-0.6730398759481722,0.7932905688241967
coperni-swipe,Coperni,Swipe,27.0,16.0,6.0,1.6875,0.2222222222222222,4.0,5.0,-2.220784553298248,1.43209422231601,0.3678973449096647
coperni-air-swipe,Coperni,Air Swipe,27.0,16.0,6.0,1.6875,0.2222222222222222,4.0,5.0,-2.220784553298248,1.43209422231601,0.3678973449096647
diesel-1dr,Diesel,1DR,20.0,14.0,7.0,1.4285714285714286,0.35,4.0,1.0,-2.0538626834203177,-0.8569531798253581,-0.6266674109055842
telfar-shopping-bag,Telfar,Shopping Bag,38.0,28.0,13.0,1.3571428571428572,0.34210526315789475,2.0,1.0,1.227627344235798,0.34716661907529944,1.5532502182665595
luar-ana,Luar,Ana,25.0,16.0,10.0,1.5625,0.4,4.0,2.0,-1.2682380759806757,-0.5997450127449521,-0.10420430868517472
brandon-blackwood-kendrick-trunk,Brandon Blackwood,Kendrick Trunk,18.0,15.0,8.0,1.2,0.4444444444444444,5.0,1.0,-1.608810719183878,-1.7505393081049538,-1.5710727825681183
savette-symmetry,Savette,Symmetry,26.0,18.0,8.0,1.4444444444444444,0.3076923076923077,5.0,1.0,-1.6602393711835068,-1.3006924189551448,0.29248732680130785
khaite-lotus,Khaite,Lotus,38.0,28.0,24.0,1.3571428571428572,0.631578947368421,3.0,1.0,3.1205615765790755,-1.4918056788948557,0.685728787677543
the-row-margaux,The Row,Margaux,38.0,28.0,23.0,1.3571428571428572,0.6052631578947368,4.0,2.0,2.7396969771106283,-1.513398288995934,0.5856645880149008
the-row-half-moon,The Row,Half Moon,20.0,16.0,6.0,1.25,0.3,1.0,5.0,-1.1605674706941211,2.9391113052772813,-1.512991670835166
the-row-park-tote,The Row,Park Tote,38.0,43.0,22.0,0.8837209302325582,0.5789473684210527,3.0,1.0,4.468207389464759,-1.1751760365571935,0.22278243055619917
mansur-gavriel-bucket-bag,Mansur Gavriel,Bucket Bag,25.0,30.0,15.0,0.8333333333333334,0.6,2.0,4.0,2.403617366461443,0.8474753744747957,-2.2338476548406048
proenza-schouler-ps1,Proenza Schouler,PS1,32.0,22.0,13.0,1.4545454545454546,0.40625,4.0,1.0,0.058151696848734905,-1.1018083466118642,0.758930033519369
3-1-phillip-lim-pashli,3.1 Phillip Lim,Pashli,31.0,25.0,10.0,1.24,0.3225806451612903,4.0,2.0,-0.05708049694165883,-0.2845666660897735,0.3644423844118043
alexander-wang-rocco,Alexander Wang,Rocco,33.0,23.0,23.0,1.434782608695652,0.696969696969697,3.0,3.0,2.5028376548819664,-0.7785933018729837,-0.40129130322013695
marc-jacobs-stam,Marc Jacobs,Stam,38.0,25.0,15.0,1.52,0.39473684210526316,3.0,3.0,1.0148818898880068,0.4255145051918703,1.2893576513379075
marc-jacobs-the-tote-bag,Marc Jacobs,The Tote Bag,34.0,27.0,15.0,1.2592592592592593,0.4411764705882353,2.0,1.0,1.572320675359437,-0.04597889678908763,0.5931319643220728
marc-jacobs-snapshot,Marc Jacobs,Snapshot,18.0,11.0,6.0,1.6363636363636365,0.3333333333333333,4.0,2.0,-2.8047575330900028,-0.3501765101778866,-0.6384293362729179
coach-rogue,Coach,Rogue,25.0,20.0,14.0,1.25,0.56,4.0,2.0,0.3825575107778035,-1.1667004729955883,-1.1288239204332322
coach-tabby,Coach,Tabby,26.0,15.0,8.0,1.7333333333333334,0.3076923076923077,4.0,1.0,-2.0475662839135214,-0.7263867477393118,0.7887749483191309
coach-duffle-sac,Coach,Duffle Sac,30.0,35.0,20.0,0.8571428571428571,0.6666666666666666,2.0,4.0,3.7972465111055906,0.5290993480641257,-1.72146463516618
coach-saddle-bag,Coach,Saddle Bag,23.0,20.0,8.0,1.15,0.34782608695652173,3.0,5.0,-0.6200951293710918,1.5955624974173142,-1.4352867338686723
kate-spade-sam,Kate Spade,Sam,28.0,22.0,12.0,1.2727272727272727,0.42857142857142855,2.0,1.0,0.45653597134734447,0.031225511430467468,-0.11988025137246253
kate-spade-manhattan,Kate Spade,Manhattan,27.0,34.0,14.0,0.7941176470588235,0.5185185185185185,3.0,1.0,2.197286172290466,-0.8210896944490857,-1.1990215233772805
tory-burch-fleming,Tory Burch,Fleming,27.0,19.0,8.0,1.4210526315789473,0.2962962962962963,4.0,1.0,-1.3122438674618815,-0.6621484035287655,0.4113253307332669
tory-burch-lee-radziwill,Tory Burch,Lee Radziwill,27.0,25.0,12.0,1.08,0.4444444444444444,4.0,2.0,0.5156132370945806,-0.7292393745511849,-0.7721384729176456
michael-kors-hamilton,Michael Kors,Hamilton,36.0,33.0,15.0,1.0909090909090908,0.4166666666666667,4.0,2.0,1.8736957150721332,-0.6540225392728772,0.5100301681457575
lesportsac-classic-hobo,LeSportsac,Classic Hobo,30.0,23.0,13.0,1.3043478260869565,0.43333333333333335,1.0,5.0,1.0704935339187456,2.424868669513713,-0.5597599965369356
vera-bradley-vera-tote,Vera Bradley,Vera Tote,38.0,37.0,15.0,1.027027027027027,0.39473684210526316,2.0,1.0,2.7120561146110957,0.1747715163571949,0.9332273875897902
kipling-art,Kipling,Art,44.0,27.0,20.0,1.6296296296296295,0.45454545454545453,2.0,3.0,2.331806710534047,0.7102416635293431,2.0382026885579516
eastpak-padded-pakr,Eastpak,Padded Pak’r,30.0,40.0,18.0,0.75,0.6,2.0,2.0,3.819243408399818,-0.09496402108050606,-1.2609207694245859
fjallraven-kanken,Fjällräven,Kånken,27.5,36.0,12.0,0.7638888888888888,0.43636363636363634,2.0,2.0,2.186038066038815,0.5483272283977331,-1.092189255360855
herschel-little-america,Herschel,Little America,29.0,49.0,18.0,0.5918367346938775,0.6206896551724138,2.0,2.0,4.694251936244414,-0.104469435364544,-1.5690633416872184
jansport-superbreak,JanSport,SuperBreak,33.0,42.0,21.0,0.7857142857142857,0.6363636363636364,2.0,2.0,4.542087400102986,-0.2827728838380096,-0.9195199169776427
l-l-bean-boat-and-tote,L.L.Bean,Boat and Tote,33.02,30.48,15.24,1.0833333333333335,0.4615384615384615,2.0,1.0,2.0931386579042894,-0.09826134755196704,0.14810542302631055
filson-original-briefcase,Filson,Original Briefcase,41.0,32.0,10.0,1.28125,0.24390243902439024,4.0,1.0,0.7306182174507793,-0.3935108117894629,2.1214617806788856
freitag-f13-top-cat,Freitag,F13 TOP CAT,43.0,36.0,12.0,1.1944444444444444,0.27906976744186046,1.0,1.0,2.2458809010252194,1.248355743602348,2.141752799018263
bao-bao-issey-miyake-lucent,Bao Bao Issey Miyake,Lucent,34.0,34.0,1.0,1.0,0.029411764705882353,2.0,1.0,-0.3921662787806651,1.691680513077609,1.4818232414437147
anya-hindmarch-im-not-a-plastic-bag,Anya Hindmarch,I’m Not A Plastic Bag,34.0,32.0,16.0,1.0625,0.47058823529411764,2.0,1.0,2.4032780530249895,-0.13695564990944925,0.2213318743274239
lulu-guinness-lips-clutch,Lulu Guinness,Lips Clutch,24.0,12.0,5.0,2.0,0.20833333333333334,2.0,3.0,-2.888775050096625,1.7265077100308313,0.9607603587576256
judith-leiber-crystal-minaudiere,Judith Leiber,Crystal Minaudière,18.0,12.0,6.0,1.5,0.3333333333333333,5.0,1.0,-2.797511587661047,-1.3947366156451617,-0.6968611681070207
olympia-le-tan-book-clutch,Olympia Le-Tan,Book Clutch,20.0,15.0,4.0,1.3333333333333333,0.2,5.0,1.0,-2.871341261299021,-0.9241742968335106,-0.3135440068192652
cult-gaia-ark,Cult Gaia,Ark,29.0,24.0,9.0,1.2083333333333333,0.3103448275862069,4.0,4.0,-0.297739151137985,0.6815093863168198,-0.26788572709287584
staud-shirley,Staud,Shirley,26.0,28.0,13.0,0.9285714285714286,0.5,3.0,1.0,1.349911574493063,-0.7742759010436083,-1.1130362450891254
wandler-hortensia,Wandler,Hortensia,37.0,24.0,7.0,1.5416666666666667,0.1891891891891892,4.0,2.0,-0.9163528738997735,0.2514627822081474,2.004101213871681
polene-numero-un,Polène,Numéro Un,32.0,23.0,16.0,1.391304347826087,0.5,4.0,2.0,0.8680804288854536,-1.0149880648024205,0.1871767708636993
alaia-le-cur,Alaïa,Le Cœur,21.0,17.0,5.0,1.2352941176470589,0.23809523809523808,4.0,5.0,-1.966661832047337,1.3805997324925805,-1.2050917681533126
alaia-mina,Alaïa,Mina,30.0,25.0,14.0,1.2,0.4666666666666667,3.0,1.0,1.0145479147126806,-0.7117355911688387,-0.08927026142556069
rabanne-1969,Rabanne,1969,23.0,17.0,3.0,1.3529411764705883,0.13043478260869565,5.0,3.0,-2.8375062383690857,0.2588600475607785,-0.04908829958186968
aspinal-of-london-mayfair,Aspinal of London,Mayfair,25.0,18.0,11.0,1.3888888888888888,0.44,4.0,2.0,-0.6546467985200068,-0.735298791245782,-0.5252601336060242
launer-traviata,Launer,Traviata,23.0,20.0,10.0,1.15,0.43478260869565216,4.0,2.0,-0.43585312879763277,-0.6846194887614621,-1.1579924533348056
mark-cross-grace,Mark Cross,Grace,25.0,18.0,11.0,1.3888888888888888,0.44,5.0,1.0,-0.9029386345468845,-1.786159560449811,-0.33982698504829123
