ID,Prodotto,Larghezza mm,Altezza mm,Profondità mm,L/H,P/H,Curvatura del linguaggio,Modularità,PC1,PC2,PC3
p001,699 Superleggera,410.0,830.0,450.0,0.4939759036144578,0.5421686746987951,2.0,0.0,-1.5700980380073626,-0.9064391505745975,-0.4146434320730666
p002,646 Leggera,450.0,850.0,470.0,0.5294117647058824,0.5529411764705883,2.0,0.0,-1.5097874259430417,-0.8588062058710355,-0.3743196746613687
p003,LC1,600.0,650.0,650.0,0.9230769230769231,1.0,1.0,0.0,-0.38054298210651716,-0.8104091295067329,-1.0065090712967164
p004,LC2,760.0,670.0,700.0,1.1343283582089552,1.044776119402985,2.0,0.0,-0.14229173078571922,-0.9786184231304946,-0.32585052770501444
p005,LC3,990.0,620.0,730.0,1.596774193548387,1.1774193548387097,2.0,0.0,0.39866658909571484,-0.852017747158818,-0.39882688387622356
p006,LC4,560.0,690.0,1600.0,0.8115942028985508,2.318840579710145,4.0,0.0,2.0124170088601927,-2.4151433956783914,2.1665467225558515
p007,637 Utrecht,850.0,880.0,860.0,0.9659090909090909,0.9772727272727273,1.0,0.0,-0.13548508725262937,-0.41245147843879054,-0.5280551299493832
p008,635 Red and Blue,660.0,880.0,830.0,0.75,0.9431818181818182,1.0,0.0,-0.4042133464107131,-0.5565872915120097,-0.541181353866776
p009,280 Zig Zag,370.0,740.0,430.0,0.5,0.581081081081081,1.0,0.0,-1.4737416969354913,-0.737527766542275,-1.152861949864588
p010,412 Cab,520.0,820.0,470.0,0.6341463414634146,0.573170731707317,2.0,0.0,-1.3853609655287868,-0.8362130339014135,-0.4157656910627986
p011,675 Maralunga,2050.0,820.0,970.0,2.5,1.1829268292682926,1.0,1.0,1.5294501218131926,0.9198327958222009,-0.43795558849292937
p012,Soriana,850.0,880.0,860.0,0.9659090909090909,0.9772727272727273,4.0,0.0,-0.2526029468892556,-1.337626054175024,1.3521270685353797
p013,836 Tre Pezzi,850.0,880.0,860.0,0.9659090909090909,0.9772727272727273,1.0,0.0,-0.13548508725262937,-0.41245147843879054,-0.5280551299493832
p014,523 Tabouret Méribel,330.0,380.0,330.0,0.868421052631579,0.868421052631579,1.0,0.0,-0.9169356834426896,-1.1913725985268193,-1.6667737936585663
p015,522 Tokyo,650.0,850.0,1600.0,0.7647058823529411,1.8823529411764706,4.0,0.0,1.4914252779177763,-2.023704792260742,2.2897493308736987
p016,529 Rio,1400.0,330.0,1400.0,4.242424242424242,4.242424242424242,1.0,0.0,6.078868805405652,-1.3172137193275733,-0.7091926733549673
p017,Volage Bed,1800.0,900.0,2200.0,2.0,2.4444444444444446,2.0,0.0,4.055240673224857,-0.7086207573757681,1.696100780941625
p018,241 Privé,2300.0,860.0,930.0,2.6744186046511627,1.0813953488372092,1.0,1.0,1.5469321945269943,1.2032249096194008,-0.46526663769914456
p019,381 Torei,950.0,400.0,660.0,2.375,1.65,1.0,0.0,1.3259495283482814,-0.8177567642306649,-1.4368501079617544
p020,413 Cab,600.0,820.0,520.0,0.7317073170731707,0.6341463414634146,2.0,0.0,-1.171328379997848,-0.7989167256822249,-0.36380346992434626
p021,UP5_6,850.0,880.0,860.0,0.9659090909090909,0.9772727272727273,4.0,0.0,-0.2526029468892556,-1.337626054175024,1.3521270685353797
p022,Camaleonda,2300.0,820.0,950.0,2.8048780487804876,1.1585365853658536,1.0,4.0,1.6260744293327107,2.4599123584245692,0.0811882412447163
p023,Le Bambole,850.0,880.0,860.0,0.9659090909090909,0.9772727272727273,4.0,0.0,-0.2526029468892556,-1.337626054175024,1.3521270685353797
p024,Bend-Sofa,2430.0,860.0,1010.0,2.8255813953488373,1.1744186046511629,1.0,1.0,1.8833749966184772,1.2647111071024861,-0.3813590584955622
p025,Charles,2550.0,780.0,890.0,3.269230769230769,1.141025641025641,1.0,1.0,2.0149451616719976,1.3760891589045723,-0.6821849370238233
p026,Tufty-Time,2300.0,820.0,950.0,2.8048780487804876,1.1585365853658536,1.0,4.0,1.6260744293327107,2.4599123584245692,0.0811882412447163
p027,Husk,800.0,920.0,880.0,0.8695652173913043,0.9565217391304348,4.0,0.0,-0.34345174852750526,-1.338422997088289,1.426350815778408
p028,Papilio,580.0,830.0,560.0,0.6987951807228916,0.6746987951807228,4.0,0.0,-1.1865019176639449,-1.4463694010386727,0.9543767638969075
p029,Tobi-Ishi,2200.0,750.0,1000.0,2.933333333333333,1.3333333333333333,1.0,0.0,2.089873591993403,0.5248483207957376,-0.7253625225576322
p030,Pianura,2550.0,860.0,930.0,2.9651162790697674,1.0813953488372092,1.0,1.0,1.805066688262915,1.4189071607409958,-0.4995102693646778
p031,Diesis,2050.0,780.0,970.0,2.628205128205128,1.2435897435897436,1.0,1.0,1.6804834206868116,0.8779648702667205,-0.4976791655255197
p032,Alanda,850.0,420.0,690.0,2.0238095238095237,1.6428571428571428,1.0,0.0,1.1262827888503908,-0.9341808641379519,-1.3189646731931002
p033,D.154.2,850.0,920.0,810.0,0.9239130434782609,0.8804347826086957,4.0,0.0,-0.46544723008415684,-1.2536624670432317,1.3319888502611612
p034,D.153.1,850.0,880.0,860.0,0.9659090909090909,0.9772727272727273,2.0,0.0,-0.17452437379817146,-0.7208430036842016,0.09867226954553766
p035,D.655.1,1330.0,1200.0,460.0,1.1083333333333334,0.38333333333333336,1.0,0.0,-1.2051330800383508,0.5915404646938158,-0.7151545786836419
p036,D.859.1,1960.0,780.0,1060.0,2.5128205128205128,1.358974358974359,1.0,0.0,1.8591884386945148,0.30108067000792604,-0.5612674574134545
p037,D.552.2,850.0,400.0,610.0,2.125,1.525,1.0,0.0,0.9639924974776546,-0.876766020127231,-1.4654810762536168
p038,505 UP,1500.0,2000.0,340.0,0.75,0.17,1.0,4.0,-2.389611843207872,3.41351082730408,0.7771803175183811
p039,Graduate,1500.0,2000.0,350.0,0.75,0.175,1.0,0.0,-2.21493961240745,1.6651419917288364,0.012976448495863437
p040,LessLess,2440.0,720.0,1060.0,3.388888888888889,1.4722222222222223,1.0,0.0,2.665883811658496,0.6710845261880993,-0.7415356333546017
p041,Vanity Fair,760.0,880.0,810.0,0.8636363636363636,0.9204545454545454,2.0,0.0,-0.3913527139295087,-0.766789851412105,0.04706694069500335
p042,1919,800.0,920.0,840.0,0.8695652173913043,0.9130434782608695,2.0,0.0,-0.36350450612646545,-0.6973945183452961,0.12241125837839174
p043,Archibald,850.0,840.0,880.0,1.0119047619047619,1.0476190476190477,4.0,0.0,-0.10536125948965869,-1.404751771746386,1.3342717689447485
p044,Dezza,850.0,880.0,860.0,0.9659090909090909,0.9772727272727273,2.0,0.0,-0.17452437379817146,-0.7208430036842016,0.09867226954553766
p045,Sanluca,850.0,880.0,860.0,0.9659090909090909,0.9772727272727273,1.0,0.0,-0.13548508725262937,-0.41245147843879054,-0.5280551299493832
p046,Intervista,760.0,840.0,840.0,0.9047619047619048,1.0,2.0,0.0,-0.22364736192465884,-0.8404118011638604,0.04270036907247253
p047,Chester,2170.0,820.0,970.0,2.6463414634146343,1.1829268292682926,1.0,1.0,1.6567520397206932,1.024806102801377,-0.45589161655281796
p048,Willy,850.0,920.0,910.0,0.9239130434782609,0.9891304347826086,2.0,0.0,-0.14204033026796212,-0.6974929871828363,0.20474594729675477
p049,Ginger,460.0,820.0,520.0,0.5609756097560976,0.6341463414634146,2.0,0.0,-1.3198472842232651,-0.921385583824597,-0.3428781038544764
p050,Isidoro,720.0,1000.0,440.0,0.72,0.44,1.0,0.0,-1.5092186683499733,-0.11919297728759616,-0.912580677494944
p051,Sacco,850.0,880.0,860.0,0.9659090909090909,0.9772727272727273,4.0,0.0,-0.2526029468892556,-1.337626054175024,1.3521270685353797
p052,Mezzadro,490.0,510.0,510.0,0.9607843137254902,1.0,1.0,0.0,-0.5092614558873683,-1.00553366286492,-1.3222037028120044
p053,Sella,330.0,710.0,330.0,0.4647887323943662,0.4647887323943662,1.0,0.0,-1.7415234515663216,-0.7417899432815199,-1.3062171616493248
p054,Quaderna Table,2320.0,780.0,980.0,2.9743589743589745,1.2564102564102564,1.0,0.0,2.0407611659021816,0.6748762981158671,-0.7229195528291098
p055,Sciangai,700.0,1700.0,700.0,0.4117647058823529,0.4117647058823529,1.0,0.0,-1.8211630062741928,0.5851940654039245,0.12426969188353608
p056,Tonietta,460.0,820.0,520.0,0.5609756097560976,0.6341463414634146,2.0,0.0,-1.3198472842232651,-0.921385583824597,-0.3428781038544764
p057,Reale CM,2200.0,750.0,1000.0,2.933333333333333,1.3333333333333333,1.0,0.0,2.089873591993403,0.5248483207957376,-0.7253625225576322
p058,Cavour CM,1800.0,750.0,850.0,2.4,1.1333333333333333,1.0,0.0,1.2385701467003816,0.2694526046583545,-0.8494031682534303
p059,Arabesco CM,950.0,420.0,660.0,2.261904761904762,1.5714285714285714,1.0,0.0,1.1786658415960862,-0.7899133954415046,-1.4021200734965666
p060,Gilda CM,850.0,880.0,860.0,0.9659090909090909,0.9772727272727273,2.0,0.0,-0.17452437379817146,-0.7208430036842016,0.09867226954553766
p061,Cumano,800.0,400.0,610.0,2.0,1.525,1.0,0.0,0.8789936055831177,-0.9341047029940963,-1.4439069642602205
p062,Joy,1500.0,2000.0,350.0,0.75,0.175,1.0,4.0,-2.370835832875093,3.4095564110474763,0.789080960674216
p063,Allunaggio,460.0,820.0,520.0,0.5609756097560976,0.6341463414634146,1.0,0.0,-1.280807997677723,-0.6129940585791859,-0.9696055033493973
p064,Milo CM,700.0,1600.0,70.0,0.4375,0.04375,1.0,0.0,-2.9743410473223673,0.740506128840301,-0.7349832903553465
p065,Servomuto,1000.0,420.0,610.0,2.380952380952381,1.4523809523809523,1.0,0.0,1.0745725281542493,-0.6803076520636888,-1.4934317092225469
p066,Componibili,320.0,580.0,320.0,0.5517241379310345,0.5517241379310345,1.0,4.0,-1.6976354444263528,0.8320800676948017,-0.6776025826196161
p067,Louis Ghost,460.0,820.0,520.0,0.5609756097560976,0.6341463414634146,1.0,0.0,-1.280807997677723,-0.6129940585791859,-0.9696055033493973
p068,Masters,460.0,820.0,520.0,0.5609756097560976,0.6341463414634146,2.0,0.0,-1.3198472842232651,-0.921385583824597,-0.3428781038544764
p069,La Marie,460.0,820.0,520.0,0.5609756097560976,0.6341463414634146,2.0,0.0,-1.3198472842232651,-0.921385583824597,-0.3428781038544764
p070,Bookworm,3200.0,1400.0,200.0,2.2857142857142856,0.14285714285714285,4.0,0.0,-0.623309255031828,1.4469796096120833,1.000167493832217
p071,Maui,410.0,820.0,530.0,0.5,0.6463414634146342,4.0,0.0,-1.4251353950572865,-1.5884446915101287,0.9308339547959946
p072,A.I.,460.0,820.0,520.0,0.5609756097560976,0.6341463414634146,2.0,0.0,-1.3198472842232651,-0.921385583824597,-0.3428781038544764
p073,Victoria Ghost,460.0,820.0,520.0,0.5609756097560976,0.6341463414634146,1.0,0.0,-1.280807997677723,-0.6129940585791859,-0.9696055033493973
p074,Dr. Glob,460.0,820.0,520.0,0.5609756097560976,0.6341463414634146,2.0,0.0,-1.3198472842232651,-0.921385583824597,-0.3428781038544764
p075,La Bohème,450.0,650.0,450.0,0.6923076923076923,0.6923076923076923,4.0,0.0,-1.2598909173074941,-1.7233212153784887,0.6431208771182116
p076,Bubble Club,2050.0,780.0,1010.0,2.628205128205128,1.294871794871795,1.0,1.0,1.7862686462255024,0.8509181911797783,-0.44623641563824
p077,Mobil,1130.0,1200.0,420.0,0.9416666666666667,0.35,1.0,0.0,-1.4669336013411374,0.45359486914746616,-0.7515110171150611
p078,Chair_One,460.0,820.0,520.0,0.5609756097560976,0.6341463414634146,1.0,0.0,-1.280807997677723,-0.6129940585791859,-0.9696055033493973
p079,Air-Chair,460.0,820.0,520.0,0.5609756097560976,0.6341463414634146,2.0,0.0,-1.3198472842232651,-0.921385583824597,-0.3428781038544764
p080,Spun,850.0,880.0,860.0,0.9659090909090909,0.9772727272727273,4.0,0.0,-0.2526029468892556,-1.337626054175024,1.3521270685353797
p081,Bombo,450.0,650.0,450.0,0.6923076923076923,0.6923076923076923,1.0,0.0,-1.142773057670868,-0.7981466396422554,-1.2370613213665511
p082,Steelwood Chair,460.0,820.0,520.0,0.5609756097560976,0.6341463414634146,2.0,0.0,-1.3198472842232651,-0.921385583824597,-0.3428781038544764
p083,360° Container,1200.0,1200.0,450.0,1.0,0.375,1.0,4.0,-1.495927132398084,2.2380487260405415,0.05701399631026299
p084,Officina Chair,460.0,820.0,520.0,0.5609756097560976,0.6341463414634146,2.0,0.0,-1.3198472842232651,-0.921385583824597,-0.3428781038544764
p085,Sam Son,940.0,840.0,810.0,1.119047619047619,0.9642857142857143,4.0,0.0,-0.1900261817627928,-1.2815462246612281,1.2321573986764882
p086,Voido,850.0,880.0,860.0,0.9659090909090909,0.9772727272727273,4.0,0.0,-0.2526029468892556,-1.337626054175024,1.3521270685353797
p087,Puppy,700.0,560.0,420.0,1.25,0.75,1.0,0.0,-0.6744302167427708,-0.6464624895811968,-1.4444890286808185
p088,Costes,460.0,820.0,520.0,0.5609756097560976,0.6341463414634146,1.0,0.0,-1.280807997677723,-0.6129940585791859,-0.9696055033493973
p089,Nemo,850.0,880.0,860.0,0.9659090909090909,0.9772727272727273,4.0,0.0,-0.2526029468892556,-1.337626054175024,1.3521270685353797
p090,Roly Poly,850.0,880.0,860.0,0.9659090909090909,0.9772727272727273,4.0,0.0,-0.2526029468892556,-1.337626054175024,1.3521270685353797
p091,Toy,460.0,820.0,520.0,0.5609756097560976,0.6341463414634146,2.0,0.0,-1.3198472842232651,-0.921385583824597,-0.3428781038544764
p092,Sof Sof,460.0,820.0,520.0,0.5609756097560976,0.6341463414634146,1.0,0.0,-1.280807997677723,-0.6129940585791859,-0.9696055033493973
p093,Tokyo-Pop,650.0,850.0,1600.0,0.7647058823529411,1.8823529411764706,4.0,0.0,1.4914252779177763,-2.023704792260742,2.2897493308736987
p094,Lou Read,900.0,840.0,840.0,1.0714285714285714,1.0,4.0,0.0,-0.1552360102252304,-1.3355894731922393,1.2761250887840918
p095,Sissi,460.0,820.0,520.0,0.5609756097560976,0.6341463414634146,2.0,0.0,-1.3198472842232651,-0.921385583824597,-0.3428781038544764
p096,Proust,760.0,920.0,910.0,0.8260869565217391,0.9891304347826086,2.0,0.0,-0.2315621551396287,-0.7736888422696019,0.2155704962357501
p097,Embryo,800.0,840.0,810.0,0.9523809523809523,0.9642857142857143,4.0,0.0,-0.3365161065533055,-1.403151603123672,1.2521874779547109
p098,Thinking Man's Chair,850.0,880.0,860.0,0.9659090909090909,0.9772727272727273,1.0,0.0,-0.13548508725262937,-0.41245147843879054,-0.5280551299493832
p099,Peacock,900.0,920.0,880.0,0.9782608695652174,0.9565217391304348,4.0,0.0,-0.24398305422565347,-1.2537609358807718,1.4143235391795244
p100,Ribbon,450.0,650.0,450.0,0.6923076923076923,0.6923076923076923,1.0,0.0,-1.142773057670868,-0.7981466396422554,-1.2370613213665511
p101,S-Chair,460.0,820.0,520.0,0.5609756097560976,0.6341463414634146,1.0,0.0,-1.280807997677723,-0.6129940585791859,-0.9696055033493973
p102,Felt Chair,850.0,880.0,860.0,0.9659090909090909,0.9772727272727273,4.0,0.0,-0.2526029468892556,-1.337626054175024,1.3521270685353797
p103,Cloud,1500.0,2000.0,350.0,0.75,0.175,1.0,4.0,-2.370835832875093,3.4095564110474763,0.789080960674216
p104,Lady,900.0,880.0,910.0,1.0227272727272727,1.0340909090909092,2.0,0.0,0.0015300677804360077,-0.7091807749082034,0.1555237670410508
p105,Martingala,940.0,920.0,810.0,1.0217391304347827,0.8804347826086957,2.0,0.0,-0.297846832121406,-0.5606835614656437,0.06770950233232396
p106,Woodline,850.0,880.0,860.0,0.9659090909090909,0.9772727272727273,1.0,0.0,-0.13548508725262937,-0.41245147843879054,-0.5280551299493832
p107,Strips,2300.0,820.0,950.0,2.8048780487804876,1.1585365853658536,1.0,4.0,1.6260744293327107,2.4599123584245692,0.0811882412447163
p108,Botolo,850.0,880.0,860.0,0.9659090909090909,0.9772727272727273,4.0,0.0,-0.2526029468892556,-1.337626054175024,1.3521270685353797
p109,Marenco,2300.0,820.0,950.0,2.8048780487804876,1.1585365853658536,4.0,1.0,1.625878735046817,0.22642696819935593,1.3792920555957147
p110,Big Easy,940.0,880.0,840.0,1.0681818181818181,0.9545454545454546,2.0,0.0,-0.13281792940960735,-0.6312251930768622,0.06150470677364085
p111,Shadowy,850.0,880.0,860.0,0.9659090909090909,0.9772727272727273,4.0,0.0,-0.2526029468892556,-1.337626054175024,1.3521270685353797
p112,Fjord,800.0,840.0,910.0,0.9523809523809523,1.0833333333333333,4.0,0.0,-0.08103465400856154,-1.467481118739,1.3796701790007966
p113,Antibodi,650.0,850.0,1600.0,0.7647058823529411,1.8823529411764706,4.0,0.0,1.4914252779177763,-2.023704792260742,2.2897493308736987
p114,Tropicalia,850.0,880.0,860.0,0.9659090909090909,0.9772727272727273,1.0,0.0,-0.13548508725262937,-0.41245147843879054,-0.5280551299493832
p115,Take a Line for a Walk,940.0,840.0,880.0,1.119047619047619,1.0476190476190477,4.0,0.0,-0.011189164981471912,-1.326576885591958,1.3213952894087482
p116,Ruff,760.0,880.0,910.0,0.8636363636363636,1.0340909090909092,4.0,0.0,-0.21925715024520254,-1.4459599917306933,1.4273401562883186
p117,Supernatural,460.0,820.0,520.0,0.5609756097560976,0.6341463414634146,1.0,0.0,-1.280807997677723,-0.6129940585791859,-0.9696055033493973
p118,Bocca,2120.0,850.0,800.0,2.4941176470588236,0.9411764705882353,4.0,1.0,0.947456894257178,0.19549617674931596,1.2595078419600736
p119,Pratone,1400.0,950.0,1400.0,1.4736842105263157,1.4736842105263157,1.0,0.0,1.554409562762749,-0.17793057065343904,0.16419217895520877
p120,Cactus,700.0,1700.0,700.0,0.4117647058823529,0.4117647058823529,1.0,0.0,-1.8211630062741928,0.5851940654039245,0.12426969188353608
p121,Capitello,850.0,880.0,860.0,0.9659090909090909,0.9772727272727273,1.0,0.0,-0.13548508725262937,-0.41245147843879054,-0.5280551299493832
p122,Detecma,800.0,880.0,840.0,0.9090909090909091,0.9545454545454546,4.0,0.0,-0.35360514743524596,-1.3680044098993522,1.3333210960209085
p123,Carlton,1900.0,1960.0,400.0,0.9693877551020408,0.20408163265306123,1.0,0.0,-1.7991466455180685,1.8894745285768617,0.033375725233592765
p124,Casablanca,1200.0,1200.0,450.0,1.0,0.375,1.0,0.0,-1.3400309119304408,0.49363430672190156,-0.7190905158680896
p125,Beverly,1330.0,1200.0,420.0,1.1083333333333334,0.35,1.0,0.0,-1.2933143474251545,0.6121442668607835,-0.7643939481735789
p126,First,460.0,820.0,520.0,0.5609756097560976,0.6341463414634146,1.0,0.0,-1.280807997677723,-0.6129940585791859,-0.9696055033493973
p127,Tawaraya,2800.0,700.0,2800.0,4.0,4.0,1.0,1.0,8.001442232529175,0.15185462735605496,1.6155349688123104
p128,Bedrock Plank,2200.0,750.0,1060.0,2.933333333333333,1.4133333333333333,1.0,0.0,2.2515692516989056,0.4831738089790426,-0.6478206753728825
p129,Kauri Piano Antico,2320.0,780.0,940.0,2.9743589743589745,1.205128205128205,1.0,0.0,1.9349759403634907,0.7019229772028096,-0.7743623027163896
p130,Molletta,2400.0,430.0,450.0,5.5813953488372094,1.0465116279069768,1.0,0.0,2.67811156243504,1.0536208594605172,-2.2522125279662197
p131,Maui,760.0,880.0,880.0,0.8636363636363636,1.0,4.0,0.0,-0.29430939127781963,-1.4272438647823635,1.3892946313072765
p132,Piano Design Table,2080.0,780.0,1060.0,2.6666666666666665,1.358974358974359,1.0,0.0,1.990236164789531,0.4076480933192781,-0.5808563226271531
p133,Carimate,460.0,820.0,520.0,0.5609756097560976,0.6341463414634146,2.0,0.0,-1.3198472842232651,-0.921385583824597,-0.3428781038544764
p134,Raffles,2430.0,820.0,930.0,2.9634146341463414,1.1341463414634145,1.0,1.0,1.829241149646193,1.2783969850698018,-0.5458886692252785
p135,Incisa,940.0,920.0,880.0,1.0217391304347827,0.9565217391304348,4.0,0.0,-0.20419557650491274,-1.2198961113977647,1.4095126285399708
p136,Vidun,2200.0,750.0,1000.0,2.933333333333333,1.3333333333333333,1.0,0.0,2.089873591993403,0.5248483207957376,-0.7253625225576322
p137,Silver,460.0,820.0,520.0,0.5609756097560976,0.6341463414634146,1.0,0.0,-1.280807997677723,-0.6129940585791859,-0.9696055033493973
p138,Tondo 05,730.0,1000.0,840.0,0.73,0.84,2.0,0.0,-0.591546306484931,-0.6492717133510099,0.2137131870948331
p139,Groundpiece,2430.0,780.0,970.0,3.1153846153846154,1.2435897435897436,1.0,4.0,1.9785457213036308,2.5237391919083154,0.022367812098199106
p140,Lifesteel,2550.0,820.0,1010.0,3.1097560975609757,1.2317073170731707,1.0,1.0,2.1632064919685288,1.3310728577552255,-0.4615533801997622
p141,A.B.C.,760.0,920.0,810.0,0.8260869565217391,0.8804347826086957,2.0,0.0,-0.47689048186473926,-0.7130752716391751,0.08935860021031454
p142,Feel Good,800.0,840.0,840.0,0.9523809523809523,1.0,4.0,0.0,-0.25987167078988227,-1.4224504578082704,1.2904322882685366
p143,Minimo,2200.0,750.0,1020.0,2.933333333333333,1.36,1.0,0.0,2.1437721452285707,0.5109568168568392,-0.6995152401627156
p144,Load-it,1580.0,2090.0,370.0,0.7559808612440191,0.17703349282296652,1.0,4.0,-2.363915237699174,3.561517991852342,0.9077193749345501
p145,System,1670.0,1910.0,330.0,0.8743455497382199,0.17277486910994763,1.0,4.0,-2.199855830273062,3.439280449322931,0.6714956446871984
p146,Spindle,460.0,820.0,520.0,0.5609756097560976,0.6341463414634146,2.0,0.0,-1.3198472842232651,-0.921385583824597,-0.3428781038544764
p147,Wall System,1420.0,2090.0,360.0,0.6794258373205742,0.1722488038277512,1.0,4.0,-2.4930357784168398,3.4506162232818234,0.8936466220190623
p148,Ipanema,460.0,820.0,520.0,0.5609756097560976,0.6341463414634146,2.0,0.0,-1.3198472842232651,-0.921385583824597,-0.3428781038544764
p149,Concorde,2320.0,750.0,940.0,3.0933333333333333,1.2533333333333334,1.0,0.0,2.0622972210966797,0.674397431316169,-0.823848561422205
p150,Mondrian,2550.0,860.0,930.0,2.9651162790697674,1.0813953488372092,1.0,1.0,1.805066688262915,1.4189071607409958,-0.4995102693646778
p151,Random,1500.0,2000.0,350.0,0.75,0.175,1.0,4.0,-2.370835832875093,3.4095564110474763,0.789080960674216
p152,Tense,2080.0,750.0,1060.0,2.7733333333333334,1.4133333333333333,1.0,0.0,2.1174499628901264,0.37529921027530644,-0.6268764836930596
p153,Flow Chair,460.0,860.0,490.0,0.5348837209302325,0.5697674418604651,4.0,0.0,-1.5432522433075166,-1.4667974871506388,0.9134940896162266
p154,Aluminium Bed,1800.0,900.0,2200.0,2.0,2.4444444444444446,2.0,0.0,4.055240673224857,-0.7086207573757681,1.696100780941625
p155,Minima 3.0,1670.0,2000.0,360.0,0.835,0.18,1.0,4.0,-2.2327674300362967,3.5283320761089882,0.8025114103058723
p156,Air Table,2200.0,750.0,1000.0,2.933333333333333,1.3333333333333333,1.0,0.0,2.089873591993403,0.5248483207957376,-0.7253625225576322
p157,Air Bed,1800.0,900.0,2200.0,2.0,2.4444444444444446,2.0,0.0,4.055240673224857,-0.7086207573757681,1.696100780941625
p158,Air Sofa,2300.0,820.0,930.0,2.8048780487804876,1.1341463414634145,1.0,4.0,1.5744085732290019,2.4729867169980073,0.05562041197336515
p159,36e8,1270.0,1250.0,460.0,1.016,0.368,1.0,4.0,-1.483714566880141,2.3440583065027525,0.12092423068181118
p160,Tangram,1500.0,2000.0,350.0,0.75,0.175,1.0,0.0,-2.21493961240745,1.6651419917288364,0.012976448495863437
p161,Catifa 46,410.0,820.0,490.0,0.5,0.5975609756097561,4.0,0.0,-1.528467107264704,-1.5622959743632525,0.8796982962532922
p162,Catifa 53,430.0,860.0,510.0,0.5,0.5930232558139535,4.0,0.0,-1.5236751662186259,-1.5053465005602662,0.9430318923335054
p163,Leaf,460.0,820.0,520.0,0.5609756097560976,0.6341463414634146,1.0,0.0,-1.280807997677723,-0.6129940585791859,-0.9696055033493973
p164,Saya,460.0,820.0,520.0,0.5609756097560976,0.6341463414634146,2.0,0.0,-1.3198472842232651,-0.921385583824597,-0.3428781038544764
p165,Frida,460.0,820.0,520.0,0.5609756097560976,0.6341463414634146,2.0,0.0,-1.3198472842232651,-0.921385583824597,-0.3428781038544764
p166,Nemea,460.0,820.0,520.0,0.5609756097560976,0.6341463414634146,2.0,0.0,-1.3198472842232651,-0.921385583824597,-0.3428781038544764
p167,Nolita,460.0,820.0,520.0,0.5609756097560976,0.6341463414634146,1.0,0.0,-1.280807997677723,-0.6129940585791859,-0.9696055033493973
p168,Pasha,850.0,880.0,860.0,0.9659090909090909,0.9772727272727273,1.0,0.0,-0.13548508725262937,-0.41245147843879054,-0.5280551299493832
p169,Re-vive,900.0,840.0,810.0,1.0714285714285714,0.9642857142857143,4.0,0.0,-0.2318804459886536,-1.3162906185076408,1.2378802784702663
p170,Herman,1000.0,420.0,640.0,2.380952380952381,1.5238095238095237,1.0,0.0,1.1862452479954075,-0.7124265169461963,-1.4508026215874779
p171,Colle,2300.0,820.0,950.0,2.8048780487804876,1.1585365853658536,4.0,1.0,1.625878735046817,0.22642696819935593,1.3792920555957147
p172,Artematica,3600.0,2200.0,1000.0,1.6363636363636365,0.45454545454545453,1.0,4.0,0.05923609523067718,4.886780069982856,1.8066526192136334
p173,Ola,3600.0,2200.0,1000.0,1.6363636363636365,0.45454545454545453,1.0,4.0,0.05923609523067718,4.886780069982856,1.8066526192136334
p174,LiberaMente,3600.0,2200.0,1000.0,1.6363636363636365,0.45454545454545453,1.0,4.0,0.05923609523067718,4.886780069982856,1.8066526192136334
p175,Immagina,3600.0,2200.0,1000.0,1.6363636363636365,0.45454545454545453,1.0,4.0,0.05923609523067718,4.886780069982856,1.8066526192136334
p176,Skorpio,2200.0,750.0,1000.0,2.933333333333333,1.3333333333333333,1.0,0.0,2.089873591993403,0.5248483207957376,-0.7253625225576322
p177,Gordon,2200.0,750.0,1000.0,2.933333333333333,1.3333333333333333,1.0,0.0,2.089873591993403,0.5248483207957376,-0.7253625225576322
p178,Spyder,2200.0,750.0,1000.0,2.933333333333333,1.3333333333333333,1.0,0.0,2.089873591993403,0.5248483207957376,-0.7253625225576322
p179,Airport,1580.0,2000.0,360.0,0.79,0.18,1.0,4.0,-2.295922226068894,3.463357327175868,0.801701512759849
p180,Ghost,850.0,880.0,860.0,0.9659090909090909,0.9772727272727273,4.0,0.0,-0.2526029468892556,-1.337626054175024,1.3521270685353797
p181,Ragno,2200.0,750.0,1000.0,2.933333333333333,1.3333333333333333,1.0,0.0,2.089873591993403,0.5248483207957376,-0.7253625225576322
p182,Llt,2200.0,750.0,1000.0,2.933333333333333,1.3333333333333333,1.0,0.0,2.089873591993403,0.5248483207957376,-0.7253625225576322
p183,Caadre,700.0,1600.0,70.0,0.4375,0.04375,1.0,0.0,-2.9743410473223673,0.740506128840301,-0.7349832903553465
p184,Shimmer,950.0,400.0,690.0,2.375,1.725,1.0,0.0,1.4411250765972135,-0.8511576301329634,-1.393782592594561
p185,Fragment paravento,1700.0,1800.0,200.0,0.9444444444444444,0.1111111111111111,1.0,0.0,-2.1604745786973663,1.648293784235864,-0.3778427960592767
p186,Prism Glass Wardrobe,1000.0,1950.0,600.0,0.5128205128205128,0.3076923076923077,1.0,0.0,-2.0480248011659623,1.146116345529854,0.25544558804272754
p187,Deep Sea,1420.0,1910.0,360.0,0.743455497382199,0.18848167539267016,1.0,4.0,-2.321204453933723,3.2454269300962486,0.7063318544970553
p188,Spaghetti,460.0,820.0,520.0,0.5609756097560976,0.6341463414634146,1.0,0.0,-1.280807997677723,-0.6129940585791859,-0.9696055033493973
p189,Seconda,460.0,820.0,520.0,0.5609756097560976,0.6341463414634146,1.0,0.0,-1.280807997677723,-0.6129940585791859,-0.9696055033493973
p190,Laleggera,460.0,820.0,520.0,0.5609756097560976,0.6341463414634146,2.0,0.0,-1.3198472842232651,-0.921385583824597,-0.3428781038544764
p191,Bigframe 44,460.0,820.0,520.0,0.5609756097560976,0.6341463414634146,1.0,0.0,-1.280807997677723,-0.6129940585791859,-0.9696055033493973
p192,Softer Than Steel,2200.0,450.0,550.0,4.888888888888889,1.2222222222222223,1.0,0.0,2.5393141367966807,0.7223679867483971,-1.9696124296105928
p193,Clay,2200.0,750.0,1000.0,2.933333333333333,1.3333333333333333,1.0,0.0,2.089873591993403,0.5248483207957376,-0.7253625225576322
p194,Helsinki,2320.0,750.0,980.0,3.0933333333333333,1.3066666666666666,1.0,0.0,2.170094327567015,0.6466144234383724,-0.7721539966323717
p195,Element,2200.0,750.0,1000.0,2.933333333333333,1.3333333333333333,1.0,0.0,2.089873591993403,0.5248483207957376,-0.7253625225576322
p196,Getsuen,850.0,880.0,860.0,0.9659090909090909,0.9772727272727273,4.0,0.0,-0.2526029468892556,-1.337626054175024,1.3521270685353797
p197,Vermelha,850.0,880.0,860.0,0.9659090909090909,0.9772727272727273,1.0,0.0,-0.13548508725262937,-0.41245147843879054,-0.5280551299493832
p198,Boa,2300.0,820.0,950.0,2.8048780487804876,1.1585365853658536,4.0,1.0,1.625878735046817,0.22642696819935593,1.3792920555957147
p199,On the Rocks,2300.0,820.0,950.0,2.8048780487804876,1.1585365853658536,1.0,4.0,1.6260744293327107,2.4599123584245692,0.0811882412447163
p200,Standard,2550.0,820.0,1010.0,3.1097560975609757,1.2317073170731707,1.0,1.0,2.1632064919685288,1.3310728577552255,-0.4615533801997622
