ID,Prodotto,Compositi,Fibre vegetali,Imbottiture,Legni e derivati,Metalli,Minerali,Polimeri,Rivestimenti,Superfici,PC1,PC2,PC3
p001,699 Superleggera,0.0,1.0,0.0,1.0,0.0,0.0,0.0,0.0,0.0,-2.0240425963098083,-1.5202953322735204,-0.432814595205652
p002,646 Leggera,0.0,0.0,0.0,1.0,0.0,0.0,0.0,1.0,0.0,0.05186694744121685,-1.295610779698814,0.020638934026732024
p003,LC1,0.0,0.0,0.0,0.0,1.0,0.0,0.0,1.0,0.0,1.2087239576553719,0.34332322219740785,-0.23285269217076446
p004,LC2,0.0,0.0,1.0,0.0,1.0,0.0,0.0,1.0,0.0,2.4730301789009546,-0.11868892111539842,-0.09369886866719022
p005,LC3,0.0,0.0,1.0,0.0,1.0,0.0,0.0,1.0,0.0,2.4730301789009546,-0.11868892111539842,-0.09369886866719022
p006,LC4,0.0,0.0,0.0,0.0,1.0,0.0,0.0,1.0,0.0,1.2087239576553719,0.34332322219740785,-0.23285269217076446
p007,637 Utrecht,0.0,0.0,1.0,1.0,0.0,0.0,0.0,1.0,0.0,1.3161731686868,-1.7576229230116207,0.15979275753030614
p008,635 Red and Blue,0.0,0.0,0.0,1.0,0.0,0.0,0.0,0.0,1.0,-2.217575371407813,-2.056201570940407,-1.9070387775592388
p009,280 Zig Zag,0.0,0.0,0.0,1.0,0.0,0.0,0.0,0.0,0.0,-1.1571272188461617,-0.8031364475316926,0.009329934760444157
p010,412 Cab,0.0,0.0,0.0,0.0,1.0,0.0,0.0,1.0,0.0,1.2087239576553719,0.34332322219740785,-0.23285269217076446
p011,675 Maralunga,0.0,0.0,1.0,0.0,1.0,0.0,0.0,1.0,0.0,2.4730301789009546,-0.11868892111539842,-0.09369886866719022
p012,Soriana,0.0,0.0,1.0,0.0,1.0,0.0,0.0,1.0,0.0,2.4730301789009546,-0.11868892111539842,-0.09369886866719022
p013,836 Tre Pezzi,0.0,0.0,1.0,0.0,1.0,0.0,0.0,1.0,0.0,2.4730301789009546,-0.11868892111539842,-0.09369886866719022
p014,523 Tabouret Méribel,0.0,0.0,0.0,1.0,0.0,0.0,0.0,0.0,0.0,-1.1571272188461617,-0.8031364475316926,0.009329934760444157
p015,522 Tokyo,0.0,0.0,0.0,1.0,0.0,0.0,0.0,0.0,0.0,-1.1571272188461617,-0.8031364475316926,0.009329934760444157
p016,529 Rio,0.0,1.0,0.0,1.0,0.0,0.0,0.0,0.0,0.0,-2.0240425963098083,-1.5202953322735204,-0.432814595205652
p017,Volage Bed,0.0,0.0,1.0,0.0,1.0,0.0,0.0,1.0,0.0,2.4730301789009546,-0.11868892111539842,-0.09369886866719022
p018,241 Privé,0.0,0.0,1.0,0.0,1.0,0.0,0.0,1.0,0.0,2.4730301789009546,-0.11868892111539842,-0.09369886866719022
p019,381 Torei,0.0,0.0,0.0,1.0,0.0,1.0,0.0,0.0,0.0,-1.8694737562156198,-0.8764151047253664,2.3801452750013254
p020,413 Cab,0.0,0.0,0.0,0.0,1.0,0.0,0.0,1.0,0.0,1.2087239576553719,0.34332322219740785,-0.23285269217076446
p021,UP5_6,0.0,0.0,1.0,0.0,0.0,0.0,0.0,1.0,0.0,1.9576551066311036,-0.5514323295390923,0.30368672157125814
p022,Camaleonda,0.0,0.0,1.0,1.0,0.0,0.0,0.0,1.0,0.0,1.3161731686868,-1.7576229230116207,0.15979275753030614
p023,Le Bambole,0.0,0.0,1.0,0.0,0.0,0.0,0.0,1.0,0.0,1.9576551066311036,-0.5514323295390923,0.30368672157125814
p024,Bend-Sofa,0.0,0.0,1.0,0.0,0.0,0.0,0.0,1.0,0.0,1.9576551066311036,-0.5514323295390923,0.30368672157125814
p025,Charles,0.0,0.0,1.0,0.0,1.0,0.0,0.0,1.0,0.0,2.4730301789009546,-0.11868892111539842,-0.09369886866719022
p026,Tufty-Time,0.0,0.0,1.0,0.0,0.0,0.0,0.0,1.0,0.0,1.9576551066311036,-0.5514323295390923,0.30368672157125814
p027,Husk,0.0,0.0,1.0,0.0,0.0,0.0,1.0,1.0,0.0,1.5518285041424347,1.0093824276796612,-0.22584480672752158
p028,Papilio,0.0,0.0,1.0,0.0,1.0,0.0,0.0,1.0,0.0,2.4730301789009546,-0.11868892111539842,-0.09369886866719022
p029,Tobi-Ishi,0.0,0.0,0.0,1.0,0.0,1.0,0.0,0.0,0.0,-1.8694737562156198,-0.8764151047253664,2.3801452750013254
p030,Pianura,0.0,0.0,0.0,1.0,0.0,0.0,0.0,1.0,0.0,0.05186694744121685,-1.295610779698814,0.020638934026732024
p031,Diesis,0.0,0.0,0.0,0.0,1.0,0.0,0.0,1.0,0.0,1.2087239576553719,0.34332322219740785,-0.23285269217076446
p032,Alanda,0.0,0.0,0.0,0.0,1.0,1.0,0.0,0.0,0.0,-0.7126167460014649,0.7625188971708556,2.1266536488038295
p033,D.154.2,0.0,0.0,1.0,1.0,0.0,0.0,0.0,1.0,0.0,1.3161731686868,-1.7576229230116207,0.15979275753030614
p034,D.153.1,0.0,0.0,1.0,0.0,1.0,0.0,0.0,1.0,0.0,2.4730301789009546,-0.11868892111539842,-0.09369886866719022
p035,D.655.1,0.0,0.0,0.0,1.0,1.0,0.0,0.0,0.0,0.0,-0.6417521465763103,-0.37039303910799876,-0.38805565547800425
p036,D.859.1,0.0,0.0,0.0,1.0,0.0,0.0,0.0,0.0,0.0,-1.1571272188461617,-0.8031364475316926,0.009329934760444157
p037,D.552.2,0.0,0.0,0.0,1.0,0.0,1.0,0.0,0.0,0.0,-1.8694737562156198,-0.8764151047253664,2.3801452750013254
p038,505 UP,0.0,0.0,0.0,1.0,0.0,0.0,0.0,0.0,1.0,-2.217575371407813,-2.056201570940407,-1.9070387775592388
p039,Graduate,0.0,0.0,0.0,1.0,1.0,0.0,0.0,0.0,0.0,-0.6417521465763103,-0.37039303910799876,-0.38805565547800425
p040,LessLess,0.0,0.0,0.0,0.0,1.0,0.0,0.0,0.0,0.0,-0.0002702086320066847,0.8357975543645295,-0.24416169143705233
p041,Vanity Fair,0.0,0.0,1.0,1.0,0.0,0.0,0.0,1.0,0.0,1.3161731686868,-1.7576229230116207,0.15979275753030614
p042,1919,0.0,0.0,0.0,1.0,0.0,0.0,0.0,1.0,0.0,0.05186694744121685,-1.295610779698814,0.020638934026732024
p043,Archibald,0.0,0.0,1.0,0.0,1.0,0.0,0.0,1.0,0.0,2.4730301789009546,-0.11868892111539842,-0.09369886866719022
p044,Dezza,0.0,0.0,0.0,1.0,0.0,0.0,0.0,1.0,0.0,0.05186694744121685,-1.295610779698814,0.020638934026732024
p045,Sanluca,0.0,0.0,1.0,1.0,0.0,0.0,0.0,1.0,0.0,1.3161731686868,-1.7576229230116207,0.15979275753030614
p046,Intervista,0.0,0.0,1.0,0.0,1.0,0.0,0.0,1.0,0.0,2.4730301789009546,-0.11868892111539842,-0.09369886866719022
p047,Chester,0.0,0.0,0.0,1.0,0.0,0.0,0.0,1.0,0.0,0.05186694744121685,-1.295610779698814,0.020638934026732024
p048,Willy,0.0,0.0,1.0,1.0,0.0,0.0,0.0,1.0,0.0,1.3161731686868,-1.7576229230116207,0.15979275753030614
p049,Ginger,0.0,0.0,0.0,1.0,0.0,0.0,0.0,1.0,0.0,0.05186694744121685,-1.295610779698814,0.020638934026732024
p050,Isidoro,0.0,0.0,0.0,1.0,1.0,0.0,0.0,1.0,0.0,0.5672420197110681,-0.8628673712751204,-0.37674665621171644
p051,Sacco,0.0,0.0,1.0,0.0,0.0,0.0,0.0,1.0,0.0,1.9576551066311036,-0.5514323295390923,0.30368672157125814
p052,Mezzadro,0.0,0.0,0.0,1.0,1.0,0.0,0.0,0.0,0.0,-0.6417521465763103,-0.37039303910799876,-0.38805565547800425
p053,Sella,0.0,0.0,0.0,0.0,1.0,0.0,0.0,1.0,0.0,1.2087239576553719,0.34332322219740785,-0.23285269217076446
p054,Quaderna Table,0.0,0.0,0.0,1.0,0.0,0.0,0.0,0.0,1.0,-2.217575371407813,-2.056201570940407,-1.9070387775592388
p055,Sciangai,0.0,0.0,0.0,1.0,0.0,0.0,0.0,0.0,0.0,-1.1571272188461617,-0.8031364475316926,0.009329934760444157
p056,Tonietta,0.0,0.0,0.0,0.0,1.0,0.0,0.0,1.0,0.0,1.2087239576553719,0.34332322219740785,-0.23285269217076446
p057,Reale CM,0.0,0.0,0.0,1.0,0.0,1.0,0.0,0.0,0.0,-1.8694737562156198,-0.8764151047253664,2.3801452750013254
p058,Cavour CM,0.0,0.0,0.0,1.0,0.0,1.0,0.0,0.0,0.0,-1.8694737562156198,-0.8764151047253664,2.3801452750013254
p059,Arabesco CM,0.0,0.0,0.0,1.0,0.0,1.0,0.0,0.0,0.0,-1.8694737562156198,-0.8764151047253664,2.3801452750013254
p060,Gilda CM,0.0,0.0,0.0,1.0,0.0,0.0,0.0,1.0,0.0,0.05186694744121685,-1.295610779698814,0.020638934026732024
p061,Cumano,0.0,0.0,0.0,0.0,1.0,0.0,0.0,0.0,0.0,-0.0002702086320066847,0.8357975543645295,-0.24416169143705233
p062,Joy,0.0,0.0,0.0,1.0,1.0,0.0,0.0,0.0,0.0,-0.6417521465763103,-0.37039303910799876,-0.38805565547800425
p063,Allunaggio,0.0,0.0,0.0,0.0,1.0,0.0,0.0,0.0,0.0,-0.0002702086320066847,0.8357975543645295,-0.24416169143705233
p064,Milo CM,0.0,0.0,0.0,0.0,0.0,1.0,0.0,0.0,0.0,-1.227991818271316,0.3297754887471617,2.5240392390422777
p065,Servomuto,0.0,0.0,0.0,0.0,1.0,0.0,0.0,0.0,1.0,-1.0607183611936581,-0.4172675690441851,-2.160530403756735
p066,Componibili,0.0,0.0,0.0,0.0,0.0,0.0,1.0,0.0,0.0,-0.9214718833905267,1.9638689031595895,-0.3763076294973835
p067,Louis Ghost,0.0,0.0,0.0,0.0,0.0,0.0,1.0,0.0,0.0,-0.9214718833905267,1.9638689031595895,-0.3763076294973835
p068,Masters,0.0,0.0,0.0,0.0,0.0,0.0,1.0,0.0,0.0,-0.9214718833905267,1.9638689031595895,-0.3763076294973835
p069,La Marie,0.0,0.0,0.0,0.0,0.0,0.0,1.0,0.0,0.0,-0.9214718833905267,1.9638689031595895,-0.3763076294973835
p070,Bookworm,0.0,0.0,0.0,0.0,0.0,0.0,1.0,0.0,0.0,-0.9214718833905267,1.9638689031595895,-0.3763076294973835
p071,Maui,0.0,0.0,0.0,0.0,1.0,0.0,1.0,0.0,0.0,-0.4060968111206755,2.3966123115832834,-0.7736932197358319
p072,A.I.,0.0,0.0,0.0,0.0,0.0,0.0,1.0,0.0,0.0,-0.9214718833905267,1.9638689031595895,-0.3763076294973835
p073,Victoria Ghost,0.0,0.0,0.0,0.0,0.0,0.0,1.0,0.0,0.0,-0.9214718833905267,1.9638689031595895,-0.3763076294973835
p074,Dr. Glob,0.0,0.0,0.0,0.0,1.0,0.0,1.0,0.0,0.0,-0.4060968111206755,2.3966123115832834,-0.7736932197358319
p075,La Bohème,0.0,0.0,0.0,0.0,0.0,0.0,1.0,0.0,0.0,-0.9214718833905267,1.9638689031595895,-0.3763076294973835
p076,Bubble Club,0.0,0.0,0.0,0.0,0.0,0.0,1.0,0.0,0.0,-0.9214718833905267,1.9638689031595895,-0.3763076294973835
p077,Mobil,0.0,0.0,0.0,0.0,1.0,0.0,1.0,0.0,0.0,-0.4060968111206755,2.3966123115832834,-0.7736932197358319
p078,Chair_One,0.0,0.0,0.0,0.0,1.0,0.0,0.0,0.0,0.0,-0.0002702086320066847,0.8357975543645295,-0.24416169143705233
p079,Air-Chair,0.0,0.0,0.0,0.0,0.0,0.0,1.0,0.0,0.0,-0.9214718833905267,1.9638689031595895,-0.3763076294973835
p080,Spun,0.0,0.0,0.0,0.0,0.0,0.0,1.0,0.0,0.0,-0.9214718833905267,1.9638689031595895,-0.3763076294973835
p081,Bombo,0.0,0.0,0.0,0.0,1.0,0.0,1.0,0.0,0.0,-0.4060968111206755,2.3966123115832834,-0.7736932197358319
p082,Steelwood Chair,0.0,0.0,0.0,1.0,1.0,0.0,0.0,0.0,0.0,-0.6417521465763103,-0.37039303910799876,-0.38805565547800425
p083,360° Container,0.0,0.0,0.0,0.0,1.0,0.0,1.0,0.0,0.0,-0.4060968111206755,2.3966123115832834,-0.7736932197358319
p084,Officina Chair,0.0,0.0,0.0,0.0,1.0,0.0,1.0,0.0,0.0,-0.4060968111206755,2.3966123115832834,-0.7736932197358319
p085,Sam Son,0.0,0.0,0.0,0.0,0.0,0.0,1.0,0.0,0.0,-0.9214718833905267,1.9638689031595895,-0.3763076294973835
p086,Voido,0.0,0.0,0.0,0.0,0.0,0.0,1.0,0.0,0.0,-0.9214718833905267,1.9638689031595895,-0.3763076294973835
p087,Puppy,0.0,0.0,0.0,0.0,0.0,0.0,1.0,0.0,0.0,-0.9214718833905267,1.9638689031595895,-0.3763076294973835
p088,Costes,0.0,0.0,0.0,1.0,1.0,0.0,0.0,1.0,0.0,0.5672420197110681,-0.8628673712751204,-0.37674665621171644
p089,Nemo,0.0,0.0,0.0,0.0,0.0,0.0,1.0,0.0,0.0,-0.9214718833905267,1.9638689031595895,-0.3763076294973835
p090,Roly Poly,0.0,0.0,0.0,0.0,0.0,0.0,1.0,0.0,0.0,-0.9214718833905267,1.9638689031595895,-0.3763076294973835
p091,Toy,0.0,0.0,0.0,0.0,0.0,0.0,1.0,0.0,0.0,-0.9214718833905267,1.9638689031595895,-0.3763076294973835
p092,Sof Sof,0.0,0.0,0.0,0.0,1.0,0.0,0.0,1.0,0.0,1.2087239576553719,0.34332322219740785,-0.23285269217076446
p093,Tokyo-Pop,0.0,0.0,0.0,0.0,0.0,0.0,1.0,0.0,0.0,-0.9214718833905267,1.9638689031595895,-0.3763076294973835
p094,Lou Read,0.0,0.0,0.0,0.0,0.0,0.0,1.0,1.0,0.0,0.2875222828968517,1.4713945709924678,-0.3649986302310957
p095,Sissi,0.0,0.0,0.0,0.0,0.0,0.0,1.0,0.0,0.0,-0.9214718833905267,1.9638689031595895,-0.3763076294973835
p096,Proust,0.0,0.0,0.0,1.0,0.0,0.0,0.0,1.0,0.0,0.05186694744121685,-1.295610779698814,0.020638934026732024
p097,Embryo,0.0,0.0,1.0,0.0,1.0,0.0,0.0,1.0,0.0,2.4730301789009546,-0.11868892111539842,-0.09369886866719022
p098,Thinking Man's Chair,0.0,0.0,0.0,0.0,1.0,0.0,0.0,0.0,0.0,-0.0002702086320066847,0.8357975543645295,-0.24416169143705233
p099,Peacock,0.0,0.0,0.0,0.0,1.0,0.0,0.0,1.0,0.0,1.2087239576553719,0.34332322219740785,-0.23285269217076446
p100,Ribbon,0.0,0.0,0.0,0.0,1.0,0.0,0.0,0.0,0.0,-0.0002702086320066847,0.8357975543645295,-0.24416169143705233
p101,S-Chair,0.0,1.0,0.0,0.0,1.0,0.0,0.0,0.0,0.0,-0.8671855860956533,0.11863866962270175,-0.6863062214031483
p102,Felt Chair,1.0,0.0,0.0,0.0,0.0,0.0,0.0,0.0,0.0,-0.6857743967364975,1.645824069373328,-0.7197388750795518
p103,Cloud,0.0,0.0,0.0,0.0,0.0,0.0,1.0,0.0,0.0,-0.9214718833905267,1.9638689031595895,-0.3763076294973835
p104,Lady,0.0,0.0,1.0,0.0,1.0,0.0,0.0,1.0,0.0,2.4730301789009546,-0.11868892111539842,-0.09369886866719022
p105,Martingala,0.0,0.0,1.0,0.0,1.0,0.0,0.0,1.0,0.0,2.4730301789009546,-0.11868892111539842,-0.09369886866719022
p106,Woodline,0.0,0.0,0.0,1.0,0.0,0.0,0.0,1.0,0.0,0.05186694744121685,-1.295610779698814,0.020638934026732024
p107,Strips,0.0,0.0,1.0,1.0,0.0,0.0,0.0,1.0,0.0,1.3161731686868,-1.7576229230116207,0.15979275753030614
p108,Botolo,0.0,0.0,1.0,0.0,1.0,0.0,0.0,1.0,0.0,2.4730301789009546,-0.11868892111539842,-0.09369886866719022
p109,Marenco,0.0,0.0,1.0,1.0,0.0,0.0,0.0,1.0,0.0,1.3161731686868,-1.7576229230116207,0.15979275753030614
p110,Big Easy,0.0,0.0,1.0,0.0,0.0,0.0,0.0,0.0,0.0,0.7486609403437253,-0.05895799737197069,0.2923777223049703
p111,Shadowy,0.0,0.0,0.0,0.0,1.0,0.0,1.0,0.0,0.0,-0.4060968111206755,2.3966123115832834,-0.7736932197358319
p112,Fjord,0.0,0.0,1.0,0.0,1.0,0.0,0.0,1.0,0.0,2.4730301789009546,-0.11868892111539842,-0.09369886866719022
p113,Antibodi,0.0,0.0,0.0,0.0,1.0,0.0,0.0,1.0,0.0,1.2087239576553719,0.34332322219740785,-0.23285269217076446
p114,Tropicalia,0.0,0.0,0.0,0.0,1.0,0.0,1.0,0.0,0.0,-0.4060968111206755,2.3966123115832834,-0.7736932197358319
p115,Take a Line for a Walk,0.0,0.0,1.0,0.0,1.0,0.0,0.0,1.0,0.0,2.4730301789009546,-0.11868892111539842,-0.09369886866719022
p116,Ruff,0.0,0.0,1.0,0.0,0.0,0.0,0.0,1.0,0.0,1.9576551066311036,-0.5514323295390923,0.30368672157125814
p117,Supernatural,0.0,0.0,0.0,0.0,0.0,0.0,1.0,0.0,0.0,-0.9214718833905267,1.9638689031595895,-0.3763076294973835
p118,Bocca,0.0,0.0,1.0,0.0,0.0,0.0,0.0,1.0,0.0,1.9576551066311036,-0.5514323295390923,0.30368672157125814
p119,Pratone,0.0,0.0,1.0,0.0,0.0,0.0,0.0,0.0,0.0,0.7486609403437253,-0.05895799737197069,0.2923777223049703
p120,Cactus,0.0,0.0,1.0,0.0,0.0,0.0,0.0,0.0,0.0,0.7486609403437253,-0.05895799737197069,0.2923777223049703
p121,Capitello,0.0,0.0,1.0,0.0,0.0,0.0,0.0,0.0,0.0,0.7486609403437253,-0.05895799737197069,0.2923777223049703
p122,Detecma,0.0,0.0,1.0,0.0,0.0,0.0,0.0,1.0,0.0,1.9576551066311036,-0.5514323295390923,0.30368672157125814
p123,Carlton,0.0,0.0,0.0,1.0,0.0,0.0,0.0,0.0,1.0,-2.217575371407813,-2.056201570940407,-1.9070387775592388
p124,Casablanca,0.0,0.0,0.0,1.0,0.0,0.0,0.0,0.0,1.0,-2.217575371407813,-2.056201570940407,-1.9070387775592388
p125,Beverly,0.0,0.0,0.0,1.0,1.0,0.0,0.0,0.0,1.0,-1.702200299137962,-1.6234581625167133,-2.304424367797687
p126,First,0.0,0.0,0.0,1.0,1.0,0.0,0.0,0.0,0.0,-0.6417521465763103,-0.37039303910799876,-0.38805565547800425
p127,Tawaraya,0.0,0.0,0.0,1.0,0.0,0.0,0.0,1.0,0.0,0.05186694744121685,-1.295610779698814,0.020638934026732024
p128,Bedrock Plank,0.0,0.0,0.0,1.0,1.0,0.0,0.0,0.0,0.0,-0.6417521465763103,-0.37039303910799876,-0.38805565547800425
p129,Kauri Piano Antico,0.0,0.0,0.0,1.0,1.0,0.0,0.0,0.0,0.0,-0.6417521465763103,-0.37039303910799876,-0.38805565547800425
p130,Molletta,0.0,0.0,0.0,1.0,1.0,0.0,0.0,0.0,0.0,-0.6417521465763103,-0.37039303910799876,-0.38805565547800425
p131,Maui,0.0,0.0,0.0,1.0,0.0,0.0,0.0,0.0,0.0,-1.1571272188461617,-0.8031364475316926,0.009329934760444157
p132,Piano Design Table,0.0,0.0,0.0,1.0,0.0,0.0,0.0,0.0,0.0,-1.1571272188461617,-0.8031364475316926,0.009329934760444157
p133,Carimate,0.0,1.0,0.0,1.0,0.0,0.0,0.0,0.0,0.0,-2.0240425963098083,-1.5202953322735204,-0.432814595205652
p134,Raffles,0.0,0.0,1.0,1.0,0.0,0.0,0.0,1.0,0.0,1.3161731686868,-1.7576229230116207,0.15979275753030614
p135,Incisa,0.0,0.0,0.0,0.0,1.0,0.0,0.0,1.0,0.0,1.2087239576553719,0.34332322219740785,-0.23285269217076446
p136,Vidun,0.0,0.0,0.0,1.0,0.0,1.0,0.0,0.0,0.0,-1.8694737562156198,-0.8764151047253664,2.3801452750013254
p137,Silver,0.0,0.0,0.0,0.0,1.0,0.0,0.0,0.0,0.0,-0.0002702086320066847,0.8357975543645295,-0.24416169143705233
p138,Tondo 05,0.0,0.0,1.0,0.0,1.0,0.0,0.0,1.0,0.0,2.4730301789009546,-0.11868892111539842,-0.09369886866719022
p139,Groundpiece,0.0,0.0,1.0,1.0,0.0,0.0,0.0,1.0,0.0,1.3161731686868,-1.7576229230116207,0.15979275753030614
p140,Lifesteel,0.0,0.0,0.0,0.0,1.0,0.0,0.0,1.0,0.0,1.2087239576553719,0.34332322219740785,-0.23285269217076446
p141,A.B.C.,0.0,0.0,0.0,0.0,1.0,0.0,0.0,1.0,0.0,1.2087239576553719,0.34332322219740785,-0.23285269217076446
p142,Feel Good,0.0,0.0,1.0,0.0,1.0,0.0,0.0,1.0,0.0,2.4730301789009546,-0.11868892111539842,-0.09369886866719022
p143,Minimo,0.0,0.0,0.0,1.0,0.0,0.0,0.0,0.0,0.0,-1.1571272188461617,-0.8031364475316926,0.009329934760444157
p144,Load-it,0.0,0.0,0.0,1.0,1.0,0.0,0.0,0.0,0.0,-0.6417521465763103,-0.37039303910799876,-0.38805565547800425
p145,System,0.0,0.0,0.0,1.0,0.0,0.0,0.0,0.0,1.0,-2.217575371407813,-2.056201570940407,-1.9070387775592388
p146,Spindle,0.0,0.0,0.0,1.0,0.0,0.0,0.0,0.0,0.0,-1.1571272188461617,-0.8031364475316926,0.009329934760444157
p147,Wall System,0.0,0.0,0.0,1.0,0.0,0.0,0.0,0.0,1.0,-2.217575371407813,-2.056201570940407,-1.9070387775592388
p148,Ipanema,0.0,0.0,0.0,1.0,0.0,0.0,0.0,1.0,0.0,0.05186694744121685,-1.295610779698814,0.020638934026732024
p149,Concorde,0.0,0.0,0.0,1.0,0.0,1.0,0.0,0.0,0.0,-1.8694737562156198,-0.8764151047253664,2.3801452750013254
p150,Mondrian,0.0,0.0,1.0,0.0,1.0,0.0,0.0,1.0,0.0,2.4730301789009546,-0.11868892111539842,-0.09369886866719022
p151,Random,0.0,0.0,0.0,1.0,0.0,0.0,0.0,0.0,1.0,-2.217575371407813,-2.056201570940407,-1.9070387775592388
p152,Tense,1.0,0.0,0.0,0.0,1.0,0.0,0.0,0.0,0.0,-0.1703993244666463,2.078567477797022,-1.1171244653180004
p153,Flow Chair,0.0,0.0,0.0,1.0,0.0,0.0,1.0,0.0,0.0,-1.5629538213348304,0.7576783096870612,-0.5202015935383355
p154,Aluminium Bed,0.0,0.0,0.0,0.0,1.0,0.0,0.0,0.0,0.0,-0.0002702086320066847,0.8357975543645295,-0.24416169143705233
p155,Minima 3.0,0.0,0.0,0.0,0.0,1.0,0.0,0.0,0.0,0.0,-0.0002702086320066847,0.8357975543645295,-0.24416169143705233
p156,Air Table,0.0,0.0,0.0,1.0,0.0,1.0,0.0,0.0,0.0,-1.8694737562156198,-0.8764151047253664,2.3801452750013254
p157,Air Bed,0.0,0.0,0.0,1.0,0.0,1.0,0.0,0.0,0.0,-1.8694737562156198,-0.8764151047253664,2.3801452750013254
p158,Air Sofa,0.0,0.0,1.0,0.0,0.0,1.0,0.0,1.0,0.0,1.2453085692616455,-0.6247109867327663,2.67450206181214
p159,36e8,0.0,0.0,0.0,1.0,0.0,0.0,0.0,0.0,1.0,-2.217575371407813,-2.056201570940407,-1.9070387775592388
p160,Tangram,0.0,0.0,0.0,1.0,0.0,0.0,0.0,0.0,1.0,-2.217575371407813,-2.056201570940407,-1.9070387775592388
p161,Catifa 46,0.0,0.0,0.0,0.0,1.0,0.0,1.0,0.0,0.0,-0.4060968111206755,2.3966123115832834,-0.7736932197358319
p162,Catifa 53,0.0,0.0,0.0,0.0,1.0,0.0,1.0,0.0,0.0,-0.4060968111206755,2.3966123115832834,-0.7736932197358319
p163,Leaf,0.0,0.0,0.0,0.0,1.0,0.0,0.0,0.0,0.0,-0.0002702086320066847,0.8357975543645295,-0.24416169143705233
p164,Saya,0.0,0.0,0.0,1.0,0.0,0.0,0.0,0.0,0.0,-1.1571272188461617,-0.8031364475316926,0.009329934760444157
p165,Frida,0.0,0.0,0.0,1.0,0.0,0.0,0.0,0.0,0.0,-1.1571272188461617,-0.8031364475316926,0.009329934760444157
p166,Nemea,0.0,0.0,0.0,1.0,0.0,0.0,0.0,0.0,0.0,-1.1571272188461617,-0.8031364475316926,0.009329934760444157
p167,Nolita,0.0,0.0,0.0,0.0,1.0,0.0,0.0,0.0,0.0,-0.0002702086320066847,0.8357975543645295,-0.24416169143705233
p168,Pasha,0.0,0.0,0.0,0.0,0.0,0.0,1.0,0.0,0.0,-0.9214718833905267,1.9638689031595895,-0.3763076294973835
p169,Re-vive,0.0,0.0,1.0,0.0,1.0,0.0,0.0,1.0,0.0,2.4730301789009546,-0.11868892111539842,-0.09369886866719022
p170,Herman,0.0,0.0,0.0,0.0,1.0,1.0,0.0,0.0,0.0,-0.7126167460014649,0.7625188971708556,2.1266536488038295
p171,Colle,0.0,0.0,1.0,1.0,0.0,0.0,0.0,1.0,0.0,1.3161731686868,-1.7576229230116207,0.15979275753030614
p172,Artematica,0.0,0.0,0.0,1.0,1.0,1.0,0.0,0.0,0.0,-1.3540986839457685,-0.44367169630167264,1.9827596847628772
p173,Ola,0.0,0.0,0.0,1.0,1.0,0.0,0.0,0.0,1.0,-1.702200299137962,-1.6234581625167133,-2.304424367797687
p174,LiberaMente,0.0,0.0,0.0,1.0,1.0,0.0,0.0,0.0,1.0,-1.702200299137962,-1.6234581625167133,-2.304424367797687
p175,Immagina,0.0,0.0,0.0,1.0,1.0,0.0,0.0,0.0,1.0,-1.702200299137962,-1.6234581625167133,-2.304424367797687
p176,Skorpio,0.0,0.0,0.0,0.0,1.0,1.0,0.0,0.0,0.0,-0.7126167460014649,0.7625188971708556,2.1266536488038295
p177,Gordon,0.0,0.0,0.0,1.0,1.0,0.0,0.0,0.0,0.0,-0.6417521465763103,-0.37039303910799876,-0.38805565547800425
p178,Spyder,0.0,0.0,0.0,0.0,1.0,1.0,0.0,0.0,0.0,-0.7126167460014649,0.7625188971708556,2.1266536488038295
p179,Airport,0.0,0.0,0.0,1.0,1.0,0.0,0.0,0.0,0.0,-0.6417521465763103,-0.37039303910799876,-0.38805565547800425
p180,Ghost,0.0,0.0,0.0,0.0,0.0,1.0,0.0,0.0,0.0,-1.227991818271316,0.3297754887471617,2.5240392390422777
p181,Ragno,0.0,0.0,0.0,0.0,0.0,1.0,0.0,0.0,0.0,-1.227991818271316,0.3297754887471617,2.5240392390422777
p182,Llt,0.0,0.0,0.0,0.0,0.0,1.0,0.0,0.0,0.0,-1.227991818271316,0.3297754887471617,2.5240392390422777
p183,Caadre,0.0,0.0,0.0,0.0,0.0,1.0,0.0,0.0,0.0,-1.227991818271316,0.3297754887471617,2.5240392390422777
p184,Shimmer,0.0,0.0,0.0,0.0,0.0,1.0,0.0,0.0,0.0,-1.227991818271316,0.3297754887471617,2.5240392390422777
p185,Fragment paravento,0.0,0.0,0.0,0.0,1.0,1.0,0.0,0.0,0.0,-0.7126167460014649,0.7625188971708556,2.1266536488038295
p186,Prism Glass Wardrobe,0.0,0.0,0.0,0.0,0.0,1.0,0.0,0.0,0.0,-1.227991818271316,0.3297754887471617,2.5240392390422777
p187,Deep Sea,0.0,0.0,0.0,0.0,0.0,1.0,0.0,0.0,0.0,-1.227991818271316,0.3297754887471617,2.5240392390422777
p188,Spaghetti,0.0,0.0,0.0,0.0,1.0,0.0,1.0,0.0,0.0,-0.4060968111206755,2.3966123115832834,-0.7736932197358319
p189,Seconda,0.0,0.0,1.0,0.0,1.0,0.0,0.0,0.0,0.0,1.2640360126135763,0.3737854110517232,-0.10500786793347809
p190,Laleggera,0.0,0.0,1.0,1.0,0.0,0.0,0.0,0.0,0.0,0.1071790023994215,-1.265148590844499,0.14848375826401827
p191,Bigframe 44,0.0,0.0,0.0,0.0,1.0,0.0,0.0,1.0,0.0,1.2087239576553719,0.34332322219740785,-0.23285269217076446
p192,Softer Than Steel,0.0,0.0,0.0,0.0,1.0,0.0,0.0,0.0,0.0,-0.0002702086320066847,0.8357975543645295,-0.24416169143705233
p193,Clay,1.0,0.0,0.0,0.0,1.0,0.0,0.0,0.0,0.0,-0.1703993244666463,2.078567477797022,-1.1171244653180004
p194,Helsinki,0.0,0.0,0.0,0.0,1.0,1.0,0.0,0.0,0.0,-0.7126167460014649,0.7625188971708556,2.1266536488038295
p195,Element,0.0,0.0,0.0,1.0,1.0,0.0,0.0,0.0,0.0,-0.6417521465763103,-0.37039303910799876,-0.38805565547800425
p196,Getsuen,0.0,0.0,1.0,0.0,1.0,0.0,0.0,1.0,0.0,2.4730301789009546,-0.11868892111539842,-0.09369886866719022
p197,Vermelha,0.0,0.0,0.0,0.0,1.0,0.0,0.0,1.0,0.0,1.2087239576553719,0.34332322219740785,-0.23285269217076446
p198,Boa,0.0,0.0,1.0,0.0,0.0,0.0,0.0,1.0,0.0,1.9576551066311036,-0.5514323295390923,0.30368672157125814
p199,On the Rocks,0.0,0.0,1.0,0.0,0.0,0.0,0.0,1.0,0.0,1.9576551066311036,-0.5514323295390923,0.30368672157125814
p200,Standard,0.0,0.0,1.0,0.0,1.0,0.0,0.0,1.0,0.0,2.4730301789009546,-0.11868892111539842,-0.09369886866719022
