ID,Prodotto,Modularità,Continuità della superficie,Leggerezza visiva,Morbidezza percepita,Trasparenza,Espressività figurativa,Lavorazione artigianale leggibile,Trasformabilità,PC1,PC2,PC3
p001,699 Superleggera,0.0,2.0,3.0,0.0,0.0,1.0,4.0,0.0,-0.2767066665208572,0.9438187238746593,1.283824954257704
p002,646 Leggera,0.0,2.0,3.0,4.0,0.0,1.0,4.0,0.0,0.4259659084167229,0.2506703109874902,1.8185642386804806
p003,LC1,0.0,1.0,4.0,0.0,0.0,1.0,1.0,0.0,-0.6338433180467216,2.2293743645388555,0.4260822192203192
p004,LC2,0.0,2.0,1.0,4.0,0.0,1.0,2.0,0.0,0.6184512783625026,-0.20686643128468601,0.5156475843665577
p005,LC3,0.0,2.0,1.0,4.0,0.0,1.0,2.0,0.0,0.6184512783625026,-0.20686643128468601,0.5156475843665577
p006,LC4,0.0,4.0,1.0,4.0,0.0,3.0,2.0,0.0,2.5301584194677984,-0.6900698932094204,-0.45458725150379975
p007,637 Utrecht,0.0,1.0,1.0,4.0,0.0,1.0,4.0,0.0,0.045592934372622844,-0.6053353478325005,1.62034391897972
p008,635 Red and Blue,0.0,1.0,1.0,0.0,0.0,1.0,4.0,0.0,-0.6570796405649573,0.08781306505466838,1.0856046345569437
p009,280 Zig Zag,0.0,1.0,3.0,0.0,0.0,1.0,4.0,0.0,-0.7455768846984352,1.0304352026854853,1.5172221566016968
p010,412 Cab,0.0,2.0,3.0,0.0,0.0,1.0,1.0,0.0,-0.12072447780240463,1.6714468169126204,-0.023123744146050194
p011,675 Maralunga,1.0,1.0,1.0,4.0,0.0,1.0,2.0,4.0,-1.2019735470706485,-2.1588011462591754,-0.594681512123307
p012,Soriana,0.0,4.0,1.0,4.0,0.0,3.0,2.0,0.0,2.5301584194677984,-0.6900698932094204,-0.45458725150379975
p013,836 Tre Pezzi,0.0,1.0,1.0,4.0,0.0,1.0,2.0,0.0,0.14958106018492454,-0.12024995247385963,0.7490447867105503
p014,523 Tabouret Méribel,0.0,1.0,1.0,0.0,0.0,1.0,4.0,0.0,-0.6570796405649573,0.08781306505466838,1.0856046345569437
p015,522 Tokyo,0.0,4.0,1.0,0.0,0.0,3.0,4.0,0.0,1.7234977187179166,-0.4820068756808923,-0.11802740365740653
p016,529 Rio,0.0,1.0,1.0,0.0,0.0,1.0,4.0,0.0,-0.6570796405649573,0.08781306505466838,1.0856046345569437
p017,Volage Bed,0.0,2.0,1.0,4.0,0.0,1.0,2.0,0.0,0.6184512783625026,-0.20686643128468601,0.5156475843665577
p018,241 Privé,1.0,1.0,1.0,4.0,0.0,1.0,2.0,0.0,-0.1456645242019126,-0.49643370604245174,0.672410518456694
p019,381 Torei,0.0,1.0,1.0,0.0,0.0,1.0,4.0,0.0,-0.6570796405649573,0.08781306505466838,1.0856046345569437
p020,413 Cab,0.0,2.0,1.0,0.0,0.0,1.0,1.0,0.0,-0.03222723366892662,0.7288246792818034,-0.45474126619080346
p021,UP5_6,0.0,4.0,1.0,4.0,0.0,3.0,2.0,0.0,2.5301584194677984,-0.6900698932094204,-0.45458725150379975
p022,Camaleonda,4.0,1.0,1.0,4.0,0.0,1.0,4.0,2.0,-1.6635439146090936,-2.9412540822152304,0.6802608306742941
p023,Le Bambole,0.0,4.0,1.0,4.0,0.0,3.0,2.0,0.0,2.5301584194677984,-0.6900698932094204,-0.45458725150379975
p024,Bend-Sofa,1.0,1.0,1.0,4.0,0.0,1.0,2.0,0.0,-0.1456645242019126,-0.49643370604245174,0.672410518456694
p025,Charles,1.0,1.0,1.0,4.0,0.0,1.0,2.0,0.0,-0.1456645242019126,-0.49643370604245174,0.672410518456694
p026,Tufty-Time,4.0,1.0,1.0,4.0,0.0,1.0,2.0,2.0,-1.559555788796792,-2.4561686868565893,-0.19103830159487553
p027,Husk,0.0,4.0,1.0,4.0,0.0,3.0,2.0,0.0,2.5301584194677984,-0.6900698932094204,-0.45458725150379975
p028,Papilio,0.0,4.0,3.0,4.0,0.0,3.0,2.0,0.0,2.4416611753343207,0.2525522444213966,-0.022969729459046538
p029,Tobi-Ishi,0.0,1.0,1.0,0.0,0.0,1.0,4.0,0.0,-0.6570796405649573,0.08781306505466838,1.0856046345569437
p030,Pianura,1.0,1.0,1.0,4.0,0.0,1.0,4.0,0.0,-0.2496526500142143,-0.9815191014010926,1.5437096507258636
p031,Diesis,1.0,1.0,1.0,4.0,0.0,1.0,2.0,0.0,-0.1456645242019126,-0.49643370604245174,0.672410518456694
p032,Alanda,0.0,1.0,1.0,0.0,4.0,1.0,1.0,0.0,-1.211793548683672,1.5188603027010803,-1.7108944516397406
p033,D.154.2,0.0,4.0,1.0,4.0,0.0,3.0,4.0,0.0,2.4261702936554963,-1.1751552885680614,0.4167118807653698
p034,D.153.1,0.0,2.0,1.0,4.0,0.0,1.0,2.0,0.0,0.6184512783625026,-0.20686643128468601,0.5156475843665577
p035,D.655.1,0.0,1.0,1.0,0.0,0.0,1.0,4.0,0.0,-0.6570796405649573,0.08781306505466838,1.0856046345569437
p036,D.859.1,0.0,1.0,1.0,0.0,0.0,1.0,4.0,0.0,-0.6570796405649573,0.08781306505466838,1.0856046345569437
p037,D.552.2,0.0,1.0,1.0,0.0,4.0,1.0,4.0,0.0,-1.3677757374021244,0.7912322096631191,-0.40394575323598625
p038,505 UP,4.0,1.0,1.0,0.0,0.0,1.0,4.0,2.0,-2.3662164895466735,-2.2481056693280608,0.14552154625151772
p039,Graduate,0.0,1.0,4.0,0.0,0.0,1.0,4.0,0.0,-0.789825506765174,1.501746271500894,1.7330309176240735
p040,LessLess,0.0,1.0,1.0,0.0,0.0,1.0,1.0,0.0,-0.5010974518465048,0.8154411580926296,-0.2213440638468107
p041,Vanity Fair,0.0,2.0,1.0,4.0,0.0,1.0,4.0,0.0,0.5144631525502009,-0.6919518266433269,1.3869467166357272
p042,1919,0.0,2.0,1.0,4.0,0.0,1.0,4.0,0.0,0.5144631525502009,-0.6919518266433269,1.3869467166357272
p043,Archibald,0.0,4.0,1.0,4.0,0.0,3.0,2.0,0.0,2.5301584194677984,-0.6900698932094204,-0.45458725150379975
p044,Dezza,0.0,2.0,1.0,4.0,0.0,1.0,4.0,0.0,0.5144631525502009,-0.6919518266433269,1.3869467166357272
p045,Sanluca,0.0,1.0,1.0,4.0,0.0,1.0,4.0,0.0,0.045592934372622844,-0.6053353478325005,1.62034391897972
p046,Intervista,0.0,2.0,1.0,4.0,0.0,1.0,2.0,0.0,0.6184512783625026,-0.20686643128468601,0.5156475843665577
p047,Chester,1.0,1.0,1.0,4.0,0.0,1.0,4.0,0.0,-0.2496526500142143,-0.9815191014010926,1.5437096507258636
p048,Willy,0.0,2.0,1.0,4.0,0.0,1.0,4.0,0.0,0.5144631525502009,-0.6919518266433269,1.3869467166357272
p049,Ginger,0.0,2.0,3.0,4.0,0.0,1.0,4.0,0.0,0.4259659084167229,0.2506703109874902,1.8185642386804806
p050,Isidoro,0.0,1.0,1.0,4.0,0.0,1.0,4.0,0.0,0.045592934372622844,-0.6053353478325005,1.62034391897972
p051,Sacco,0.0,4.0,1.0,4.0,0.0,4.0,2.0,0.0,3.0171417718428684,-0.845055145360961,-0.7063074670949857
p052,Mezzadro,0.0,1.0,1.0,0.0,0.0,4.0,4.0,0.0,0.8038704165602519,-0.37714269139995416,0.3304439877833856
p053,Sella,0.0,1.0,1.0,0.0,0.0,4.0,1.0,0.0,0.9598526052787044,0.3504854016380072,-0.9765047106203688
p054,Quaderna Table,0.0,1.0,1.0,0.0,0.0,4.0,4.0,0.0,0.8038704165602519,-0.37714269139995416,0.3304439877833856
p055,Sciangai,0.0,1.0,1.0,0.0,0.0,1.0,4.0,4.0,-1.7133886634336932,-1.5745543751620554,-0.18148739602305747
p056,Tonietta,0.0,2.0,3.0,0.0,0.0,1.0,1.0,0.0,-0.12072447780240463,1.6714468169126204,-0.023123744146050194
p057,Reale CM,0.0,1.0,1.0,0.0,4.0,1.0,4.0,0.0,-1.3677757374021244,0.7912322096631191,-0.40394575323598625
p058,Cavour CM,0.0,1.0,1.0,0.0,4.0,1.0,4.0,0.0,-1.3677757374021244,0.7912322096631191,-0.40394575323598625
p059,Arabesco CM,0.0,1.0,1.0,0.0,4.0,1.0,4.0,0.0,-1.3677757374021244,0.7912322096631191,-0.40394575323598625
p060,Gilda CM,0.0,2.0,1.0,4.0,0.0,1.0,4.0,4.0,-0.541845870318535,-2.3543192668600508,0.1198546860557262
p061,Cumano,0.0,1.0,1.0,0.0,0.0,1.0,1.0,4.0,-1.5574064747152407,-0.8469262821240942,-1.4884360944268118
p062,Joy,4.0,1.0,1.0,0.0,0.0,1.0,4.0,4.0,-2.8943710009810415,-3.079289389436423,-0.4880244690384828
p063,Allunaggio,0.0,1.0,3.0,0.0,0.0,1.0,1.0,0.0,-0.5895946959799827,1.7580632957234466,0.2102734581979425
p064,Milo CM,0.0,1.0,1.0,0.0,4.0,1.0,1.0,0.0,-1.211793548683672,1.5188603027010803,-1.7108944516397406
p065,Servomuto,0.0,1.0,1.0,0.0,0.0,1.0,1.0,0.0,-0.5010974518465048,0.8154411580926296,-0.2213440638468107
p066,Componibili,4.0,1.0,1.0,0.0,0.0,1.0,1.0,2.0,-2.2102343008282213,-1.5204775762900997,-1.1614271521522366
p067,Louis Ghost,0.0,1.0,3.0,0.0,4.0,1.0,1.0,0.0,-1.3002907928171499,2.4614824403318973,-1.2792769295949875
p068,Masters,0.0,2.0,3.0,0.0,0.0,1.0,1.0,0.0,-0.12072447780240463,1.6714468169126204,-0.023123744146050194
p069,La Marie,0.0,2.0,3.0,0.0,4.0,1.0,1.0,0.0,-0.8314205746395718,2.374865961521071,-1.51267413193898
p070,Bookworm,0.0,4.0,1.0,0.0,0.0,4.0,1.0,4.0,1.3101542369427028,-1.5717314750111955,-2.943788348232348
p071,Maui,0.0,4.0,3.0,1.0,0.0,3.0,1.0,0.0,1.9666508070372861,1.0149562517660937,-0.8596737589107135
p072,A.I.,0.0,2.0,3.0,0.0,0.0,1.0,1.0,0.0,-0.12072447780240463,1.6714468169126204,-0.023123744146050194
p073,Victoria Ghost,0.0,1.0,3.0,0.0,4.0,1.0,1.0,0.0,-1.3002907928171499,2.4614824403318973,-1.2792769295949875
p074,Dr. Glob,0.0,2.0,3.0,0.0,0.0,1.0,1.0,0.0,-0.12072447780240463,1.6714468169126204,-0.023123744146050194
p075,La Bohème,0.0,4.0,1.0,0.0,4.0,3.0,1.0,4.0,0.11247478773046599,-0.713327078251204,-4.181618520434092
p076,Bubble Club,1.0,1.0,1.0,0.0,0.0,1.0,1.0,0.0,-0.7963430362333418,0.4392574045240377,-0.29797833210066704
p077,Mobil,0.0,1.0,1.0,0.0,0.0,1.0,1.0,0.0,-0.5010974518465048,0.8154411580926296,-0.2213440638468107
p078,Chair_One,0.0,1.0,4.0,0.0,0.0,1.0,1.0,0.0,-0.6338433180467216,2.2293743645388555,0.4260822192203192
p079,Air-Chair,0.0,2.0,3.0,0.0,0.0,1.0,1.0,0.0,-0.12072447780240463,1.6714468169126204,-0.023123744146050194
p080,Spun,0.0,4.0,1.0,0.0,0.0,4.0,1.0,4.0,1.3101542369427028,-1.5717314750111955,-2.943788348232348
p081,Bombo,0.0,1.0,1.0,0.0,0.0,1.0,1.0,0.0,-0.5010974518465048,0.8154411580926296,-0.2213440638468107
p082,Steelwood Chair,0.0,2.0,3.0,0.0,0.0,1.0,4.0,0.0,-0.2767066665208572,0.9438187238746593,1.283824954257704
p083,360° Container,4.0,1.0,1.0,0.0,0.0,1.0,1.0,4.0,-2.7383888122625892,-2.3516612963984613,-1.7949731674422371
p084,Officina Chair,0.0,2.0,3.0,0.0,0.0,1.0,1.0,0.0,-0.12072447780240463,1.6714468169126204,-0.023123744146050194
p085,Sam Son,0.0,4.0,1.0,1.0,0.0,3.0,1.0,0.0,2.055148051170764,0.07233411413527677,-1.2912912809554669
p086,Voido,0.0,4.0,1.0,0.0,0.0,3.0,1.0,0.0,1.879479907436369,0.24562121735706902,-1.4249761020611609
p087,Puppy,0.0,1.0,1.0,0.0,0.0,1.0,1.0,0.0,-0.5010974518465048,0.8154411580926296,-0.2213440638468107
p088,Costes,0.0,1.0,3.0,4.0,0.0,1.0,4.0,0.0,-0.042904309760855124,0.3372867897983164,2.0519614410244733
p089,Nemo,0.0,4.0,1.0,0.0,0.0,4.0,1.0,0.0,2.366463259811439,0.09063596520552822,-1.676696317652347
p090,Roly Poly,0.0,4.0,1.0,1.0,0.0,3.0,1.0,0.0,2.055148051170764,0.07233411413527677,-1.2912912809554669
p091,Toy,0.0,2.0,3.0,0.0,0.0,1.0,1.0,0.0,-0.12072447780240463,1.6714468169126204,-0.023123744146050194
p092,Sof Sof,0.0,1.0,4.0,4.0,0.0,1.0,2.0,0.0,0.016835193984707602,1.2936832539723657,1.3964710697776803
p093,Tokyo-Pop,0.0,4.0,1.0,0.0,0.0,3.0,1.0,0.0,1.879479907436369,0.24562121735706902,-1.4249761020611609
p094,Lou Read,0.0,4.0,1.0,4.0,0.0,3.0,2.0,0.0,2.5301584194677984,-0.6900698932094204,-0.45458725150379975
p095,Sissi,0.0,2.0,3.0,0.0,0.0,1.0,1.0,0.0,-0.12072447780240463,1.6714468169126204,-0.023123744146050194
p096,Proust,0.0,2.0,1.0,4.0,0.0,4.0,4.0,0.0,1.97541320967541,-1.1569075830979496,0.6317860698621692
p097,Embryo,0.0,4.0,1.0,4.0,0.0,3.0,2.0,0.0,2.5301584194677984,-0.6900698932094204,-0.45458725150379975
p098,Thinking Man's Chair,0.0,1.0,4.0,0.0,0.0,1.0,1.0,0.0,-0.6338433180467216,2.2293743645388555,0.4260822192203192
p099,Peacock,0.0,4.0,1.0,4.0,0.0,3.0,4.0,0.0,2.4261702936554963,-1.1751552885680614,0.4167118807653698
p100,Ribbon,0.0,1.0,1.0,0.0,0.0,1.0,1.0,0.0,-0.5010974518465048,0.8154411580926296,-0.2213440638468107
p101,S-Chair,0.0,1.0,3.0,0.0,0.0,1.0,1.0,0.0,-0.5895946959799827,1.7580632957234466,0.2102734581979425
p102,Felt Chair,0.0,4.0,1.0,0.0,0.0,3.0,1.0,0.0,1.879479907436369,0.24562121735706902,-1.4249761020611609
p103,Cloud,4.0,1.0,1.0,0.0,0.0,1.0,1.0,2.0,-2.2102343008282213,-1.5204775762900997,-1.1614271521522366
p104,Lady,0.0,2.0,1.0,4.0,0.0,1.0,2.0,0.0,0.6184512783625026,-0.20686643128468601,0.5156475843665577
p105,Martingala,0.0,2.0,1.0,4.0,0.0,1.0,2.0,0.0,0.6184512783625026,-0.20686643128468601,0.5156475843665577
p106,Woodline,0.0,1.0,4.0,0.0,0.0,1.0,4.0,0.0,-0.789825506765174,1.501746271500894,1.7330309176240735
p107,Strips,4.0,1.0,1.0,4.0,0.0,1.0,4.0,2.0,-1.6635439146090936,-2.9412540822152304,0.6802608306742941
p108,Botolo,0.0,4.0,1.0,4.0,0.0,3.0,2.0,0.0,2.5301584194677984,-0.6900698932094204,-0.45458725150379975
p109,Marenco,1.0,4.0,1.0,4.0,0.0,3.0,4.0,0.0,2.130924709268659,-1.5513390421366529,0.34007761251151347
p110,Big Easy,0.0,2.0,1.0,4.0,0.0,1.0,2.0,0.0,0.6184512783625026,-0.20686643128468601,0.5156475843665577
p111,Shadowy,0.0,4.0,1.0,0.0,0.0,3.0,1.0,0.0,1.879479907436369,0.24562121735706902,-1.4249761020611609
p112,Fjord,0.0,4.0,1.0,4.0,0.0,3.0,2.0,0.0,2.5301584194677984,-0.6900698932094204,-0.45458725150379975
p113,Antibodi,0.0,4.0,1.0,4.0,0.0,3.0,4.0,0.0,2.4261702936554963,-1.1751552885680614,0.4167118807653698
p114,Tropicalia,0.0,1.0,4.0,0.0,0.0,1.0,1.0,0.0,-0.6338433180467216,2.2293743645388555,0.4260822192203192
p115,Take a Line for a Walk,0.0,4.0,1.0,4.0,0.0,3.0,2.0,0.0,2.5301584194677984,-0.6900698932094204,-0.45458725150379975
p116,Ruff,0.0,4.0,1.0,4.0,0.0,3.0,2.0,0.0,2.5301584194677984,-0.6900698932094204,-0.45458725150379975
p117,Supernatural,0.0,1.0,4.0,0.0,0.0,1.0,1.0,0.0,-0.6338433180467216,2.2293743645388555,0.4260822192203192
p118,Bocca,1.0,4.0,1.0,4.0,0.0,4.0,2.0,0.0,2.7218961874560312,-1.2212388989295528,-0.782941735348842
p119,Pratone,0.0,1.0,1.0,4.0,0.0,4.0,2.0,0.0,1.6105311173101335,-0.5852057089284822,-0.0061158600630076745
p120,Cactus,0.0,1.0,1.0,4.0,0.0,4.0,2.0,0.0,1.6105311173101335,-0.5852057089284822,-0.0061158600630076745
p121,Capitello,0.0,1.0,1.0,4.0,0.0,4.0,2.0,0.0,1.6105311173101335,-0.5852057089284822,-0.0061158600630076745
p122,Detecma,0.0,4.0,1.0,4.0,0.0,4.0,2.0,0.0,3.0171417718428684,-0.845055145360961,-0.7063074670949857
p123,Carlton,0.0,1.0,1.0,0.0,0.0,4.0,4.0,0.0,0.8038704165602519,-0.37714269139995416,0.3304439877833856
p124,Casablanca,0.0,1.0,1.0,0.0,0.0,4.0,4.0,0.0,0.8038704165602519,-0.37714269139995416,0.3304439877833856
p125,Beverly,0.0,1.0,1.0,0.0,0.0,4.0,4.0,0.0,0.8038704165602519,-0.37714269139995416,0.3304439877833856
p126,First,0.0,1.0,3.0,0.0,0.0,4.0,4.0,0.0,0.715373172426774,0.5654794462308629,0.7620615098281388
p127,Tawaraya,1.0,1.0,1.0,4.0,0.0,4.0,4.0,0.0,1.2112974071109948,-1.4464748578557152,0.7885490039523055
p128,Bedrock Plank,0.0,1.0,1.0,0.0,0.0,1.0,4.0,0.0,-0.6570796405649573,0.08781306505466838,1.0856046345569437
p129,Kauri Piano Antico,0.0,1.0,1.0,0.0,0.0,1.0,4.0,0.0,-0.6570796405649573,0.08781306505466838,1.0856046345569437
p130,Molletta,0.0,1.0,1.0,0.0,0.0,4.0,4.0,0.0,0.8038704165602519,-0.37714269139995416,0.3304439877833856
p131,Maui,0.0,4.0,1.0,1.0,0.0,3.0,4.0,0.0,1.8991658624523116,-0.6552939789026845,0.015657417448287587
p132,Piano Design Table,0.0,1.0,1.0,0.0,0.0,1.0,4.0,0.0,-0.6570796405649573,0.08781306505466838,1.0856046345569437
p133,Carimate,0.0,2.0,3.0,0.0,0.0,1.0,4.0,0.0,-0.2767066665208572,0.9438187238746593,1.283824954257704
p134,Raffles,1.0,1.0,1.0,4.0,0.0,1.0,4.0,0.0,-0.2496526500142143,-0.9815191014010926,1.5437096507258636
p135,Incisa,0.0,4.0,1.0,1.0,0.0,3.0,4.0,0.0,1.8991658624523116,-0.6552939789026845,0.015657417448287587
p136,Vidun,0.0,1.0,1.0,0.0,4.0,1.0,4.0,4.0,-2.42408476027086,-0.8711352305536046,-1.6710377838159873
p137,Silver,0.0,1.0,4.0,0.0,0.0,1.0,1.0,0.0,-0.6338433180467216,2.2293743645388555,0.4260822192203192
p138,Tondo 05,0.0,2.0,1.0,4.0,0.0,1.0,2.0,0.0,0.6184512783625026,-0.20686643128468601,0.5156475843665577
p139,Groundpiece,4.0,1.0,1.0,4.0,0.0,1.0,4.0,2.0,-1.6635439146090936,-2.9412540822152304,0.6802608306742941
p140,Lifesteel,1.0,1.0,1.0,4.0,0.0,1.0,2.0,0.0,-0.1456645242019126,-0.49643370604245174,0.672410518456694
p141,A.B.C.,0.0,2.0,1.0,4.0,0.0,1.0,2.0,0.0,0.6184512783625026,-0.20686643128468601,0.5156475843665577
p142,Feel Good,0.0,4.0,1.0,4.0,0.0,3.0,2.0,0.0,2.5301584194677984,-0.6900698932094204,-0.45458725150379975
p143,Minimo,0.0,1.0,1.0,0.0,0.0,1.0,4.0,0.0,-0.6570796405649573,0.08781306505466838,1.0856046345569437
p144,Load-it,4.0,1.0,1.0,0.0,0.0,1.0,4.0,2.0,-2.3662164895466735,-2.2481056693280608,0.14552154625151772
p145,System,4.0,1.0,1.0,0.0,0.0,1.0,4.0,2.0,-2.3662164895466735,-2.2481056693280608,0.14552154625151772
p146,Spindle,0.0,2.0,3.0,0.0,0.0,1.0,4.0,0.0,-0.2767066665208572,0.9438187238746593,1.283824954257704
p147,Wall System,4.0,1.0,1.0,0.0,0.0,1.0,4.0,2.0,-2.3662164895466735,-2.2481056693280608,0.14552154625151772
p148,Ipanema,0.0,2.0,3.0,4.0,0.0,1.0,4.0,0.0,0.4259659084167229,0.2506703109874902,1.8185642386804806
p149,Concorde,0.0,1.0,1.0,0.0,0.0,1.0,4.0,0.0,-0.6570796405649573,0.08781306505466838,1.0856046345569437
p150,Mondrian,1.0,1.0,1.0,4.0,0.0,1.0,2.0,0.0,-0.1456645242019126,-0.49643370604245174,0.672410518456694
p151,Random,4.0,1.0,1.0,0.0,0.0,1.0,4.0,2.0,-2.3662164895466735,-2.2481056693280608,0.14552154625151772
p152,Tense,0.0,1.0,1.0,0.0,0.0,1.0,1.0,0.0,-0.5010974518465048,0.8154411580926296,-0.2213440638468107
p153,Flow Chair,0.0,4.0,3.0,1.0,0.0,3.0,4.0,0.0,1.8106686183188336,0.28732815872813244,0.44727493949304076
p154,Aluminium Bed,0.0,2.0,1.0,0.0,0.0,1.0,1.0,0.0,-0.03222723366892662,0.7288246792818034,-0.45474126619080346
p155,Minima 3.0,4.0,1.0,1.0,0.0,0.0,1.0,1.0,2.0,-2.2102343008282213,-1.5204775762900997,-1.1614271521522366
p156,Air Table,0.0,1.0,4.0,0.0,4.0,1.0,4.0,0.0,-1.5005216036023412,2.2051654161093452,0.2434805298311436
p157,Air Bed,0.0,2.0,1.0,0.0,4.0,1.0,4.0,0.0,-0.8989055192245463,0.7046157308522928,-0.637342955579979
p158,Air Sofa,4.0,1.0,1.0,4.0,4.0,1.0,2.0,2.0,-2.270251885633959,-1.7527495422481385,-1.6805886893878055
p159,36e8,4.0,1.0,1.0,0.0,0.0,1.0,4.0,2.0,-2.3662164895466735,-2.2481056693280608,0.14552154625151772
p160,Tangram,0.0,1.0,1.0,0.0,0.0,1.0,4.0,0.0,-0.6570796405649573,0.08781306505466838,1.0856046345569437
p161,Catifa 46,0.0,4.0,3.0,1.0,0.0,3.0,1.0,0.0,1.9666508070372861,1.0149562517660937,-0.8596737589107135
p162,Catifa 53,0.0,4.0,3.0,1.0,0.0,3.0,1.0,0.0,1.9666508070372861,1.0149562517660937,-0.8596737589107135
p163,Leaf,0.0,1.0,4.0,0.0,0.0,1.0,1.0,0.0,-0.6338433180467216,2.2293743645388555,0.4260822192203192
p164,Saya,0.0,2.0,3.0,0.0,0.0,1.0,4.0,0.0,-0.2767066665208572,0.9438187238746593,1.283824954257704
p165,Frida,0.0,2.0,3.0,0.0,0.0,1.0,4.0,0.0,-0.2767066665208572,0.9438187238746593,1.283824954257704
p166,Nemea,0.0,2.0,3.0,0.0,0.0,1.0,4.0,0.0,-0.2767066665208572,0.9438187238746593,1.283824954257704
p167,Nolita,0.0,1.0,4.0,0.0,0.0,1.0,1.0,0.0,-0.6338433180467216,2.2293743645388555,0.4260822192203192
p168,Pasha,0.0,1.0,1.0,0.0,4.0,1.0,1.0,0.0,-1.211793548683672,1.5188603027010803,-1.7108944516397406
p169,Re-vive,0.0,4.0,1.0,4.0,0.0,3.0,2.0,4.0,1.4738493965990622,-2.352437333426144,-1.7216792820838007
p170,Herman,0.0,1.0,1.0,0.0,0.0,1.0,1.0,0.0,-0.5010974518465048,0.8154411580926296,-0.2213440638468107
p171,Colle,1.0,4.0,1.0,4.0,0.0,3.0,4.0,0.0,2.130924709268659,-1.5513390421366529,0.34007761251151347
p172,Artematica,4.0,1.0,1.0,0.0,4.0,1.0,4.0,2.0,-3.0769125863838407,-1.5446865247196102,-1.3440288415414121
p173,Ola,4.0,1.0,1.0,0.0,0.0,1.0,4.0,2.0,-2.3662164895466735,-2.2481056693280608,0.14552154625151772
p174,LiberaMente,4.0,1.0,1.0,0.0,0.0,1.0,4.0,2.0,-2.3662164895466735,-2.2481056693280608,0.14552154625151772
p175,Immagina,4.0,1.0,1.0,0.0,0.0,1.0,4.0,2.0,-2.3662164895466735,-2.2481056693280608,0.14552154625151772
p176,Skorpio,0.0,1.0,1.0,0.0,4.0,1.0,1.0,0.0,-1.211793548683672,1.5188603027010803,-1.7108944516397406
p177,Gordon,0.0,1.0,1.0,0.0,0.0,1.0,4.0,0.0,-0.6570796405649573,0.08781306505466838,1.0856046345569437
p178,Spyder,0.0,1.0,1.0,0.0,4.0,1.0,1.0,0.0,-1.211793548683672,1.5188603027010803,-1.7108944516397406
p179,Airport,4.0,1.0,1.0,0.0,0.0,1.0,4.0,2.0,-2.3662164895466735,-2.2481056693280608,0.14552154625151772
p180,Ghost,0.0,4.0,4.0,0.0,4.0,3.0,1.0,0.0,1.036037944398985,2.3629735684117454,-2.2671002067869606
p181,Ragno,0.0,1.0,1.0,0.0,4.0,1.0,1.0,0.0,-1.211793548683672,1.5188603027010803,-1.7108944516397406
p182,Llt,0.0,1.0,4.0,0.0,4.0,1.0,1.0,0.0,-1.3445394148838887,2.9327935091473063,-1.0634681685726108
p183,Caadre,0.0,1.0,1.0,0.0,4.0,1.0,1.0,0.0,-1.211793548683672,1.5188603027010803,-1.7108944516397406
p184,Shimmer,0.0,1.0,1.0,0.0,4.0,1.0,1.0,0.0,-1.211793548683672,1.5188603027010803,-1.7108944516397406
p185,Fragment paravento,0.0,1.0,1.0,0.0,4.0,1.0,1.0,0.0,-1.211793548683672,1.5188603027010803,-1.7108944516397406
p186,Prism Glass Wardrobe,0.0,1.0,1.0,0.0,4.0,1.0,1.0,0.0,-1.211793548683672,1.5188603027010803,-1.7108944516397406
p187,Deep Sea,4.0,1.0,1.0,0.0,4.0,1.0,1.0,2.0,-2.920930397665388,-0.8170584316816489,-2.6509775399451665
p188,Spaghetti,0.0,1.0,4.0,0.0,0.0,1.0,1.0,0.0,-0.6338433180467216,2.2293743645388555,0.4260822192203192
p189,Seconda,0.0,1.0,3.0,4.0,0.0,1.0,2.0,0.0,0.06108381605144656,0.8223721851569572,1.1806623087553039
p190,Laleggera,0.0,2.0,3.0,4.0,0.0,1.0,4.0,0.0,0.4259659084167229,0.2506703109874902,1.8185642386804806
p191,Bigframe 44,0.0,1.0,4.0,4.0,0.0,1.0,2.0,0.0,0.016835193984707602,1.2936832539723657,1.3964710697776803
p192,Softer Than Steel,0.0,1.0,1.0,0.0,0.0,1.0,1.0,0.0,-0.5010974518465048,0.8154411580926296,-0.2213440638468107
p193,Clay,0.0,1.0,1.0,0.0,0.0,1.0,1.0,0.0,-0.5010974518465048,0.8154411580926296,-0.2213440638468107
p194,Helsinki,0.0,1.0,1.0,0.0,4.0,1.0,1.0,0.0,-1.211793548683672,1.5188603027010803,-1.7108944516397406
p195,Element,0.0,1.0,1.0,0.0,0.0,1.0,4.0,0.0,-0.6570796405649573,0.08781306505466838,1.0856046345569437
p196,Getsuen,0.0,4.0,1.0,4.0,0.0,3.0,2.0,0.0,2.5301584194677984,-0.6900698932094204,-0.45458725150379975
p197,Vermelha,0.0,1.0,4.0,0.0,0.0,1.0,1.0,0.0,-0.6338433180467216,2.2293743645388555,0.4260822192203192
p198,Boa,1.0,4.0,1.0,4.0,0.0,3.0,2.0,0.0,2.2349128350809613,-1.066253646778012,-0.5312215197576561
p199,On the Rocks,4.0,1.0,1.0,4.0,0.0,1.0,2.0,4.0,-2.08771030023116,-3.287352406964951,-0.824584316884876
p200,Standard,1.0,1.0,1.0,4.0,0.0,1.0,2.0,4.0,-1.2019735470706485,-2.1588011462591754,-0.594681512123307
