ID,Prodotto,Impresa,Designer,Anno riferimento,Stato anno,Tipologia,Materiali,L mm,H mm,P mm,Stato dimensioni,Fattore di iconicità,Fonte
p001,699 Superleggera,Cassina,Gio Ponti,1957,Anno riscontrato nella fonte specifica,Sedia,"frassino, canna",410,830,450,Ingombro ipotetico di studio,La ricerca sulla leggerezza trasforma la tradizione della sedia di Chiavari in un prodotto industriale.,https://www.cassina.com/it/it/prodotti/superleggera.html
p002,646 Leggera,Cassina,Gio Ponti,1951,Cronologia di riferimento da consolidare,Sedia,"frassino, tessuto",450,850,470,Ingombro ipotetico di studio,È una tappa della ricerca di Ponti sulla riduzione di peso e materia.,https://www.cassina.com/it/it/prodotti/leggera.html
p003,LC1,Cassina,"Le Corbusier, Pierre Jeanneret, Charlotte Perriand",1928,Cronologia di riferimento da consolidare,Poltrona,"acciaio, cuoio",600,650,650,Ingombro ipotetico di studio,La separazione fra struttura e superficie d'appoggio rende leggibile il progetto modernista.,https://www.cassina.com/it/it/prodotti/lc1.html
p004,LC2,Cassina,"Le Corbusier, Pierre Jeanneret, Charlotte Perriand",1928,Cronologia di riferimento da consolidare,Poltrona,"acciaio, pelle, poliuretano",760,670,700,Ingombro ipotetico di studio,Il telaio esposto rovescia il rapporto tradizionale fra imbottitura e struttura.,https://www.cassina.com/ww/en/products/lc2-divano.html
p005,LC3,Cassina,"Le Corbusier, Pierre Jeanneret, Charlotte Perriand",1928,Cronologia di riferimento da consolidare,Poltrona,"acciaio, pelle, poliuretano",990,620,730,Ingombro ipotetico di studio,La proporzione Grand Confort estende il linguaggio del mobile razionalista.,https://www.cassina.com/it/it/prodotti/lc3-poltrona.html
p006,LC4,Cassina,"Le Corbusier, Pierre Jeanneret, Charlotte Perriand",1928,Cronologia di riferimento da consolidare,Chaise longue,"acciaio, pelle",560,690,1600,Ingombro ipotetico di studio,L'idea della macchina per riposare lega ergonomia e meccanica visibile.,https://www.cassina.com/fr/fr/products/lc4-durable.html
p007,637 Utrecht,Cassina,Gerrit T. Rietveld,1935,Cronologia di riferimento da consolidare,Poltrona,"legno, tessuto, poliuretano",850,880,860,Ingombro ipotetico di studio,L'astrazione dei piani del neoplasticismo incontra la seduta imbottita.,https://www.cassina.com/nl/en/products/utrecht-xl.html
p008,635 Red and Blue,Cassina,Gerrit T. Rietveld,1918,Anno riscontrato nella fonte specifica,Poltrona,"faggio, laccato",660,880,830,Ingombro ipotetico di studio,Il mobile traduce la scomposizione spaziale De Stijl in un oggetto domestico; la colorazione è successiva al primo progetto.,https://www.cassina.com/it/it/prodotti/red-and-blue-online.html
p009,280 Zig Zag,Cassina,Gerrit T. Rietveld,1934,Anno riscontrato nella fonte specifica,Sedia,ciliegio,370,740,430,Ingombro ipotetico di studio,L'incastro e la diagonale mettono alla prova la consueta struttura della sedia.,https://www.cassina.com/ww/en/products/zig-zag.html
p010,412 Cab,Cassina,Mario Bellini,1977,Anno riscontrato nella fonte specifica,Sedia,"acciaio, cuoio",520,820,470,Ingombro ipotetico di studio,Il rapporto fra scheletro metallico e pelle autoportante introduce un modo riconoscibile di costruire la seduta.,https://www.cassina.com/it/it/prodotti/cab-412.html
p011,675 Maralunga,Cassina,Vico Magistretti,1973,Anno riscontrato nella fonte specifica,Divano,"acciaio, tessuto, poliuretano",2050,820,970,Ingombro ipotetico di studio,Il Compasso d'Oro del 1979 riconosce la soluzione che modifica il comfort senza cambiare divano.,https://www.cassina.com/it/it/prodotti/maralunga.html
p012,Soriana,Cassina,Afra e Tobia Scarpa,1969,Anno riscontrato nella fonte specifica,Poltrona,"acciaio, tessuto, poliuretano",850,880,860,Ingombro ipotetico di studio,Il Compasso d'Oro del 1970 premia una costruzione che affida la forma alla compressione esterna.,https://www.cassina.com/it/it/prodotti/soriana-sofa.html
p013,836 Tre Pezzi,Cassina,Franco Albini e Franca Helg,1959,Anno riscontrato nella fonte specifica,Poltrona,"acciaio, tessuto, poliuretano",850,880,860,Ingombro ipotetico di studio,La scomposizione degli appoggi rende la seduta un sistema di elementi leggibili.,https://www.cassina.com/it/it/prodotti/tre-pezzi.html
p014,523 Tabouret Méribel,Cassina,Charlotte Perriand,1961,Cronologia di riferimento da consolidare,Sgabello,rovere,330,380,330,Ingombro ipotetico di studio,La lavorazione del legno porta nel catalogo industriale una sintesi dell'arredo di montagna.,https://www.cassina.com/ww/fr/products/tabouret-meribel.html
p015,522 Tokyo,Cassina,Charlotte Perriand,1940,Cronologia di riferimento da consolidare,Chaise longue,bambu,650,850,1600,Ingombro ipotetico di studio,Il progetto collega la ricerca ergonomica di Perriand alle tecniche incontrate in Giappone.,https://www.cassina.com/it/it/prodotti/ombra-tokyo.html
p016,529 Rio,Cassina,Charlotte Perriand,1962,Anno riscontrato nella fonte specifica,Tavolino,"legno, canna",1400,330,1400,Ingombro ipotetico di studio,La geometria radiale intreccia pieni e vuoti su un oggetto conviviale.,https://www.cassina.com/it/it/prodotti/rio.html
p017,Volage Bed,Cassina,Philippe Starck,2012,Anno riscontrato nella fonte specifica,Letto,"alluminio, pelle, poliuretano",1800,900,2200,Ingombro ipotetico di studio,L'imbottitura classica viene riletta come superficie modulare leggera.,https://www.cassina.com/it/it/prodotti/volage.html
p018,241 Privé,Cassina,Philippe Starck,2007,Anno riscontrato nella fonte specifica,Divano,"acciaio, pelle, poliuretano",2300,860,930,Ingombro ipotetico di studio,La regolazione degli appoggi introduce una lettura tecnica del comfort domestico.,https://www.cassina.com/fr/fr/products/prive-divano.html
p019,381 Torei,Cassina,Luca Nichetto,2012,Cronologia di riferimento da consolidare,Tavolino,"frassino, marmo",950,400,660,Ingombro ipotetico di studio,La famiglia di tavolini usa variazioni di altezza e materiale come dispositivo compositivo.,https://www.cassina.com/it/it/prodotti/torei.html
p020,413 Cab,Cassina,Mario Bellini,1977,Cronologia di riferimento da consolidare,Poltrona,"acciaio, cuoio",600,820,520,Ingombro ipotetico di studio,Estende il principio costruttivo della Cab a una postura più raccolta.,https://www.cassina.com/gb/en/products/cab-413.html
p021,UP5_6,B&B Italia,Gaetano Pesce,1969,Cronologia di riferimento da consolidare,Poltrona,"poliuretano, tessuto",850,880,860,Ingombro ipotetico di studio,La metafora della donna e della palla al piede rende la seduta un messaggio sociale; il progetto riceve il Compasso d'Oro alla carriera nel 2022.,https://www.bebitalia.com/it-it/productpdf/download/file/id/560/name/Up_50.pdf/
p022,Camaleonda,B&B Italia,Mario Bellini,1970,Cronologia di riferimento da consolidare,Divano,"legno, tessuto, poliuretano",2300,820,950,Ingombro ipotetico di studio,La modularità rende il divano un paesaggio abitabile; la riedizione del 2020 rinnova il progetto.,https://product-identity.bebitalia.com/it/camaleonda-divani/
p023,Le Bambole,B&B Italia,Mario Bellini,1972,Cronologia di riferimento da consolidare,Poltrona,"tessuto, poliuretano",850,880,860,Ingombro ipotetico di studio,Il Compasso d'Oro del 1979 riconosce la ricerca sulla seduta come volume morbido.,https://product-identity.bebitalia.com/it/le-bambole-poltrone/
p024,Bend-Sofa,B&B Italia,Patricia Urquiola,2010,Anno riscontrato nella fonte specifica,Divano,"tessuto, poliuretano",2430,860,1010,Ingombro ipotetico di studio,La curva costruita per moduli amplia le possibilità di composizione del divano.,https://product-identity.bebitalia.com/it/bend-sofa-divani/
p025,Charles,B&B Italia,Antonio Citterio,1997,Cronologia di riferimento da consolidare,Divano,"alluminio, tessuto, poliuretano",2550,780,890,Ingombro ipotetico di studio,La leggerezza della base e l'articolazione dei moduli ne definiscono la riconoscibilità.,https://product-identity.bebitalia.com/it/charles-letti/
p026,Tufty-Time,B&B Italia,Patricia Urquiola,2005,Anno riscontrato nella fonte specifica,Divano,"tessuto, poliuretano",2300,820,950,Ingombro ipotetico di studio,Rilegge capitonné e divani degli anni Sessanta in un sistema libero di sedute.,https://www.bebitalia.com/it-it/productpdf/download/file/id/884/name/Tufty-Time.pdf/
p027,Husk,B&B Italia,Patricia Urquiola,2011,Cronologia di riferimento da consolidare,Poltrona,"polimero, tessuto, poliuretano",800,920,880,Ingombro ipotetico di studio,La distinzione fra guscio e morbidezza diventa il carattere visivo del prodotto.,https://product-identity.bebitalia.com/it/husk-letti/
p028,Papilio,B&B Italia,Naoto Fukasawa,2008,Anno riscontrato nella fonte specifica,Sedia,"acciaio, tessuto, poliuretano",580,830,560,Ingombro ipotetico di studio,La silhouette raccoglie il corpo con una forma continua immediatamente leggibile.,https://www.bebitalia.com/it-it/productpdf/download/file/id/323/name/Papilio.pdf/
p029,Tobi-Ishi,B&B Italia,Edward Barber e Jay Osgerby,2012,Cronologia di riferimento da consolidare,Tavolo,"cemento, legno",2200,750,1000,Ingombro ipotetico di studio,L'ispirazione alle pietre dei giardini giapponesi produce una presenza scultorea.,https://www.bebitalia.com/it-it/productpdf/download/file/id/575/name/Tobi-Ishi.pdf/
p030,Pianura,B&B Italia,Antonio Citterio,2020,Cronologia di riferimento da consolidare,Divano,"legno, pelle, tessuto",2550,860,930,Ingombro ipotetico di studio,Integra appoggi rigidi e imbottiti nel medesimo sistema orizzontale.,https://product-identity.bebitalia.com/it/pianura-tavolini/
p031,Diesis,B&B Italia,Afra e Tobia Scarpa,1979,Cronologia di riferimento da consolidare,Divano,"alluminio, pelle, tessuto",2050,780,970,Ingombro ipotetico di studio,La vista posteriore rende leggibili la tecnologia del telaio e il rivestimento in pelle.,https://product-identity.bebitalia.com/it/diesis-tavolini/
p032,Alanda,B&B Italia,Paolo Piva,1982,Cronologia di riferimento da consolidare,Tavolino,"acciaio, vetro",850,420,690,Ingombro ipotetico di studio,L'intreccio geometrico del basamento diventa il segno autonomo del tavolino.,https://product-identity.bebitalia.com/it/alanda-18-tavolini/
p033,D.154.2,Molteni&C,Gio Ponti,1954,Cronologia di riferimento da consolidare,Poltrona,"legno, tessuto, poliuretano",850,920,810,Ingombro ipotetico di studio,"Progettata per Villa Planchart a Caracas, viene rieditata con gli archivi Ponti e premiata con il Compasso d'Oro alla carriera per prodotto.",https://www.molteni.it/it/eu/product/d1542
p034,D.153.1,Molteni&C,Gio Ponti,1953,Anno riscontrato nella fonte specifica,Poltrona,"ottone, tessuto, poliuretano",850,880,860,Ingombro ipotetico di studio,La riedizione restituisce una seduta legata alla casa di Ponti in via Dezza.,https://www.molteni.it/it/it/prodotto/d1531
p035,D.655.1,Molteni&C,Gio Ponti,1952,Cronologia di riferimento da consolidare,Contenitore,"legno, ottone",1330,1200,460,Ingombro ipotetico di studio,La collezione Heritage rende accessibile la ricerca di Ponti sulle superfici dei mobili.,https://www.molteni.it/cn/product/d6551-d6552
p036,D.859.1,Molteni&C,Gio Ponti,1959,Cronologia di riferimento da consolidare,Tavolo,frassino,1960,780,1060,Ingombro ipotetico di studio,Il tavolo nasce per l'auditorium del Time & Life Building di New York.,https://molteni.it/it/local/belgrado-flagship-store/product/d-859-1
p037,D.552.2,Molteni&C,Gio Ponti,1954,Cronologia di riferimento da consolidare,Tavolino,"legno, vetro",850,400,610,Ingombro ipotetico di studio,La leggerezza strutturale viene resa visibile dal piano in vetro.,https://www.molteni.it/en/us/product/d5522
p038,505 UP,Molteni&C,Nicola Gallizia,2021,Cronologia di riferimento da consolidare,Libreria,"legno, laccato",1500,2000,340,Ingombro ipotetico di studio,La continuità del sistema di contenimento rappresenta il passaggio dal mobile singolo all'architettura d'interni; attribuzione delle successive evoluzioni da distinguere.,https://www.molteni.it/it/local/tokyo-flagship-store/product/505-up-system
p039,Graduate,Molteni&C,Jean Nouvel,2003,Cronologia di riferimento da consolidare,Libreria,"acciaio, legno",1500,2000,350,Ingombro ipotetico di studio,La portanza concentrata nella mensola superiore libera la composizione dei ripiani.,https://www.molteni.it/it/it/prodotto/graduate?change_country=IT%252525252525253FREFERER%252525252525253D2
p040,LessLess,Molteni&C,Jean Nouvel,1994,Anno riscontrato nella fonte specifica,Tavolo,alluminio,2440,720,1060,Ingombro ipotetico di studio,La ricerca sulla riduzione della sezione traduce un problema strutturale in un segno minimale.,https://www.molteni.it/it/eu/prodotto/less-less
p041,Vanity Fair,Poltrona Frau,Renzo Frau,1930,Anno riscontrato nella fonte specifica,Poltrona,"faggio, pelle, poliuretano",760,880,810,Ingombro ipotetico di studio,La silhouette esprime la tradizione della selleria e dell'imbottito della maison.,https://www.poltronafrau.com/de/de/products/vanity-fair-ottoman.html
p042,1919,Poltrona Frau,Renzo Frau,1919,Anno riscontrato nella fonte specifica,Poltrona,"faggio, pelle",800,920,840,Ingombro ipotetico di studio,La committenza del Duca di Pistoia lega comfort e accessori a un episodio della storia aziendale.,https://www.poltronafrau.com/it/it/prodotti/1919-armchair.html
p043,Archibald,Poltrona Frau,Jean-Marie Massaud,2009,Cronologia di riferimento da consolidare,Poltrona,"acciaio, pelle, poliuretano",850,840,880,Ingombro ipotetico di studio,Il rivestimento piegato diventa il segno di una seduta raccolta.,https://www.poltronafrau.com/it/it/prodotti/archibald-bed.html
p044,Dezza,Poltrona Frau,Gio Ponti,1965,Anno riscontrato nella fonte specifica,Poltrona,"frassino, pelle",850,880,860,Ingombro ipotetico di studio,Il progetto trasferisce la ricerca domestica di Ponti nel catalogo industriale.,https://www.poltronafrau.com/it/it/prodotti/dezza-24-sofa.html
p045,Sanluca,Poltrona Frau,Achille e Pier Giacomo Castiglioni,1960,Cronologia di riferimento da consolidare,Poltrona,"legno, pelle, poliuretano",850,880,860,Ingombro ipotetico di studio,"La scomposizione in sedile, schiena e testa privilegia la postura rispetto al volume compatto.",https://www.poltronafrau.com/it/it/prodotti/sanluca-ottoman.html
p046,Intervista,Poltrona Frau,Lella e Massimo Vignelli,1989,Cronologia di riferimento da consolidare,Poltrona,"acciaio, pelle, poliuretano",760,840,840,Ingombro ipotetico di studio,Nasce per lo studio del TG2 e affronta la postura della conversazione televisiva.,https://www.poltronafrau.com/ch/it/products/intervista-armchair.html
p047,Chester,Poltrona Frau,Renzo Frau,1912,Anno riscontrato nella fonte specifica,Divano,"faggio, pelle",2170,820,970,Ingombro ipotetico di studio,La reinterpretazione del Chesterfield accompagna le origini della produzione Frau.,https://www.poltronafrau.com/de/de/products/chester-sofa.html
p048,Willy,Poltrona Frau,Roberto Lazzeroni,2006,Cronologia di riferimento da consolidare,Poltrona,"legno, pelle, poliuretano",850,920,910,Ingombro ipotetico di studio,La pelle continua e il volume morbido costruiscono una lettura contemporanea della poltrona da conversazione.,https://www.poltronafrau.com/content/dam/ld/poltronafrau/catalogs/home-night/PF_look-book_2024.pdf?srsltid=AfmBOoqkUb36WN26UhHtXAH4Da2-z0w_-SDkJLJD9exBIfyEovND-4Vc
p049,Ginger,Poltrona Frau,Roberto Lazzeroni,2011,Anno riscontrato nella fonte specifica,Sedia,"frassino, cuoio, pelle",460,820,520,Ingombro ipotetico di studio,L'abbinamento fra cuoio esterno e pelle interna rende leggibili i ruoli dei rivestimenti.,https://www.poltronafrau.com/ch/it/products/ginger-small-armchair.html
p050,Isidoro,Poltrona Frau,Jean-Marie Massaud,2007,Cronologia di riferimento da consolidare,Accessorio,"legno, pelle, ottone",720,1000,440,Ingombro ipotetico di studio,Il rito del servizio è concentrato in un contenitore mobile con attrezzatura interna.,https://www.poltronafrau.com/it/it/prodotti/isidoro-drinks-cabinet.html
p051,Sacco,Zanotta,"Piero Gatti, Cesare Paolini, Franco Teodoro",1968,Cronologia di riferimento da consolidare,Poltrona,"tessuto, polistirene",850,880,860,Ingombro ipotetico di studio,La seduta informale si adatta al corpo senza una struttura rigida.,https://www.zanotta.com/en-us/magazine/production/a-sacco-sack-full-of-ideas
p052,Mezzadro,Zanotta,Achille e Pier Giacomo Castiglioni,1957,Anno riscontrato nella fonte specifica,Sgabello,"acciaio, faggio",490,510,510,Ingombro ipotetico di studio,Il ready-made sposta un componente agricolo nell'abitare domestico.,https://www.zanotta.com/it/prodotti/complementi-d-arredo/mezzadro
p053,Sella,Zanotta,Achille e Pier Giacomo Castiglioni,1957,Anno riscontrato nella fonte specifica,Sgabello,"acciaio, ghisa, cuoio",330,710,330,Ingombro ipotetico di studio,La seduta per telefonare trasforma un gesto breve in una tipologia nuova.,https://www.zanotta.com/it/prodotti/complementi-d-arredo/sella
p054,Quaderna Table,Zanotta,Superstudio,1970,Cronologia di riferimento da consolidare,Tavolo,"legno, laminato",2320,780,980,Ingombro ipotetico di studio,La griglia radicale annulla la gerarchia delle superfici e collega il mobile alla ricerca teorica di Superstudio.,https://www.zanotta.com/it/prodotti/tavoli-consolle-scrivanie/quaderna-table-2600
p055,Sciangai,Zanotta,"De Pas, D'Urbino, Lomazzi",1973,Anno riscontrato nella fonte specifica,Appendiabiti,faggio,700,1700,700,Ingombro ipotetico di studio,Il Compasso d'Oro del 1979 riconosce la trasformazione di un fascio di aste in appendiabiti.,https://www.zanotta.com/it/prodotti/complementi-d-arredo/sciangai
p056,Tonietta,Zanotta,Enzo Mari,1985,Anno riscontrato nella fonte specifica,Sedia,"alluminio, cuoio",460,820,520,Ingombro ipotetico di studio,Il Compasso d'Oro del 1987 premia una ricerca che riduce la sedia ai suoi elementi essenziali.,https://www.zanotta.com/it/prodotti/sedie-poltroncine-sgabelli/tonietta
p057,Reale CM,Zanotta,Carlo Mollino,1947,Cronologia di riferimento da consolidare,Tavolo,"rovere, vetro",2200,750,1000,Ingombro ipotetico di studio,La struttura organica di Mollino entra nel catalogo attraverso una riedizione.,https://www.zanotta.com/it/prodotti/tavoli-consolle-scrivanie/reale-cm
p058,Cavour CM,Zanotta,Carlo Mollino,1949,Anno riscontrato nella fonte specifica,Scrivania,"rovere, vetro",1800,750,850,Ingombro ipotetico di studio,Il mobile da lavoro diventa una composizione dinamica di pesi e superfici.,https://www.zanotta.com/it/prodotti/tavoli-consolle-scrivanie/cavour-cm
p059,Arabesco CM,Zanotta,Carlo Mollino,1949,Anno riscontrato nella fonte specifica,Tavolino,"multistrato, vetro",950,420,660,Ingombro ipotetico di studio,La sagoma libera dialoga con la sperimentazione del legno curvato.,https://www.zanotta.com/it/prodotti/tavolini-e-comodini/arabesco-cm
p060,Gilda CM,Zanotta,Carlo Mollino,1954,Cronologia di riferimento da consolidare,Poltrona,"frassino, tessuto",850,880,860,Ingombro ipotetico di studio,La riedizione mostra l'incontro fra ergonomia meccanica e artigianato del legno.,https://www.zanotta.com/it/prodotti/poltrone/gilda-cm
p061,Cumano,Zanotta,Achille Castiglioni,1978,Anno riscontrato nella fonte specifica,Tavolino,acciaio,800,400,610,Ingombro ipotetico di studio,La revisione del tavolo da bistrot rende il mobile ripiegabile e appendibile.,https://www.zanotta.com/it/prodotti/tavolini-e-comodini/cumano
p062,Joy,Zanotta,Achille Castiglioni,1989,Anno riscontrato nella fonte specifica,Libreria,"acciaio, legno",1500,2000,350,Ingombro ipotetico di studio,La libreria abbandona la griglia fissa per diventare un dispositivo mobile.,https://www.zanotta.com/it/prodotti/complementi-d-arredo/joy
p063,Allunaggio,Zanotta,Achille e Pier Giacomo Castiglioni,1965,Anno riscontrato nella fonte specifica,Sedia,"acciaio, alluminio",460,820,520,Ingombro ipotetico di studio,La grande impronta al suolo lascia l'erba quasi libera sotto la seduta.,https://www.zanotta.com/it/prodotti/complementi-d-arredo/allunaggio
p064,Milo CM,Zanotta,Carlo Mollino,1937,Cronologia di riferimento da consolidare,Specchio,vetro,700,1600,70,Ingombro ipotetico di studio,L'accessorio trasferisce nell'interno una silhouette che richiama il corpo.,https://www.zanotta.com/it/prodotti/specchi/milo-cm
p065,Servomuto,Zanotta,Achille Castiglioni,1974,Anno riscontrato nella fonte specifica,Tavolino,"acciaio, laminato",1000,420,610,Ingombro ipotetico di studio,La famiglia dei Servi interpreta gli accessori come strumenti mobili dell'abitare.,https://www.zanotta.com/it/prodotti/tavolini-e-comodini/servomuto
p066,Componibili,Kartell,Anna Castelli Ferrieri,1967,Cronologia di riferimento da consolidare,Contenitore,ABS,320,580,320,Ingombro ipotetico di studio,La modularità stampata introduce un contenitore trasportabile e riconfigurabile.,https://www.kartell.com/it/it/ktit/shop/product/componibili-smile/911-6214
p067,Louis Ghost,Kartell,Philippe Starck,2002,Cronologia di riferimento da consolidare,Sedia,policarbonato,460,820,520,Ingombro ipotetico di studio,La rilettura della poltroncina storica in un unico stampo rende il processo parte del linguaggio.,https://www.kartell.com/ch/fr/ktch/shop/product/louis-ghost/66-532
p068,Masters,Kartell,Philippe Starck ed Eugeni Quitllet,2009,Cronologia di riferimento da consolidare,Sedia,polipropilene,460,820,520,Ingombro ipotetico di studio,Il progetto sovrappone citazioni di tre sedute del Novecento in una nuova silhouette.,https://www.kartell.com/fr/fr/ktfr/shop/product/masters/59-503
p069,La Marie,Kartell,Philippe Starck,1998,Cronologia di riferimento da consolidare,Sedia,policarbonato,460,820,520,Ingombro ipotetico di studio,La sperimentazione del materiale rende visibile la riduzione dell'oggetto a un contorno.,https://www.kartell.com/it/it/ktit/shop/product/la-marie-2-sedie/kar04850b4
p070,Bookworm,Kartell,Ron Arad,1994,Cronologia di riferimento da consolidare,Libreria,PVC,3200,1400,200,Ingombro ipotetico di studio,"L'utente determina il percorso del ripiano, trasformando la libreria in un disegno nello spazio.",https://www.kartell.com/gr/en/ktgr/shop/product/bookworm/kar0800503
p071,Maui,Kartell,Vico Magistretti,1996,Cronologia di riferimento da consolidare,Sedia,"polipropilene, acciaio",410,820,530,Ingombro ipotetico di studio,La razionalità della scocca e l'impilabilità legano uso domestico e collettivo.,https://www.kartell.com/it/it/ktit/shop/product/maui/111-753
p072,A.I.,Kartell,Philippe Starck,2019,Cronologia di riferimento da consolidare,Sedia,polimero,460,820,520,Ingombro ipotetico di studio,La collaborazione con sistemi di progettazione assistita introduce un nuovo racconto del processo industriale.,https://www.kartell.com/us/en/ktus/shop/product/a-i-2-chairs/56-491
p073,Victoria Ghost,Kartell,Philippe Starck,2005,Cronologia di riferimento da consolidare,Sedia,policarbonato,460,820,520,Ingombro ipotetico di studio,La citazione storica viene alleggerita attraverso il materiale trasparente.,https://www.kartell.com/fr/fr/ktfr/shop/product/victoria-ghost/67-539
p074,Dr. Glob,Kartell,Philippe Starck,1988,Cronologia di riferimento da consolidare,Sedia,"polipropilene, acciaio",460,820,520,Ingombro ipotetico di studio,L'accostamento fra metallo e plastica evita l'imitazione di un materiale con l'altro.,https://www.kartell.com
p075,La Bohème,Kartell,Philippe Starck,2001,Cronologia di riferimento da consolidare,Sgabello,policarbonato,450,650,450,Ingombro ipotetico di studio,La forma di un contenitore viene trasformata in appoggio e seduta.,https://www.kartell.com/it/it/ktit/st/downloads/maintenance
p076,Bubble Club,Kartell,Philippe Starck,2000,Cronologia di riferimento da consolidare,Divano,polietilene,2050,780,1010,Ingombro ipotetico di studio,Lo stampaggio rotazionale trasforma il volume dell'imbottito in una scocca resistente all'esterno.,https://www.kartell.com/gb/en/ktgb/shop/product/bubble-club-sofa/kar0605064
p077,Mobil,Kartell,Antonio Citterio e Glen Oliver Löw,1994,Anno riscontrato nella fonte specifica,Contenitore,"polimero, acciaio",1130,1200,420,Ingombro ipotetico di studio,Il Compasso d'Oro del 1994 riconosce il contenimento mobile come sistema leggero.,https://www.kartell.com/it/it/ktit/shop/product/mobil-mat/219267-6211
p078,Chair_One,Magis,Konstantin Grcic,2004,Cronologia di riferimento da consolidare,Sedia,alluminio,460,820,520,Ingombro ipotetico di studio,La fusione di alluminio consente una superficie che appare come un reticolo tridimensionale.,https://www.magisdesign.com/product/chair_one/
p079,Air-Chair,Magis,Jasper Morrison,2000,Cronologia di riferimento da consolidare,Sedia,polipropilene,460,820,520,Ingombro ipotetico di studio,La tecnica air-moulding sostiene la leggerezza e l'impilabilità della seduta.,https://www.magisdesign.com/it/product/air-chair/
p080,Spun,Magis,Thomas Heatherwick,2010,Anno riscontrato nella fonte specifica,Poltrona,polietilene,850,880,860,Ingombro ipotetico di studio,Il Compasso d'Oro del 2014 premia un oggetto a metà fra seduta e esperienza cinetica.,https://www.magisdesign.com/product/spun/
p081,Bombo,Magis,Stefano Giovannoni,1997,Anno riscontrato nella fonte specifica,Sgabello,"ABS, acciaio",450,650,450,Ingombro ipotetico di studio,Il profilo ergonomico e la regolazione in altezza costruiscono un segno tipologico riconoscibile.,https://www.magisdesign.com/it/product/bombo/
p082,Steelwood Chair,Magis,Ronan ed Erwan Bouroullec,2008,Anno riscontrato nella fonte specifica,Sedia,"faggio, acciaio",460,820,520,Ingombro ipotetico di studio,Il Compasso d'Oro del 2011 valorizza la collaborazione fra lavorazioni del metallo e del legno.,https://www.magisdesign.com/product/steelwood-chair/
p083,360° Container,Magis,Konstantin Grcic,2009,Anno riscontrato nella fonte specifica,Contenitore,"ABS, alluminio",1200,1200,450,Ingombro ipotetico di studio,"Ogni vano si orienta separatamente, rendendo il contenitore una composizione variabile.",https://www.magisdesign.com/it/360-container-e-poppins-ora-disponibili-2/
p084,Officina Chair,Magis,Ronan ed Erwan Bouroullec,2014,Cronologia di riferimento da consolidare,Sedia,"ferro, polimero",460,820,520,Ingombro ipotetico di studio,La variazione superficiale della forgiatura entra in un prodotto seriale.,https://www.magisdesign.com/product/
p085,Sam Son,Magis,Konstantin Grcic,2015,Cronologia di riferimento da consolidare,Poltrona,polietilene,940,840,810,Ingombro ipotetico di studio,Lo stampaggio crea una seduta informale con un bordo continuo.,https://www.magisdesign.com/it/product/sam-son/
p086,Voido,Magis,Ron Arad,2006,Anno riscontrato nella fonte specifica,Poltrona,polietilene,850,880,860,Ingombro ipotetico di studio,"La curva continua elimina la distinzione visiva fra gambe, sedile e schienale.",https://www.magisdesign.com/product/voido/
p087,Puppy,Magis,Eero Aarnio,2005,Anno riscontrato nella fonte specifica,Accessorio,polietilene,700,560,420,Ingombro ipotetico di studio,"La collezione Me Too integra gioco, seduta e presenza scultorea nell'ambiente dei bambini.",https://www.magisdesign.com/it/product/puppy/
p088,Costes,Driade,Philippe Starck,1984,Anno riscontrato nella fonte specifica,Sedia,"multistrato, acciaio, pelle",460,820,520,Ingombro ipotetico di studio,Nasce per il Café Costes di Parigi e lega il mobile all'immagine di un luogo pubblico.,https://www.driade.com/prodotto/costes/
p089,Nemo,Driade,Fabio Novembre,2010,Cronologia di riferimento da consolidare,Poltrona,polietilene,850,880,860,Ingombro ipotetico di studio,La scala del volto umano trasforma la seduta in un oggetto narrativo e spaziale.,https://www.driade.com/prodotto/nemo/
p090,Roly Poly,Driade,Faye Toogood,2014,Cronologia di riferimento da consolidare,Poltrona,polietilene,850,880,860,Ingombro ipotetico di studio,La plasticità della forma trasferisce una ricerca scultorea nella produzione d'arredo.,https://www.driade.com/prodotto/roly-poly/
p091,Toy,Driade,Philippe Starck,1999,Cronologia di riferimento da consolidare,Sedia,polipropilene,460,820,520,Ingombro ipotetico di studio,La geometria compatta e l'impilabilità sintetizzano un carattere essenziale per interno ed esterno.,https://www.driade.com/prodotto/toy/
p092,Sof Sof,Driade,Enzo Mari,1972,Anno riscontrato nella fonte specifica,Sedia,"acciaio, tessuto",460,820,520,Ingombro ipotetico di studio,La struttura metallica funziona come tracciato spaziale della postura.,https://www.driade.com/prodotto/sof-sof/
p093,Tokyo-Pop,Driade,Tokujin Yoshioka,2002,Anno riscontrato nella fonte specifica,Chaise longue,polietilene,650,850,1600,Ingombro ipotetico di studio,Il gesto sinuoso ricava una chaise longue da un volume industriale monolitico.,https://www.driade.com/prodotto/tokyo-pop/
p094,Lou Read,Driade,Philippe Starck e Eugeni Quitllet,2011,Cronologia di riferimento da consolidare,Poltrona,"pelle, polimero",900,840,840,Ingombro ipotetico di studio,La postura raccolta e la superficie tesa danno al prodotto un carattere quasi antropomorfo.,https://www.driade.com/en/product/lou-read/
p095,Sissi,Driade,Ludovica e Roberto Palomba,2017,Cronologia di riferimento da consolidare,Sedia,polipropilene,460,820,520,Ingombro ipotetico di studio,Il ritmo degli anelli diventa una struttura decorativa riconoscibile.,https://www.driade.com/prodotto/sissi/
p096,Proust,Cappellini,Alessandro Mendini,1978,Anno riscontrato nella fonte specifica,Poltrona,"legno, tessuto",760,920,910,Ingombro ipotetico di studio,L'oggetto combina citazione storica e intervento pittorico nella ricerca del redesign.,https://www.cappellini.com/it/it/prodotti/proust.html
p097,Embryo,Cappellini,Marc Newson,1988,Anno riscontrato nella fonte specifica,Poltrona,"acciaio, tessuto, poliuretano",800,840,810,Ingombro ipotetico di studio,Il linguaggio organico di Newson entra nel catalogo sperimentale Cappellini.,https://www.cappellini.com/it/it/prodotti/embryo-chair.html
p098,Thinking Man's Chair,Cappellini,Jasper Morrison,1986,Cronologia di riferimento da consolidare,Poltrona,acciaio,850,880,860,Ingombro ipotetico di studio,La struttura mostra i punti di sostegno e integra il gesto del bere durante la seduta.,https://www.cappellini.com/it/it/prodotti/thinking-man-s-chair.html
p099,Peacock,Cappellini,Dror,2009,Anno riscontrato nella fonte specifica,Poltrona,"feltro, metallo",900,920,880,Ingombro ipotetico di studio,La superficie tessile diventa un volume attraverso la piegatura.,https://www.cappellini.com/it/it/prodotti/peacock.html
p100,Ribbon,Cappellini,Nendo,2007,Cronologia di riferimento da consolidare,Sgabello,acciaio,450,650,450,Ingombro ipotetico di studio,La sedia è letta come una linea continua che produce appoggi e schienale.,https://www.cappellini.com/ww/en/products/ribbon.html
p101,S-Chair,Cappellini,Tom Dixon,1991,Cronologia di riferimento da consolidare,Sedia,"acciaio, canna",460,820,520,Ingombro ipotetico di studio,La silhouette a sbalzo unisce struttura metallica e rivestimento artigianale.,https://www.cappellini.com/it/it/prodotti/s-chair.html
p102,Felt Chair,Cappellini,Marc Newson,1993,Anno riscontrato nella fonte specifica,Poltrona,vetroresina,850,880,860,Ingombro ipotetico di studio,La superficie continua esprime la ricerca di Newson sulle forme organiche.,https://www.cappellini.com/it/it/prodotti/felt-chair.html
p103,Cloud,Cappellini,Ronan ed Erwan Bouroullec,2004,Cronologia di riferimento da consolidare,Libreria,polietilene,1500,2000,350,Ingombro ipotetico di studio,Il contenimento diventa un sistema di celle aperte espandibile.,https://www.cappellini.com/it/it/prodotti/cloud.html
p104,Lady,Arflex,Marco Zanuso,1951,Cronologia di riferimento da consolidare,Poltrona,"acciaio, tessuto, poliuretano",900,880,910,Ingombro ipotetico di studio,Il premio alla IX Triennale accompagna l'impiego di nuove tecniche dell'imbottito.,https://www.arflex.it/us/it/musei
p105,Martingala,Arflex,Marco Zanuso,1952,Cronologia di riferimento da consolidare,Poltrona,"acciaio, tessuto, poliuretano",940,920,810,Ingombro ipotetico di studio,Prosegue la sperimentazione di Zanuso sulla produzione industriale del comfort.,https://www.arflex.it/us/it/musei
p106,Woodline,Arflex,Marco Zanuso,1964,Cronologia di riferimento da consolidare,Poltrona,"multistrato, cuoio",850,880,860,Ingombro ipotetico di studio,La lavorazione del multistrato rende continuo il telaio che sostiene la seduta.,https://www.cassina.com/it/it/prodotti/woodline.html
p107,Strips,Arflex,Cini Boeri,1968,Cronologia di riferimento da consolidare,Divano,"legno, tessuto, poliuretano",2300,820,950,Ingombro ipotetico di studio,Il Compasso d'Oro del 1979 premia la separazione fra struttura e rivestimento come tema d'uso.,https://www.arflex.it/au/it/strips
p108,Botolo,Arflex,Cini Boeri,1973,Anno riscontrato nella fonte specifica,Poltrona,"acciaio, tessuto, poliuretano",850,880,860,Ingombro ipotetico di studio,Le diverse altezze del telaio consentono posture differenti nello stesso linguaggio.,https://www.arflex.it/us/it/botolo-high-version
p109,Marenco,Arflex,Mario Marenco,1970,Anno riscontrato nella fonte specifica,Divano,"legno, tessuto, poliuretano",2300,820,950,Ingombro ipotetico di studio,La costruzione per elementi morbidi distinti rende riconoscibile il sistema.,https://www.arflex.it/au/it/marenco
p110,Big Easy,Moroso,Ron Arad,1988,Cronologia di riferimento da consolidare,Poltrona,poliuretano,940,880,840,Ingombro ipotetico di studio,La collaborazione trasferisce la ricerca scultorea di Arad nella produzione morbida.,https://moroso.it/app/uploads/materiali/schede_tecniche/TheBigEasy_ENG.pdf
p111,Shadowy,Moroso,Tord Boontje,2009,Anno riscontrato nella fonte specifica,Poltrona,"acciaio, polimero",850,880,860,Ingombro ipotetico di studio,L'intreccio manuale dei fili combina artigianato e disegno contemporaneo.,https://moroso.it/app/uploads/materiali/schede_tecniche/Shadowy_ENG-1.pdf
p112,Fjord,Moroso,Patricia Urquiola,2002,Anno riscontrato nella fonte specifica,Poltrona,"acciaio, tessuto, poliuretano",800,840,910,Ingombro ipotetico di studio,La rottura della simmetria rende visibile il gesto di modellazione della seduta.,https://moroso.it/prodotti/fjord/
p113,Antibodi,Moroso,Patricia Urquiola,2006,Anno riscontrato nella fonte specifica,Chaise longue,"feltro, acciaio",650,850,1600,Ingombro ipotetico di studio,Il rivestimento assume un ruolo strutturale e decorativo attraverso una trama tridimensionale.,https://moroso.it/app/uploads/materiali/catalogo/Antibodi_DEU.pdf
p114,Tropicalia,Moroso,Patricia Urquiola,2008,Cronologia di riferimento da consolidare,Poltrona,"acciaio, polimero",850,880,860,Ingombro ipotetico di studio,La trama modifica il carattere della medesima base strutturale.,https://moroso.it/app/uploads/2024/11/Moroso-At-Home_low.pdf
p115,Take a Line for a Walk,Moroso,Alfredo Häberli,2002,Cronologia di riferimento da consolidare,Poltrona,"acciaio, tessuto, poliuretano",940,840,880,Ingombro ipotetico di studio,La seduta crea uno spazio personale attraverso l'estensione laterale degli appoggi.,https://moroso.it/app/uploads/2023/12/Moroso_general-catalogue-2023.pdf
p116,Ruff,Moroso,Patricia Urquiola,2021,Cronologia di riferimento da consolidare,Poltrona,"tessuto, poliuretano",760,880,910,Ingombro ipotetico di studio,Il rapporto fra nucleo raccolto e superfici espanse costruisce una postura teatrale.,https://moroso.it/app/uploads/2024/11/Moroso-At-Home_low.pdf
p117,Supernatural,Moroso,Ross Lovegrove,2005,Anno riscontrato nella fonte specifica,Sedia,polipropilene,460,820,520,Ingombro ipotetico di studio,La perforazione e lo stampaggio trasferiscono nel prodotto una logica biomorfica.,https://moroso.it/app/uploads/materiali/schede_tecniche/Supernatural.pdf
p118,Bocca,Gufram,Studio 65,1970,Anno riscontrato nella fonte specifica,Divano,"poliuretano, tessuto",2120,850,800,Ingombro ipotetico di studio,La citazione surrealista e il pop trasformano il divano in un'immagine domestica.,https://gufram.it/prodotti/bocca/
p119,Pratone,Gufram,"Giorgio Ceretti, Pietro Derossi, Riccardo Rosso",1971,Anno riscontrato nella fonte specifica,Poltrona,poliuretano,1400,950,1400,Ingombro ipotetico di studio,Il radical design sostituisce la seduta tradizionale con un prato artificiale abitabile.,https://gufram.it/prodotti/pratone/
p120,Cactus,Gufram,Guido Drocco e Franco Mello,1972,Anno riscontrato nella fonte specifica,Appendiabiti,poliuretano,700,1700,700,Ingombro ipotetico di studio,La contraddizione fra morbidezza e immagine spinosa diventa un segno del radical design.,https://gufram.it/prodotti/cactus/
p121,Capitello,Gufram,Studio 65,1971,Anno riscontrato nella fonte specifica,Poltrona,poliuretano,850,880,860,Ingombro ipotetico di studio,La citazione archeologica viene resa morbida e utilizzabile come seduta.,https://gufram.it/prodotti/capitello/
p122,Detecma,Gufram,Tullio Regge,1967,Anno riscontrato nella fonte specifica,Poltrona,"poliuretano, tessuto",800,880,840,Ingombro ipotetico di studio,L'incontro fra scienza e arredo anticipa l'interesse per geometrie complesse.,https://gufram.it/prodotti/detecma-7/
p123,Carlton,Memphis Milano,Ettore Sottsass,1981,Anno riscontrato nella fonte specifica,Libreria,"legno, laminato",1900,1960,400,Ingombro ipotetico di studio,La prima collezione Memphis rende il contenimento un manifesto del design postmoderno.,https://memphis.it/it/prodotti/carlton/
p124,Casablanca,Memphis Milano,Ettore Sottsass,1981,Anno riscontrato nella fonte specifica,Contenitore,"legno, laminato",1200,1200,450,Ingombro ipotetico di studio,La composizione e la superficie decorata negano la neutralità del mobile funzionalista.,https://memphis.it/it/prodotti/casablanca/
p125,Beverly,Memphis Milano,Ettore Sottsass,1981,Anno riscontrato nella fonte specifica,Contenitore,"legno, laminato, acciaio",1330,1200,420,Ingombro ipotetico di studio,Il linguaggio Memphis accosta materiali e registri visivi differenti.,https://memphis.it/it/prodotti/beverly/
p126,First,Memphis Milano,Michele De Lucchi,1983,Anno riscontrato nella fonte specifica,Sedia,"legno, acciaio",460,820,520,Ingombro ipotetico di studio,La geometria elementare viene trasformata in una figura quasi meccanica.,https://memphis.it/it/prodotti/first/
p127,Tawaraya,Memphis Milano,Masanori Umeda,1981,Cronologia di riferimento da consolidare,Divano,"legno, tessuto",2800,700,2800,Ingombro ipotetico di studio,Il progetto sostituisce la seduta frontale con uno spazio collettivo a pavimento.,https://memphis.it/it/prodotti/tawaraya-ring/
p128,Bedrock Plank,Riva 1920,Terry Dwan,2008,Anno riscontrato nella fonte specifica,Tavolo,"rovere, ferro",2200,750,1060,Ingombro ipotetico di studio,Il disegno mette in relazione le irregolarità del legno e la geometria del supporto.,https://www.riva1920.it/it/prodotti/mobili-zona-giorno/tavoli/bedrock-plank-c
p129,Kauri Piano Antico,Riva 1920,Renzo e Matteo Piano,2001,Anno riscontrato nella fonte specifica,Tavolo,"kauri, ferro",2320,780,940,Ingombro ipotetico di studio,Il legno antico recuperato rende ogni piano un esemplare diverso.,https://www.riva1920.it/it/prodotti/mobili-zona-giorno/tavoli/kauri-piano-antico
p130,Molletta,Riva 1920,Baldessari e Baldessari,2012,Anno riscontrato nella fonte specifica,Panca,"cedro, metallo",2400,430,450,Ingombro ipotetico di studio,Il salto di scala trasforma un oggetto quotidiano in seduta urbana e domestica.,https://www.riva1920.it/it/prodotti/mobili-zona-giorno/panche/molletta
p131,Maui,Riva 1920,Terry Dwan,2007,Cronologia di riferimento da consolidare,Poltrona,cedro,760,880,880,Ingombro ipotetico di studio,"La forma scavata rende nodi, profumo e venature parte dell'esperienza della seduta.",https://www.riva1920.it/en/products/maui
p132,Piano Design Table,Riva 1920,Renzo e Matteo Piano,2001,Cronologia di riferimento da consolidare,Tavolo,legno,2080,780,1060,Ingombro ipotetico di studio,"La continuità fra disegno, lavorazione e uso rende il tavolo una lettura del mestiere del legno.",https://www.riva1920.it/it/prodotti/mobili-zona-giorno/tavoli/piano-design-table
p133,Carimate,De Padova,Vico Magistretti,1959,Cronologia di riferimento da consolidare,Sedia,"faggio, paglia",460,820,520,Ingombro ipotetico di studio,"Nasce per il golf club di Carimate, collegando tradizione rurale e immagine moderna.",https://www.depadova.com/es/project/club-house-golf-club-carimate/
p134,Raffles,De Padova,Vico Magistretti,1988,Anno riscontrato nella fonte specifica,Divano,"legno, tessuto, poliuretano",2430,820,930,Ingombro ipotetico di studio,Il progetto rende la sfoderabilità parte del comfort domestico.,https://www.depadova.com/es/product/raffles-armchair/
p135,Incisa,De Padova,Vico Magistretti,1992,Anno riscontrato nella fonte specifica,Poltrona,"cuoio, acciaio",940,920,880,Ingombro ipotetico di studio,La forma nasce dal taglio e dall'unione del rivestimento.,https://www.depadova.com/wp-content/uploads/2025/08/SW_Incisa.pdf
p136,Vidun,De Padova,Vico Magistretti,1987,Anno riscontrato nella fonte specifica,Tavolo,"faggio, vetro",2200,750,1000,Ingombro ipotetico di studio,Il meccanismo di regolazione diventa il segno centrale del tavolo.,https://www.depadova.com/es/?p=224309
p137,Silver,De Padova,Vico Magistretti,1989,Anno riscontrato nella fonte specifica,Sedia,alluminio,460,820,520,Ingombro ipotetico di studio,L'ispirazione a oggetti industriali ordinari diventa una seduta domestica leggera.,https://www.depadova.com/wp-content/uploads/2018/03/Silver-2.pdf
p138,Tondo 05,De Padova,Vico Magistretti con Birgit Lohmann,2002,Anno riscontrato nella fonte specifica,Poltrona,"acciaio, tessuto, poliuretano",730,1000,840,Ingombro documentato della variante,La rilettura della poltrona alta introduce un appoggio cervicale e una costruzione razionale.,https://www.depadova.com/product/tondo-05/
p139,Groundpiece,Flexform,Antonio Citterio,2001,Anno riscontrato nella fonte specifica,Divano,"legno, tessuto, poliuretano",2430,780,970,Ingombro ipotetico di studio,La piattaforma del divano integra libri e oggetti come parte dell'abitare.,https://www.flexform.it/it/prodotti/indoor/tutti-i-prodotti/tavolini/groundpiece
p140,Lifesteel,Flexform,Antonio Citterio,2006,Anno riscontrato nella fonte specifica,Divano,"acciaio, cuoio, tessuto",2550,820,1010,Ingombro ipotetico di studio,Il disegno combina struttura leggibile e grandi cuscini indipendenti.,https://www.flexform.it/it/prodotti/indoor/tutti-i-prodotti/poltrone/lifesteel
p141,A.B.C.,Flexform,Antonio Citterio,1996,Anno riscontrato nella fonte specifica,Poltrona,"acciaio, pelle",760,920,810,Ingombro ipotetico di studio,Il recupero del linguaggio razionalista introduce regolazioni per il comfort.,https://www.flexform.it/it/prodotti/indoor/tutti-i-prodotti/poltrone/abc
p142,Feel Good,Flexform,Antonio Citterio,2008,Cronologia di riferimento da consolidare,Poltrona,"alluminio, pelle, poliuretano",800,840,840,Ingombro ipotetico di studio,La famiglia mostra la continuità fra base leggera e superfici avvolgenti.,https://www.flexform.it/it/prodotti/indoor/tutti-i-prodotti/sgabelli/feel-good
p143,Minimo,Porro,Piero Lissoni,1999,Cronologia di riferimento da consolidare,Tavolo,hemlock,2200,750,1020,Ingombro ipotetico di studio,La riduzione a piano e due supporti fa emergere venatura e spessore del legno.,https://www.porro.com/it/prodotti/collezioni/tavoli/minimo/35/
p144,Load-it,Porro,Wolfgang Tolk,1995,Cronologia di riferimento da consolidare,Libreria,"acciaio, legno",1580,2090,370,Ingombro ipotetico di studio,Il contrasto fra lamiera e fondo costruisce un contenimento quasi grafico.,https://www.porro.com/it/prodotti/collezioni/librerie/load-it/10/
p145,System,Porro,Piero Lissoni e Centro Ricerche Porro,1995,Cronologia di riferimento da consolidare,Libreria,"legno, laccato",1670,1910,330,Ingombro ipotetico di studio,La continuità delle campate consente di comporre un paesaggio di contenimento.,https://www.porro.com/it/prodotti/sistemi/sistema%2Bsystem/interparete/89/
p146,Spindle,Porro,Piero Lissoni,2000,Cronologia di riferimento da consolidare,Sedia,legno,460,820,520,Ingombro ipotetico di studio,Rilegge la sedia tradizionale attraverso sezioni essenziali.,https://www.porro.com/it/prodotti/collezioni/sedie/spindle/22/
p147,Wall System,Poliform,Centro Ricerche Poliform,,Anno non consolidato,Libreria,"legno, laccato",1420,2090,360,Ingombro ipotetico di studio,La libreria è selezionata come sistema rappresentativo dell'architettura domestica contemporanea.,https://www.poliform.it/it/prodotti/wall-system/
p148,Ipanema,Poliform,Jean-Marie Massaud,2012,Cronologia di riferimento da consolidare,Sedia,"legno, pelle",460,820,520,Ingombro ipotetico di studio,L'incontro fra sagoma organica e lavorazione industriale definisce il carattere della famiglia.,https://www.poliform.it/it/prodotti/ipanema-sedia/
p149,Concorde,Poliform,Emmanuel Gallina,2009,Cronologia di riferimento da consolidare,Tavolo,"legno, marmo",2320,750,940,Ingombro ipotetico di studio,La forma del supporto lega leggerezza visiva e presenza materica del piano.,https://www.poliform.it/it/prodotti/concorde-tavolo/
p150,Mondrian,Poliform,Jean-Marie Massaud,2016,Cronologia di riferimento da consolidare,Divano,"alluminio, tessuto, poliuretano",2550,860,930,Ingombro ipotetico di studio,I moduli incorporano superfici di servizio e cuscini in un paesaggio continuo.,https://www.poliform.it/it/prodotti/mondrian-tavolo/
p151,Random,MDF Italia,Neuland. Paster & Geldmacher,2005,Cronologia di riferimento da consolidare,Libreria,"MDF, laccato",1500,2000,350,Ingombro ipotetico di studio,L'apparente casualità del reticolo modifica il ritmo della libreria a giorno.,https://www.mdfitalia.com/it/prodotti/contract/contenitori-e-sistemi/randomissimo
p152,Tense,MDF Italia,Piergiorgio e Michele Cazzaniga,2009,Anno riscontrato nella fonte specifica,Tavolo,"alluminio, composito",2080,750,1060,Ingombro ipotetico di studio,La struttura e il rivestimento cercano una continuità visiva fra piano e gambe.,https://www.mdfitalia.com/it/prodotti/indoor/tavoli/tense
p153,Flow Chair,MDF Italia,Jean-Marie Massaud,2009,Anno riscontrato nella fonte specifica,Sedia,"polimero, legno",460,860,490,Ingombro ipotetico di studio,La stessa superficie di seduta accoglie differenti strutture d'appoggio.,https://www.mdfitalia.com/en/products/contract/chairs/flow
p154,Aluminium Bed,MDF Italia,Bruno Fattorini,1997,Anno riscontrato nella fonte specifica,Letto,alluminio,1800,900,2200,Ingombro ipotetico di studio,La sezione continua riduce il letto a una struttura leggibile.,https://www.mdfitalia.com/it/prodotti/indoor/letti/aluminium-bed
p155,Minima 3.0,MDF Italia,Bruno Fattorini,2013,Anno riscontrato nella fonte specifica,Libreria,alluminio,1670,2000,360,Ingombro ipotetico di studio,L'evoluzione del sistema Minima insiste sulla leggerezza della griglia.,https://www.mdfitalia.com/it/story/minima-3-0-un-icona-in-continua-evoluzione
p156,Air Table,Lago,Daniele Lago,2006,Cronologia di riferimento da consolidare,Tavolo,"vetro, legno",2200,750,1000,Ingombro ipotetico di studio,La trasparenza dei supporti produce l'impressione di un piano sospeso.,https://outlet.lago.it/en_/table-air-in-wildwood-natural.html
p157,Air Bed,Lago,Daniele Lago,2009,Cronologia di riferimento da consolidare,Letto,"vetro, legno",1800,900,2200,Ingombro ipotetico di studio,La riduzione visiva degli appoggi trasferisce al letto il tema della sospensione.,https://outlet.lago.it/en_/letto-air-ww-2.html
p158,Air Sofa,Lago,Daniele Lago,2010,Cronologia di riferimento da consolidare,Divano,"vetro, tessuto, poliuretano",2300,820,930,Ingombro ipotetico di studio,La modularità si combina con un basamento visivamente leggero.,https://outlet.lago.it/en_/divano-modello-air-2.html
p159,36e8,Lago,Daniele Lago,2004,Cronologia di riferimento da consolidare,Contenitore,"legno, laccato",1270,1250,460,Ingombro ipotetico di studio,La misura-base consente composizioni diverse per contenimento e cucina.,https://outlet.lago.it/ita/totem-36e8-4.html
p160,Tangram,Lago,Daniele Lago,1997,Cronologia di riferimento da consolidare,Libreria,"legno, laccato",1500,2000,350,Ingombro ipotetico di studio,La logica del gioco genera configurazioni di contenimento variabili.,https://outlet.lago.it/ita/soggiorno/tangram-libreria-3.html
p161,Catifa 46,Arper,Lievore Altherr Molina,2004,Anno riscontrato nella fonte specifica,Sedia,"polimero, acciaio",410,820,490,Ingombro ipotetico di studio,Il sistema di basi e finiture collega un medesimo disegno a molte condizioni d'uso.,https://www.arper.com/it_IT/0351-20articolo-200351.html
p162,Catifa 53,Arper,Lievore Altherr Molina,2001,Anno riscontrato nella fonte specifica,Sedia,"polimero, acciaio",430,860,510,Ingombro ipotetico di studio,La famiglia nasce dalla ricerca di una curva essenziale e versatile.,https://www.arper.com/it_IT/collezioni/catifa-53.html
p163,Leaf,Arper,Lievore Altherr Molina,2005,Anno riscontrato nella fonte specifica,Sedia,acciaio,460,820,520,Ingombro ipotetico di studio,La trama metallica trasforma un riferimento naturale in una superficie portante.,https://www.arper.com/it_IT/collezioni/leaf.html
p164,Saya,Arper,Lievore Altherr Molina,2012,Anno riscontrato nella fonte specifica,Sedia,"rovere, multistrato",460,820,520,Ingombro ipotetico di studio,La superficie impiallacciata usa il vuoto come segno grafico.,https://www.arper.com/it_IT/collezioni/saya.html
p165,Frida,Pedrali,Odo Fioravanti,2008,Cronologia di riferimento da consolidare,Sedia,"rovere, multistrato",460,820,520,Ingombro ipotetico di studio,Il Compasso d'Oro del 2011 riconosce la ricerca sulle sezioni del legno.,https://www.pedrali.com/it-it/prodotti/sedie-design/frida-752
p166,Nemea,Pedrali,CMP Design,2013,Cronologia di riferimento da consolidare,Sedia,"frassino, multistrato",460,820,520,Ingombro ipotetico di studio,La lavorazione del legno costruisce una presenza leggera per il contract.,https://www.pedrali.com/en-us/products/chairs-design/nemea-2821
p167,Nolita,Pedrali,CMP Design,2015,Cronologia di riferimento da consolidare,Sedia,acciaio,460,820,520,Ingombro ipotetico di studio,Il reticolo metallico rende leggibile la vocazione per gli spazi all'aperto.,https://cdn-assets.pedrali.com/media/pedrali/media/assets/originals/documenti/st/st-nolita-3650-3.pdf
p168,Pasha,Pedrali,Claudio Dondoli e Marco Pocci,2008,Cronologia di riferimento da consolidare,Poltrona,policarbonato,850,880,860,Ingombro ipotetico di studio,La scala del volume e la monoscocca giocano con l'immagine dell'imbottito storico.,https://www.pedrali.com/it-it/prodotti/sgabelli-design-pouf/pasha-661
p169,Re-vive,Natuzzi Italia,Formway Design,2013,Cronologia di riferimento da consolidare,Poltrona,"acciaio, pelle, poliuretano",900,840,810,Ingombro ipotetico di studio,Il movimento passivo della seduta è selezionato come tema di ricerca sul comfort.,https://www.natuzzi.com/it/it/shop/natuzzi-italia/na-poltrone-re-vive/re-vive-casual-king-603k-s
p170,Herman,Natuzzi Italia,Manzoni e Tapinassi,,Anno non consolidato,Tavolino,"acciaio, marmo",1000,420,640,Ingombro ipotetico di studio,La composizione di superfici a quote diverse rappresenta il complemento nella cultura dell'arredo pugliese.,https://www.natuzzi.com/it/it/shop/natuzzi-italia/na-tavolini-e-consolle-tavolini/herman-t156-c
p171,Colle,Natuzzi Italia,BIG - Bjarke Ingels Group,2022,Cronologia di riferimento da consolidare,Divano,"legno, tessuto, poliuretano",2300,820,950,Ingombro ipotetico di studio,L'immagine del paesaggio diventa una composizione di superfici imbottite.,https://documents.natuzzi.com/doc/id/passaporti_ni/Low_Colle_Project_B2B.pdf
p172,Artematica,Valcucine,Gabriele Centazzo,1988,Cronologia di riferimento da consolidare,Cucina,"alluminio, vetro, legno",3600,2200,1000,Ingombro ipotetico di studio,La ricerca sulle sezioni e sulla separazione dei materiali interpreta la cucina come sistema tecnico.,https://www.valcucine.com/collezioni/cucina-artematica-valcucine/
p173,Ola,Snaidero,Pininfarina,1990,Cronologia di riferimento da consolidare,Cucina,"legno, laccato, acciaio",3600,2200,1000,Ingombro ipotetico di studio,La collaborazione con Pininfarina trasferisce un linguaggio aerodinamico alla cucina.,https://www.snaidero.com/it/prodotto/ola-industrial-esclusivo/
p174,LiberaMente,Scavolini,Vuesse,2011,Cronologia di riferimento da consolidare,Cucina,"legno, laccato, acciaio",3600,2200,1000,Ingombro ipotetico di studio,La continuità dei fronti rappresenta il tema della cucina aperta sul living.,https://www.scavolini.com/it/soggiorni/soggiorno-liberamente
p175,Immagina,Lube,Centro Design Lube,,Anno non consolidato,Cucina,"legno, laminato, acciaio",3600,2200,1000,Ingombro ipotetico di studio,È selezionata come famiglia rappresentativa della cucina componibile italiana; la cronologia richiede consolidamento.,https://www.cucinelube.it/it/cucine-moderne/immagina/
p176,Skorpio,Cattelan Italia,Andrea Lucatello,2014,Anno riscontrato nella fonte specifica,Tavolo,"acciaio, vetro",2200,750,1000,Ingombro ipotetico di studio,La struttura metallica diventa una figura scultorea indipendente dal piano.,https://cattelanitalia.com/it/products/b217de70-0f32-41f5-975b-fd6273164af8?c=2
p177,Gordon,Cattelan Italia,Giorgio Cattelan,2016,Cronologia di riferimento da consolidare,Tavolo,"acciaio, legno",2200,750,1000,Ingombro ipotetico di studio,Il basamento trasforma la portanza in un segno geometrico dominante.,https://cattelanitalia.com/it/products/FD75A9FE-7DEC-4AB4-ABCC-9D8740CA402A?c=10
p178,Spyder,Cattelan Italia,Philip Jackson,2013,Cronologia di riferimento da consolidare,Tavolo,"acciaio, vetro",2200,750,1000,Ingombro ipotetico di studio,Il piano trasparente rende visibile la composizione radiale della base.,https://www.cattelanitalia.com/it/products/DA2038EA-3E8E-412F-811A-DC69DACC9516?c=23
p179,Airport,Cattelan Italia,Giorgio Cattelan,2014,Anno riscontrato nella fonte specifica,Libreria,"acciaio, legno",1580,2000,360,Ingombro ipotetico di studio,La libreria è letta come una struttura continua dell'interno.,https://cattelanitalia.com/it/products/0BD758C3-F539-4263-BA05-CEB859A760A4?c=27
p180,Ghost,Fiam,Cini Boeri e Tomu Katayanagi,1987,Anno riscontrato nella fonte specifica,Poltrona,vetro,850,880,860,Ingombro ipotetico di studio,La lavorazione del vetro porta la poltrona a una condizione di apparente smaterializzazione.,https://www.fiamitalia.it/prodotti/ghost/
p181,Ragno,Fiam,Vittorio Livi,1984,Anno riscontrato nella fonte specifica,Tavolo,vetro,2200,750,1000,Ingombro ipotetico di studio,Il vetro curvato elimina la distinzione fra superficie e supporti.,https://www.fiamitalia.it/prodotti/ragno/
p182,Llt,Fiam,Dante O. Benini e Luca Gonzo,2008,Cronologia di riferimento da consolidare,Tavolo,vetro,2200,750,1000,Ingombro ipotetico di studio,L'unione delle lastre rende il basamento un tracciato nello spazio.,https://www.fiamitalia.it/prodotti/llt/
p183,Caadre,Fiam,Philippe Starck,1998,Cronologia di riferimento da consolidare,Specchio,vetro,700,1600,70,Ingombro ipotetico di studio,Il bordo trasparente amplia il ruolo dello specchio nella percezione dell'ambiente.,https://www.fiamitalia.it/prodotti/caadre/
p184,Shimmer,Glas Italia,Patricia Urquiola,2014,Cronologia di riferimento da consolidare,Tavolino,vetro,950,400,690,Ingombro ipotetico di studio,"Il colore varia con la luce e il punto di osservazione, facendo della finitura il tema del progetto.",https://www.glasitalia.com/it/prodotto/shimmer-tavoli
p185,Fragment paravento,Glas Italia,Nendo,,Anno non consolidato,Paravento,"vetro, alluminio",1700,1800,200,Ingombro ipotetico di studio,I due reticoli specchianti sovrapposti creano un gioco percettivo fra riflessione e trasparenza.,https://glasitalia.com/en/product/fragment
p186,Prism Glass Wardrobe,Glas Italia,Tokujin Yoshioka,,Anno non consolidato,Contenitore,vetro,1000,1950,600,Ingombro documentato della variante,La lavorazione ottica dei bordi dà al contenitore un carattere prismatico.,https://www.glasitalia.com/storage/16/44/6034/Rj2vEIU9.pdf
p187,Deep Sea,Glas Italia,Nendo,2014,Cronologia di riferimento da consolidare,Libreria,vetro,1420,1910,360,Ingombro ipotetico di studio,La profondità cromatica rende il contenimento una sequenza luminosa.,https://www.glasitalia.com/it/prodotto/deep-sea
p188,Spaghetti,Alias,Giandomenico Belotti,1979,Cronologia di riferimento da consolidare,Sedia,"acciaio, PVC",460,820,520,Ingombro ipotetico di studio,La leggerezza del reticolo porta un materiale ordinario nella seduta di design.,https://alias.design/it/prodotti/green-sun-lounger
p189,Seconda,Alias,Mario Botta,1982,Anno riscontrato nella fonte specifica,Sedia,"acciaio, poliuretano",460,820,520,Ingombro ipotetico di studio,La composizione usa cilindri e linee come un piccolo progetto architettonico.,https://alias.design/de/produkte/seconda
p190,Laleggera,Alias,Riccardo Blumer,1996,Anno riscontrato nella fonte specifica,Sedia,"legno, poliuretano",460,820,520,Ingombro ipotetico di studio,Il Compasso d'Oro del 1998 premia il rapporto fra tecnologia composita e leggerezza.,https://alias.design/en/products/laleggera-stool
p191,Bigframe 44,Alias,Alberto Meda,1994,Anno riscontrato nella fonte specifica,Sedia,"alluminio, tessuto",460,820,520,Ingombro ipotetico di studio,La combinazione dei materiali riduce la massa mantenendo una superficie continua d'appoggio.,https://alias.design/it/prodotti/bigframe-44
p192,Softer Than Steel,Desalto,Nendo,2014,Anno riscontrato nella fonte specifica,Panca,acciaio,2200,450,550,Ingombro ipotetico di studio,La deformazione controllata rende la lamiera visivamente morbida.,https://www.desalto.it/it/prodotti/complementi/softer-than-steel
p193,Clay,Desalto,Marc Krusin,2015,Anno riscontrato nella fonte specifica,Tavolo,"composito, acciaio",2200,750,1000,Ingombro ipotetico di studio,La riduzione dei supporti a una coppia di solidi genera un tavolo scultoreo.,https://www.desalto.it/it/prodotti/tavoli/clay
p194,Helsinki,Desalto,Caronni e Bonanomi,1995,Cronologia di riferimento da consolidare,Tavolo,"acciaio, vetro",2320,750,980,Ingombro ipotetico di studio,La leggibilità del giunto consente un sistema di tavoli e superfici di lavoro.,https://www.desalto.it/it/prodotti/tavoli/helsinki-30
p195,Element,Desalto,Tokujin Yoshioka,2013,Anno riscontrato nella fonte specifica,Tavolo,"acciaio, legno",2200,750,1000,Ingombro ipotetico di studio,La composizione di piani sembra sospesa su una diagonale minima.,https://www.desalto.it/it/prodotti/tavoli/element
p196,Getsuen,Edra,Masanori Umeda,1990,Cronologia di riferimento da consolidare,Poltrona,"acciaio, tessuto, poliuretano",850,880,860,Ingombro ipotetico di studio,La forma naturale fuori scala diventa un'apparecchiatura di comfort.,https://www.edra.com/it/product/Getsuen/Getsuen
p197,Vermelha,Edra,Fernando e Humberto Campana,1993,Cronologia di riferimento da consolidare,Poltrona,"acciaio, corda",850,880,860,Ingombro ipotetico di studio,La lavorazione manuale e il groviglio controllato diventano la struttura visiva della seduta.,https://www.edra.com/it/product/Vermelha/Vermelha
p198,Boa,Edra,Fernando e Humberto Campana,2002,Cronologia di riferimento da consolidare,Divano,"tessuto, poliuretano",2300,820,950,Ingombro ipotetico di studio,L'assenza di una postura frontale definita crea un paesaggio morbido.,https://www.edra.com/it/product/Boa/Boa
p199,On the Rocks,Edra,Francesco Binfaré,2004,Cronologia di riferimento da consolidare,Divano,"tessuto, poliuretano",2300,820,950,Ingombro ipotetico di studio,La libera aggregazione dei moduli mette al centro l'uso informale dello spazio.,https://www.edra.com/it/product/OnTheRocks/on-the-rocks
p200,Standard,Edra,Francesco Binfaré,2013,Cronologia di riferimento da consolidare,Divano,"acciaio, tessuto, poliuretano",2550,820,1010,Ingombro ipotetico di studio,La regolazione dello schienale permette posture diverse nello stesso sistema.,https://www.edra.com/it/product/Standard/Standard
